gvkey,symbol,company,fiscal_period_end_date,period_key,reason,removed_source_row,superseded_by_source_row,n_values_on_removed_row,removed_total_current_assets,removed_total_current_liabilities,removed_net_ppe,removed_goodwill,removed_total_assets,removed_total_liabilities,removed_ebit,removed_pretax_income,removed_tax_provision_raw,removed_short_term_debt,removed_long_term_debt,removed_market_cap
001076,PRG,PROG HOLDINGS INC,1995-03-31,1995Q1,SAME_GVKEY_AND_DATE_VALUES_MERGED,4611,4610,8,,,145.537,,157.52700000000002,72.57600000000001,6.267,5.4190000000000005,2.081,43.159,0.0,
001103,5848B,ACME PRECISION PRODUCTS INC,1966-12-31,1966Q4,SAME_GVKEY_AND_DATE_VALUES_MERGED,6070,6069,0,,,,,,,,,,,,
001098,AMT.1,ACME-CLEVELAND CORP,1968-12-31,1968Q4,SAME_GVKEY_AND_DATE_VALUES_MERGED,6321,6320,3,,,,,,,16.720000000000002,4.618,2.19,,,
001117,BKTI,BK TECHNOLOGIES CORP,1990-03-31,1990Q1,SAME_GVKEY_AND_DATE_VALUES_MERGED,7593,7592,10,41.601,26.19,14.332,,62.614000000000004,40.786,0.606,0.29200000000000004,0.116,8.878,13.022,
001121,AE,ADAMS RESOURCES & ENERGY INC,1979-03-31,1979Q1,SAME_GVKEY_AND_DATE_VALUES_MERGED,8116,8114,10,21.189,13.913,48.940000000000005,,70.97200000000001,47.49,0.281,-0.394,-0.55,4.976,27.317,
001161,AMD,ADVANCED MICRO DEVICES,1987-03-31,1987Q1,SAME_GVKEY_AND_DATE_VALUES_MERGED,9690,9689,10,426.26300000000003,188.965,414.61400000000003,,843.543,371.081,-3.1020000000000003,4.958,2.068,36.733000000000004,133.96,
001224,EGN1,SPIRE ALABAMA INC,2013-12-31,2013Q4,SAME_GVKEY_AND_DATE_VALUES_MERGED,13131,13130,11,183.745,232.163,885.509,0.0,1198.075,813.495,34.800000000000004,31.641000000000002,11.799000000000001,50.0,249.923,
001255,AEOK,ALEXANDER ENERGY CORP,1988-03-31,1988Q1,SAME_GVKEY_AND_DATE_VALUES_MERGED,15945,15944,10,3.2790000000000004,6.085,25.203000000000003,,28.554000000000002,17.464000000000002,-0.221,-0.559,0.0,0.42600000000000005,10.154,
001277,5566C,ALLECO INC,1987-12-31,1987Q4,SAME_GVKEY_AND_DATE_VALUES_MERGED,17468,17467,10,242.66000000000003,27.783,1.7670000000000001,,319.784,219.228,-0.048,3.323,0.0,1.5110000000000001,189.949,
001277,5566C,ALLECO INC,1988-03-31,1988Q1,SAME_GVKEY_AND_DATE_VALUES_MERGED,17470,17469,10,224.263,25.177,1.468,,309.389,216.57500000000002,-0.029,-1.364,0.0,0.668,189.81300000000002,
001278,3SOCNQ,SUNBEAM CORPORATION,1986-12-31,1986Q4,SAME_GVKEY_AND_DATE_VALUES_MERGED,17605,17604,10,699.267,632.005,128.394,,1282.6200000000001,1075.424,-1.2,-112.59,3.29,418.805,335.368,
001285,6024B,ALLIANCE TIRE &RUBBER  -CL A,1975-03-31,1975Q1,SAME_GVKEY_AND_DATE_VALUES_MERGED,18244,18243,0,,,,,,,,,,,,
001327,SWKS,SKYWORKS SOLUTIONS INC,2001-12-31,2001Q4,SAME_GVKEY_AND_DATE_VALUES_MERGED,20310,20309,3,,,,,,,-30.8,-30.748,3.5490000000000004,,,
001327,SWKS,SKYWORKS SOLUTIONS INC,2002-03-31,2002Q1,SAME_GVKEY_AND_DATE_VALUES_MERGED,20312,20311,3,,,,,,,-17.560000000000002,-17.618000000000002,0.7210000000000001,,,
001344,4156B,ALTEC CORP,1971-12-31,1971Q4,SAME_GVKEY_AND_DATE_VALUES_MERGED,21153,21152,10,27.351000000000003,12.31,4.628,,39.664,24.618000000000002,2.523,0.68,0.319,2.3120000000000003,12.308,
001367,3AMBEQ,AMBER RESOURCES CO OF COLO,1993-09-30,1993Q3,SAME_GVKEY_AND_DATE_VALUES_MERGED,22498,22497,10,0.20800000000000002,0.8410000000000001,3.371,,3.588,1.244,0.026000000000000002,0.026000000000000002,0.0,0.0,0.0,
001367,3AMBEQ,AMBER RESOURCES CO OF COLO,1993-12-31,1993Q4,SAME_GVKEY_AND_DATE_VALUES_MERGED,22500,22499,10,0.20500000000000002,0.9630000000000001,3.39,,3.604,1.235,0.024,0.025,0.0,0.0,0.0,
001433,ADGN,AMERICAN DIAGNOSTICS CORP,1982-09-30,1982Q3,SAME_GVKEY_AND_DATE_VALUES_MERGED,26767,26766,10,1.9040000000000001,1.2710000000000001,0.7040000000000001,,2.809,1.2710000000000001,0.014,-0.167,0.0,0.891,0.0,
001477,DIVC.1,DIVERSICARE CP OF AMER,1988-03-31,1988Q1,SAME_GVKEY_AND_DATE_VALUES_MERGED,29478,29476,10,8.194,37.523,30.485000000000003,,43.985,52.652,1.516,0.556,0.20400000000000001,28.939,15.129000000000001,
001491,HAIPF,INFINYA LTD,1985-03-31,1985Q1,SAME_GVKEY_AND_DATE_VALUES_MERGED,30453,30452,7,42.726,21.147000000000002,56.198,,107.78,39.013000000000005,,,,3.813,17.866,
001497,DMNG,DAMON GROUP INC,1988-12-31,1988Q4,SAME_GVKEY_AND_DATE_VALUES_MERGED,30890,30889,10,8.157,2.773,13.341000000000001,,34.441,12.173,0.028,-0.15,0.01,0.0,9.4,
001602,AMGN,AMGEN INC,1991-03-31,1991Q1,SAME_GVKEY_AND_DATE_VALUES_MERGED,37633,37631,10,326.903,103.194,165.744,,514.0260000000001,116.01100000000001,52.033,56.896,20.025000000000002,1.651,12.817,
001620,4072A,AMSTAR CORP,1968-09-30,1968Q3,SAME_GVKEY_AND_DATE_VALUES_MERGED,39230,39229,2,,,,,,,,6.2700000000000005,3.08,,,
001620,4072A,AMSTAR CORP,1968-12-31,1968Q4,SAME_GVKEY_AND_DATE_VALUES_MERGED,39232,39231,2,,,,,,,,5.38,2.49,,,
001640,3ADLN,ANDAL CORP,1984-12-31,1984Q4,SAME_GVKEY_AND_DATE_VALUES_MERGED,40499,40498,10,37.313,16.913,2.262,,66.768,48.247,-0.39,0.543,-0.115,5.507000000000001,20.361,
001654,ANGC,ANGELES CORP,1982-09-30,1982Q3,SAME_GVKEY_AND_DATE_VALUES_MERGED,41467,41465,10,16.172,16.142,3.983,,36.755,26.952,-0.033,-0.153,-0.078,9.136000000000001,10.109,
001654,ANGC,ANGELES CORP,1982-12-31,1982Q4,SAME_GVKEY_AND_DATE_VALUES_MERGED,41469,41468,10,20.794,16.633,3.552,,48.116,32.176,3.156,2.338,0.884,6.837000000000001,13.129000000000001,
001675,ATM.1,ANTHEM ELECTRONICS INC,1986-03-31,1986Q1,SAME_GVKEY_AND_DATE_VALUES_MERGED,42904,42903,10,44.776,4.692,1.6980000000000002,,46.474000000000004,4.692,1.472,1.603,0.76,0.0,0.0,
001681,ASOE,APOLLO SOLAR ENERGY INC,2008-03-31,2008Q1,SAME_GVKEY_AND_DATE_VALUES_MERGED,43569,43568,12,0.0,0.015000000000000001,0.0,0.0,0.0,0.015000000000000001,0.625,0.632,0.157,0.0,0.0,2.22
001739,8227B,HOMEFREE VILLAGE RESORTS,1988-03-31,1988Q1,SAME_GVKEY_AND_DATE_VALUES_MERGED,47058,47057,10,1.387,0.79,3.3680000000000003,,4.921,1.663,0.08900000000000001,-0.14100000000000001,-0.056,0.369,0.14100000000000001,
001783,ARTW,ARTS WAY MFG INC,1997-02-28,1996Q4,SAME_GVKEY_AND_DATE_VALUES_MERGED,50041,50040,10,10.075000000000001,4.769,2.918,,12.993,6.6290000000000004,0.044000000000000004,-0.036000000000000004,-0.012,2.012,1.7000000000000002,
001783,ARTW,ARTS WAY MFG INC,1997-05-31,1997Q1,SAME_GVKEY_AND_DATE_VALUES_MERGED,50043,50042,10,12.211,6.822,3.003,,15.214,8.624,0.49500000000000005,0.34400000000000003,0.12100000000000001,3.115,1.7080000000000002,
001788,ASM.2,ASAMERA INC,1981-03-31,1981Q1,SAME_GVKEY_AND_DATE_VALUES_MERGED,50446,50445,10,105.194,82.89800000000001,65.349,,185.407,112.67800000000001,6.727,5.714,2.1100000000000003,21.900000000000002,28.081000000000003,
001868,ASAM,ASSURANCEAMERICA CORP,2003-03-31,2003Q1,SAME_GVKEY_AND_DATE_VALUES_MERGED,55315,55314,11,0.015000000000000001,0.030000000000000002,0.005,0.0,0.02,0.030000000000000002,0.149,0.019,0.0,0.0,0.0,
001875,3ATRC,AUTO-TROL TECHNOLOGY CORP,1986-12-31,1986Q4,SAME_GVKEY_AND_DATE_VALUES_MERGED,55652,55651,10,20.808,13.184000000000001,15.281,,45.162,20.814,0.156,-2.966,0.0,1.098,7.630000000000001,
001951,PRSNQ,BSD MEDICAL CORP,1987-11-30,1987Q3,SAME_GVKEY_AND_DATE_VALUES_MERGED,60277,60276,10,2.424,3.519,0.20900000000000002,,2.774,3.6100000000000003,-1.8920000000000001,-1.735,0.0,0.319,0.091,
001967,BAC.,BACHE GROUP INC,1972-10-31,1972Q3,SAME_GVKEY_AND_DATE_VALUES_MERGED,60492,60451,4,,,,,,,,0.8430000000000001,0.5800000000000001,366.32,20.471,
001953,CPLXQ,CERPLEX GROUP INC,1991-12-31,1991Q4,SAME_GVKEY_AND_DATE_VALUES_MERGED,60501,60500,10,21.835,5.266,5.41,,46.363,27.958000000000002,-0.8210000000000001,-1.661,-0.737,1.52,21.864,
001967,BAC.,BACHE GROUP INC,1973-01-31,1972Q4,SAME_GVKEY_AND_DATE_VALUES_MERGED,60623,60529,9,731.782,639.378,13.334000000000001,,762.104,657.863,,4.21,2.17,385.404,18.097,
002006,BTEC.1,BANCTEC INC-REDH,1995-03-31,1995Q1,SAME_GVKEY_AND_DATE_VALUES_MERGED,62545,62452,10,156.28300000000002,124.27000000000001,51.354,,307.36600000000004,170.238,1.957,0.645,0.1,33.232,42.459,
002013,BNC.2,BFC CONSTRUCTION CORP,1983-03-31,1983Q1,SAME_GVKEY_AND_DATE_VALUES_MERGED,65265,55844,10,41.308,34.85,31.032,,78.614,41.241,-0.741,-0.29100000000000004,0.406,11.438,1.1620000000000001,
002061,DFZ,BARRY (R G) CORP,2005-09-30,2005Q3,SAME_GVKEY_AND_DATE_VALUES_MERGED,69360,69358,11,58.245000000000005,40.956,2.549,0.0,64.046,55.697,4.976,4.285,0.026000000000000002,24.977,0.604,
002061,DFZ,BARRY (R G) CORP,2005-12-31,2005Q4,SAME_GVKEY_AND_DATE_VALUES_MERGED,69362,69361,11,36.066,15.348,2.371,0.0,41.831,30.722,5.742,4.8100000000000005,0.029,2.983,0.533,
002088,BGC.2,BAY STATE GAS,1985-12-31,1985Q4,SAME_GVKEY_AND_DATE_VALUES_MERGED,71286,71285,10,90.087,121.804,213.03300000000002,,321.35,223.662,14.037,12.190000000000001,6.119000000000001,36.347,65.506,
002109,SHGI,SPARX HLDGS GROUP,2021-09-30,2021Q3,SAME_GVKEY_AND_DATE_VALUES_MERGED,72450,72449,0,,,,,,,,,,,,
002109,SHGI,SPARX HLDGS GROUP,2021-12-31,2021Q4,SAME_GVKEY_AND_DATE_VALUES_MERGED,72452,72451,0,,,,,,,,,,,,
002147,BELW.,BELLWETHER EXPLORATION-OLD,1986-09-30,1986Q3,SAME_GVKEY_AND_DATE_VALUES_MERGED,74870,74869,10,2.978,2.536,13.16,,16.141000000000002,10.236,-0.079,-0.274,0.0,0.9600000000000001,7.431,
002147,BELW.,BELLWETHER EXPLORATION-OLD,1986-12-31,1986Q4,SAME_GVKEY_AND_DATE_VALUES_MERGED,74872,74871,10,2.4930000000000003,8.432,10.144,,12.856,10.069,-2.894,-3.1180000000000003,0.0,7.082000000000001,1.36,
002252,BIRT.1,BIRTCHER MEDICAL SYSTEMS,1984-09-30,1984Q3,SAME_GVKEY_AND_DATE_VALUES_MERGED,81434,81433,7,6.775,2.306,0.871,,7.686,4.006,,,,0.8510000000000001,1.7000000000000002,
002252,BIRT.1,BIRTCHER MEDICAL SYSTEMS,1984-12-31,1984Q4,SAME_GVKEY_AND_DATE_VALUES_MERGED,81436,81435,10,9.861,3.595,0.37,,10.270000000000001,3.6790000000000003,-1.459,-1.643,-0.78,0.309,0.084,
002354,BRAE,BRAE CORP,1986-03-31,1986Q1,SAME_GVKEY_AND_DATE_VALUES_MERGED,88868,88867,10,87.239,32.135,142.6,,267.601,198.585,-4.0360000000000005,-20.858,-6.1850000000000005,12.704,130.81300000000002,
002393,BGGSQ,BRIGGS & STRATTON,1965-09-30,1965Q3,SAME_GVKEY_AND_DATE_VALUES_MERGED,90349,90348,3,,,,,,,3.02,3.321,1.6700000000000002,,,
002393,BGGSQ,BRIGGS & STRATTON,1965-12-31,1965Q4,SAME_GVKEY_AND_DATE_VALUES_MERGED,90351,90350,3,,,,,,,8.85,6.180000000000001,3.18,,,
002402,MSGI,MSGI SECURITY SOLUTIONS INC,1983-09-30,1983Q3,SAME_GVKEY_AND_DATE_VALUES_MERGED,90719,90718,10,0.097,0.6930000000000001,0.667,,5.648000000000001,1.58,0.011000000000000001,0.17400000000000002,0.031,0.635,0.378,
002402,MSGI,MSGI SECURITY SOLUTIONS INC,1983-12-31,1983Q4,SAME_GVKEY_AND_DATE_VALUES_MERGED,90721,90720,10,0.05,1.175,0.665,,5.577,2.353,-0.35400000000000004,-0.3,0.021,0.635,0.377,
002416,BKE.,BROCK EXPLORATION CORP,1993-03-31,1993Q1,SAME_GVKEY_AND_DATE_VALUES_MERGED,91735,91734,10,4.466,3.3930000000000002,15.144,,20.449,12.268,0.5700000000000001,0.326,0.081,0.0,8.166,
002424,KSE.,KEYSPAN ENERGY CORP,1972-12-31,1972Q4,SAME_GVKEY_AND_DATE_VALUES_MERGED,92089,92088,4,,,328.18100000000004,,395.125,,,,,23.18,182.198,
002437,TBI.,BROWN (TOM) INC,1990-03-31,1990Q1,SAME_GVKEY_AND_DATE_VALUES_MERGED,93126,93125,10,5.167,5.636,84.66600000000001,,90.693,17.243000000000002,-1.348,-2.4,0.0,1.0,7.5,
002523,BYNIF,BYNAMICS INC,1984-04-30,1984Q1,SAME_GVKEY_AND_DATE_VALUES_MERGED,98010,98009,0,,,,,,,,,,,,
002549,CIT.1,CIT GROUP INC-OLD,2000-12-31,2000Q4,SAME_GVKEY_AND_DATE_VALUES_MERGED,99951,99950,9,,24304.5,7190.6,,48689.8,42682.6,920.6,257.5,97.4,20483.8,17731.3,
002552,5092B,CME-SAT INC,1984-02-29,1983Q4,SAME_GVKEY_AND_DATE_VALUES_MERGED,100074,100073,10,0.6,0.545,0.198,,0.8430000000000001,0.545,-0.7120000000000001,-0.685,0.0,0.15,0.0,
002557,6436B,CMX CORP,1984-09-30,1984Q3,SAME_GVKEY_AND_DATE_VALUES_MERGED,100617,100616,10,6.542000000000001,4.932,0.8440000000000001,,7.581,6.502000000000001,0.273,0.049,0.0,2.9690000000000003,1.57,
002557,6436B,CMX CORP,1984-12-31,1984Q4,SAME_GVKEY_AND_DATE_VALUES_MERGED,100619,100618,10,7.800000000000001,4.73,0.8520000000000001,,8.771,6.767,-0.881,-1.982,0.0,1.85,2.037,
002578,TLS,TELOS CORP/MD,1991-03-31,1991Q1,SAME_GVKEY_AND_DATE_VALUES_MERGED,102526,102525,10,48.747,23.374000000000002,5.016,,65.23400000000001,58.416000000000004,0.5800000000000001,-10.705,-0.546,0.0,26.579,
002738,CAI.2,CAPITOL INDS-EMI INC,1967-09-30,1967Q3,SAME_GVKEY_AND_DATE_VALUES_MERGED,109888,109887,0,,,,,,,,,,,,
002738,CAI.2,CAPITOL INDS-EMI INC,1967-12-31,1967Q4,SAME_GVKEY_AND_DATE_VALUES_MERGED,109890,109889,3,,,,,,,8.316,8.428,3.821,,,
002747,3CADC.,CARDIAC RESUSCITATOR CORP,1990-03-31,1990Q1,SAME_GVKEY_AND_DATE_VALUES_MERGED,110078,110077,10,0.273,0.8,0.0,,0.47900000000000004,0.8,-0.009000000000000001,-0.686,0.0,0.7050000000000001,0.0,
002751,CAH,CARDINAL HEALTH INC,1993-09-30,1993Q3,SAME_GVKEY_AND_DATE_VALUES_MERGED,110287,110286,10,643.417,279.48900000000003,40.589,,729.017,391.303,24.219,21.234,8.908000000000001,1.1860000000000002,109.509,
002751,CAH,CARDINAL HEALTH INC,1993-12-31,1993Q4,SAME_GVKEY_AND_DATE_VALUES_MERGED,110290,110288,10,754.6980000000001,379.70000000000005,40.459,,840.5,491.613,28.457,25.165000000000003,10.072000000000001,1.3860000000000001,109.608,
002751,CAH,CARDINAL HEALTH INC,1994-03-31,1994Q1,SAME_GVKEY_AND_DATE_VALUES_MERGED,110292,110291,10,1245.333,795.019,59.873000000000005,,1355.691,1007.7600000000001,36.84,-3.854,5.0760000000000005,95.488,210.27700000000002,
002795,BWY1,CARTER HAWLEY HALE CREDIT CP,1986-10-31,1986Q3,SAME_GVKEY_AND_DATE_VALUES_MERGED,112838,112837,8,,,0.0,,485.66700000000003,377.57300000000004,9.809000000000001,3.3360000000000003,1.7080000000000002,150.0,223.14200000000002,
002795,BWY1,CARTER HAWLEY HALE CREDIT CP,1987-01-31,1986Q4,SAME_GVKEY_AND_DATE_VALUES_MERGED,112840,112839,9,,48.361000000000004,0.0,,272.314,227.603,9.737,3.311,1.6940000000000002,42.9,179.24200000000002,
002796,BWY.1,BROADWAY STORES INC,1986-10-31,1986Q3,SAME_GVKEY_AND_DATE_VALUES_MERGED,112953,112952,9,1019.7280000000001,733.44,608.543,,1943.6360000000002,1286.538,,2.152,0.9,122.39500000000001,467.846,
002796,BWY.1,BROADWAY STORES INC,1987-01-31,1986Q4,SAME_GVKEY_AND_DATE_VALUES_MERGED,112955,112954,10,786.421,507.67900000000003,537.092,,1678.6200000000001,1054.413,77.94800000000001,9.360000000000001,18.6,54.839000000000006,468.021,
002803,CGC.2,CASCADE NATURAL GAS CORP,1995-12-31,1995Q4,SAME_GVKEY_AND_DATE_VALUES_MERGED,113638,113637,10,37.889,61.981,239.05,,296.898,200.508,10.272,7.865,2.666,32.0,102.10000000000001,
002812,DOLE.1,DOLE FOOD CO INC,1972-03-31,1972Q1,SAME_GVKEY_AND_DATE_VALUES_MERGED,114253,114252,5,,,,,,,13.604000000000001,10.307,4.804,59.212,157.213,
002812,DOLE.1,DOLE FOOD CO INC,1980-09-30,1980Q3,SAME_GVKEY_AND_DATE_VALUES_MERGED,114290,114289,10,740.822,379.296,399.458,,1275.309,771.119,18.026,8.918000000000001,3.5,125.90700000000001,329.68100000000004,
002812,DOLE.1,DOLE FOOD CO INC,1980-12-31,1980Q4,SAME_GVKEY_AND_DATE_VALUES_MERGED,114292,114291,10,701.522,347.535,405.47200000000004,,1264.086,766.2370000000001,19.221,10.427000000000001,3.85,138.75,345.817,
002832,CELP.1,CELLULAR PRODUCTS,1991-03-31,1991Q1,SAME_GVKEY_AND_DATE_VALUES_MERGED,116077,116076,10,1.8760000000000001,1.0310000000000001,1.852,,3.7720000000000002,1.558,-0.022000000000000002,-0.052000000000000005,0.0,0.49400000000000005,0.527,
002837,CQX1,CENERGY CORP,1985-03-31,1985Q1,SAME_GVKEY_AND_DATE_VALUES_MERGED,116321,116320,10,26.35,23.235,237.857,,273.66900000000004,161.359,3.6300000000000003,1.982,0.753,0.0,65.75,
002909,CHLN.1,CHALONE WINE GROUP LTD,2001-03-31,2001Q1,SAME_GVKEY_AND_DATE_VALUES_MERGED,122006,122005,10,70.947,29.566000000000003,67.197,,157.89100000000002,80.068,1.83,0.9630000000000001,0.42800000000000005,22.049,49.49,
002922,CHLR,CHANCELLOR CORP,1988-03-31,1988Q1,SAME_GVKEY_AND_DATE_VALUES_MERGED,122908,122907,8,,,112.087,,247.494,205.91400000000002,2.43,-0.48400000000000004,-0.21000000000000002,50.545,116.399,
002930,CODA.1,CODA ENERGY INC,1986-09-30,1986Q3,SAME_GVKEY_AND_DATE_VALUES_MERGED,123210,123209,10,8.212,27.923000000000002,48.134,,57.139,48.650000000000006,-1.4320000000000002,-2.247,0.0,18.869,20.727,
002930,CODA.1,CODA ENERGY INC,1986-12-31,1986Q4,SAME_GVKEY_AND_DATE_VALUES_MERGED,123212,123211,10,5.056,48.212,29.895000000000003,,35.578,48.212,-15.981000000000002,-21.785,0.0,39.523,0.0,
002950,CHTT,CHATTEM INC,1989-02-28,1988Q4,SAME_GVKEY_AND_DATE_VALUES_MERGED,124317,124316,10,24.022000000000002,11.612,6.556,,56.529,40.789,1.3800000000000001,0.911,0.36100000000000004,7.94,26.692,
002950,CHTT,CHATTEM INC,1989-05-31,1989Q1,SAME_GVKEY_AND_DATE_VALUES_MERGED,124319,124318,10,33.135000000000005,21.171,6.956,,66.836,48.822,4.178,3.4370000000000003,0.9520000000000001,12.096,25.380000000000003,
003020,CRXR,CHRONAR CORP,1984-03-31,1984Q1,SAME_GVKEY_AND_DATE_VALUES_MERGED,129325,129324,10,1.9800000000000002,3.339,1.9300000000000002,,4.79,3.8440000000000003,-1.08,-0.9500000000000001,0.0,0.7230000000000001,0.005,
003055,CRLI,CIRCUIT RESEARCH LABS INC,1985-03-31,1985Q1,SAME_GVKEY_AND_DATE_VALUES_MERGED,132441,132440,10,1.804,0.219,0.5840000000000001,,2.402,0.526,0.036000000000000004,0.048,-0.004,0.029,0.307,
003212,CTM.1,COM SYSTEMS INC,1986-03-31,1986Q1,SAME_GVKEY_AND_DATE_VALUES_MERGED,142404,142403,10,4.659,6.899,4.194,,9.561,14.054,0.743,0.49000000000000005,0.167,2.948,4.3180000000000005,
003220,MCCI,MARKETING CONCEPTS INTERNATI,1997-03-31,1997Q1,SAME_GVKEY_AND_DATE_VALUES_MERGED,142898,142897,0,,,,,,,,,,,,
003270,CTIG,CTI GROUP HOLDINGS INC,2000-03-31,2000Q1,SAME_GVKEY_AND_DATE_VALUES_MERGED,146818,146817,10,1.131,2.076,0.183,,1.721,2.076,0.8470000000000001,6.9110000000000005,2.694,0.05,0.0,
003283,CEM.1,COMPO INDS,1976-12-31,1976Q4,SAME_GVKEY_AND_DATE_VALUES_MERGED,147913,147912,10,12.082,2.93,5.341,,17.528000000000002,9.475,0.24000000000000002,0.159,0.07100000000000001,0.152,6.266,
003311,PURW,PURE WORLD INC,1988-03-31,1988Q1,SAME_GVKEY_AND_DATE_VALUES_MERGED,149118,149116,3,,,,,,,0.11800000000000001,0.11800000000000001,0.045000000000000005,,,
003343,CPTLQ,CTC COMMUNICATIONS GROUP INC,2000-03-31,2000Q1,SAME_GVKEY_AND_DATE_VALUES_MERGED,150623,150622,10,63.635000000000005,58.974000000000004,91.235,,162.233,177.93300000000002,-12.508000000000001,-16.285,0.0,10.163,118.959,
003367,CMTX,COMTEX NEWS NETWORK INC,1987-09-30,1987Q3,SAME_GVKEY_AND_DATE_VALUES_MERGED,151787,151786,10,0.937,0.449,0.457,,2.782,1.9600000000000002,-0.136,-0.152,0.0,0.194,1.435,
003367,CMTX,COMTEX NEWS NETWORK INC,1987-12-31,1987Q4,SAME_GVKEY_AND_DATE_VALUES_MERGED,151789,151788,10,0.8330000000000001,0.525,0.509,,2.601,1.994,-0.17200000000000001,-0.21400000000000002,0.0,0.188,1.3920000000000001,
003367,CMTX,COMTEX NEWS NETWORK INC,1988-03-31,1988Q1,SAME_GVKEY_AND_DATE_VALUES_MERGED,151791,151790,10,0.797,0.535,0.454,,2.346,1.893,-0.11800000000000001,-0.168,0.004,0.17500000000000002,1.358,
003391,CNE.2,CONNECTICUT ENERGY CORP,1988-12-31,1988Q4,SAME_GVKEY_AND_DATE_VALUES_MERGED,153278,153277,10,42.722,49.106,166.97,,214.458,134.71800000000002,9.690000000000001,7.179,2.799,16.849,69.137,
003393,CTG.2,CTG RESOURCES INC,1989-12-31,1989Q4,SAME_GVKEY_AND_DATE_VALUES_MERGED,153592,153591,10,71.922,46.775000000000006,218.80700000000002,,370.248,264.73,16.578,13.547,6.315,6.688000000000001,125.417,
003445,CYN.2,CONSYNE CORP,1970-03-31,1970Q1,SAME_GVKEY_AND_DATE_VALUES_MERGED,157088,157087,2,,,,,,,,0.09000000000000001,0.046,,,
003461,KUAL,KUALA HEALTHCARE INC,1994-09-30,1994Q3,SAME_GVKEY_AND_DATE_VALUES_MERGED,157561,157560,10,11.687000000000001,14.435,9.780000000000001,,30.664,27.324,0.17500000000000002,0.07100000000000001,0.018000000000000002,3.214,10.849,
003461,KUAL,KUALA HEALTHCARE INC,1994-12-31,1994Q4,SAME_GVKEY_AND_DATE_VALUES_MERGED,157563,157562,10,11.117,15.509,9.903,,30.485000000000003,27.98,-0.778,-0.652,0.128,3.165,10.806000000000001,
003464,CNY.3,CONTINENTAL INFO SYS  -OLD,1984-05-31,1984Q1,SAME_GVKEY_AND_DATE_VALUES_MERGED,157724,157723,9,,156.77,271.07,,426.22400000000005,405.345,13.177000000000001,2.817,1.709,136.0,237.709,
003480,4622B,CERIDIAN CORP,1963-09-30,1963Q3,SAME_GVKEY_AND_DATE_VALUES_MERGED,158590,158589,0,,,,,,,,,,,,
003480,4622B,CERIDIAN CORP,1963-12-31,1963Q4,SAME_GVKEY_AND_DATE_VALUES_MERGED,158592,158591,0,,,,,,,,,,,,
003533,CNIG,CORNING NATURAL GAS HLDG CP,1995-12-31,1995Q4,SAME_GVKEY_AND_DATE_VALUES_MERGED,161905,161904,10,3.891,7.04,14.157,,21.813000000000002,16.714000000000002,0.544,0.406,0.094,3.915,6.300000000000001,
003587,3CRZYQ,CRAZY EDDIE INC,1984-05-31,1984Q1,SAME_GVKEY_AND_DATE_VALUES_MERGED,164638,164633,10,27.837,30.795,1.844,,37.065000000000005,30.841,4.92,5.024,2.617,3.52,0.046,
003604,CN.2,CRITON CORP,1975-04-30,1975Q1,SAME_GVKEY_AND_DATE_VALUES_MERGED,165888,165887,10,15.629000000000001,6.478000000000001,5.67,,23.36,6.925000000000001,2.65,1.036,0.497,0.189,0.447,
003639,CUB.1,CUBIC CORP,1974-12-31,1974Q4,SAME_GVKEY_AND_DATE_VALUES_MERGED,168222,168221,10,36.873000000000005,12.025,6.807,,46.924,22.488,-1.356,-3.958,-1.9500000000000002,2.976,10.418000000000001,
003657,CBI.3,CURTICE-BURNS FOOD  -CL A,1973-09-30,1973Q3,SAME_GVKEY_AND_DATE_VALUES_MERGED,169671,169670,0,,,,,,,,,,,,
003657,CBI.3,CURTICE-BURNS FOOD  -CL A,1973-12-31,1973Q4,SAME_GVKEY_AND_DATE_VALUES_MERGED,169673,169672,0,,,,,,,,,,,,
003657,CBI.3,CURTICE-BURNS FOOD  -CL A,1974-03-31,1974Q1,SAME_GVKEY_AND_DATE_VALUES_MERGED,169675,169674,0,,,,,,,,,,,,
003688,2919B,DCL INC,1980-09-30,1980Q3,SAME_GVKEY_AND_DATE_VALUES_MERGED,170931,170930,8,0.09000000000000001,,,,9.341000000000001,0.76,0.276,0.635,0.368,0.0,0.224,
003688,2919B,DCL INC,1980-12-31,1980Q4,SAME_GVKEY_AND_DATE_VALUES_MERGED,170933,170932,10,0.16,0.6980000000000001,1.373,,10.086,0.879,0.14800000000000002,0.646,0.14700000000000002,0.0,0.18100000000000002,
003732,3DMSOF,DAMSON OIL,1978-12-31,1978Q4,SAME_GVKEY_AND_DATE_VALUES_MERGED,172941,172940,10,26.339000000000002,24.857000000000003,44.195,,76.9,50.185,0.36200000000000004,-0.277,-0.096,3.466,23.346,
003754,2877B,DATA AUTOMATION CO INC,1983-10-31,1983Q3,SAME_GVKEY_AND_DATE_VALUES_MERGED,174209,174208,10,1.5270000000000001,1.242,1.054,,2.9250000000000003,1.9440000000000002,0.159,0.113,0.041,0.926,0.47200000000000003,
003754,2877B,DATA AUTOMATION CO INC,1984-01-31,1983Q4,SAME_GVKEY_AND_DATE_VALUES_MERGED,174211,174210,10,1.609,0.609,1.008,,2.955,2.073,-0.051000000000000004,-0.10300000000000001,-0.039,0.171,1.248,
003803,DAMIF,DAVID MINERALS LTD,1984-12-31,1984Q4,SAME_GVKEY_AND_DATE_VALUES_MERGED,176873,176872,10,0.049,6.936,14.572000000000001,,14.821000000000002,6.936,-0.374,-1.365,0.0,5.039000000000001,0.0,
003819,7413B,DE ROSE INDUSTRIES,1986-12-31,1986Q4,SAME_GVKEY_AND_DATE_VALUES_MERGED,178164,178163,10,4.890000000000001,2.737,3.161,,8.280000000000001,6.915,-0.76,-0.809,0.0,0.7230000000000001,3.951,
003854,DLDAQ,DELTA DATA SYSTEMS CORP,1986-12-31,1986Q4,SAME_GVKEY_AND_DATE_VALUES_MERGED,180868,180867,10,11.261000000000001,9.012,1.4080000000000001,,12.817,9.536,0.14100000000000001,0.062,0.0,3.701,0.524,
003854,DLDAQ,DELTA DATA SYSTEMS CORP,1987-03-31,1987Q1,SAME_GVKEY_AND_DATE_VALUES_MERGED,180870,180869,10,9.988000000000001,8.994,1.7140000000000002,,11.780000000000001,10.535,-2.044,-2.108,0.0,2.7880000000000003,1.5410000000000001,
003862,AMCVQ,AMERICAN CLASSIC VOYAGES CO,1993-03-31,1993Q1,SAME_GVKEY_AND_DATE_VALUES_MERGED,181370,181369,10,28.146,22.205000000000002,38.354,,66.5,24.591,0.559,0.748,0.279,0.0,0.0,
003869,DEN.1,DENNY'S INC,1966-09-30,1966Q3,SAME_GVKEY_AND_DATE_VALUES_MERGED,181890,181889,2,,,,,,,,0.8390000000000001,0.277,,,
003869,DEN.1,DENNY'S INC,1966-12-31,1966Q4,SAME_GVKEY_AND_DATE_VALUES_MERGED,181892,181891,3,,,,,,,2.65,0.48300000000000004,0.033,,,
003872,HTEC.1,HYDRON TECHNOLOGIES INC,2006-12-31,2006Q4,SAME_GVKEY_AND_DATE_VALUES_MERGED,182096,182094,12,0.34400000000000003,1.0130000000000001,0.12100000000000001,0.0,0.898,1.0370000000000001,-0.217,-0.231,0.0,0.189,0.024,2.0791
003886,GRI.2,GRISTEDES FOODS INC,1997-02-28,1996Q4,SAME_GVKEY_AND_DATE_VALUES_MERGED,182584,182583,10,8.576,9.663,12.643,,22.815,14.657,0.5880000000000001,0.371,0.002,2.2,4.2,
003905,CVSA,COVISTA INC,1987-09-30,1987Q3,SAME_GVKEY_AND_DATE_VALUES_MERGED,183636,183635,0,,,,,,,,,,,,
003905,CVSA,COVISTA INC,1987-12-31,1987Q4,SAME_GVKEY_AND_DATE_VALUES_MERGED,183638,183637,0,,,,,,,,,,,,
003952,1989B,DIGITAL APPLICATIONS INC,1982-09-30,1982Q3,SAME_GVKEY_AND_DATE_VALUES_MERGED,186765,186764,10,0.457,0.272,0.42200000000000004,,1.82,0.382,-0.29500000000000004,-0.269,-0.124,0.051000000000000004,0.094,
003952,1989B,DIGITAL APPLICATIONS INC,1982-12-31,1982Q4,SAME_GVKEY_AND_DATE_VALUES_MERGED,186767,186766,10,0.325,0.252,0.381,,1.722,0.382,-0.201,-0.18000000000000002,-0.082,0.057,0.116,
003952,1989B,DIGITAL APPLICATIONS INC,1983-03-31,1983Q1,SAME_GVKEY_AND_DATE_VALUES_MERGED,186769,186768,10,0.602,0.507,0.338,,1.8840000000000001,0.617,-0.16,-0.136,-0.063,0.053000000000000005,0.11,
004157,ESK.1,ESKEY INC,1984-09-30,1984Q3,SAME_GVKEY_AND_DATE_VALUES_MERGED,199460,199459,10,27.856,22.342000000000002,36.429,,66.63600000000001,42.249,0.14300000000000002,-0.217,-0.065,0.029,15.847000000000001,
004157,ESK.1,ESKEY INC,1984-12-31,1984Q4,SAME_GVKEY_AND_DATE_VALUES_MERGED,199462,199461,10,23.817,19.848000000000003,30.758000000000003,,56.458000000000006,37.525,-0.186,-3.758,-1.818,0.0,14.845,
004173,MXXH,MATRIXX RESOURCE HLDGS INC,2002-09-30,2002Q3,SAME_GVKEY_AND_DATE_VALUES_MERGED,200244,200243,11,0.013000000000000001,0.039,0.0,0.0,0.013000000000000001,0.039,-0.185,-0.185,0.0,0.0,0.0,
004173,MXXH,MATRIXX RESOURCE HLDGS INC,2002-12-31,2002Q4,SAME_GVKEY_AND_DATE_VALUES_MERGED,200246,200245,11,0.20800000000000002,0.365,0.0,0.0,0.20800000000000002,0.365,-0.027,-0.027,0.0,0.2,0.0,
004173,MXXH,MATRIXX RESOURCE HLDGS INC,2003-03-31,2003Q1,SAME_GVKEY_AND_DATE_VALUES_MERGED,200248,200247,11,0.29700000000000004,0.268,0.0,0.0,0.29700000000000004,0.268,-0.129,-0.129,0.0,0.2,0.0,
004245,ELN,ELAN CORP PLC,1997-03-31,1997Q1,SAME_GVKEY_AND_DATE_VALUES_MERGED,205096,205095,10,367.08000000000004,89.928,95.879,,769.0400000000001,198.54500000000002,31.542,37.53,0.393,0.0,106.012,
004248,ELBT,ELBIT LTD,1987-03-31,1987Q1,SAME_GVKEY_AND_DATE_VALUES_MERGED,205190,205189,9,112.492,58.628,38.251000000000005,,160.006,78.14800000000001,,7.602,2.403,18.275000000000002,14.121,
004311,ELRNF,ELRON VENTURES LTD,1987-03-31,1987Q1,SAME_GVKEY_AND_DATE_VALUES_MERGED,207991,207990,10,110.28,64.87,39.759,,187.87,100.366,5.073,-10.120000000000001,1.8290000000000002,21.092000000000002,30.097,
004312,ELT.1,ELSCINT LTD,1988-03-31,1988Q1,SAME_GVKEY_AND_DATE_VALUES_MERGED,208147,208146,10,145.252,138.275,27.361,,184.05700000000002,185.875,3.0,-12.525,0.0,77.48100000000001,47.6,
004322,MSN,EMERSON RADIO CORP,1990-03-31,1990Q1,SAME_GVKEY_AND_DATE_VALUES_MERGED,208839,208838,10,317.95300000000003,195.58200000000002,14.172,,338.87800000000004,244.11200000000002,-0.739,-4.6290000000000004,-1.752,172.276,46.166000000000004,
004358,EM.2,ENERGY MINERALS CORP-COLO,1981-03-31,1981Q1,SAME_GVKEY_AND_DATE_VALUES_MERGED,210679,210678,10,3.371,3.311,23.658,,29.385,9.795,0.6910000000000001,0.254,0.082,0.34800000000000003,0.253,
004378,EAIC,ENERGY ASSETS INTL CORP,1988-03-31,1988Q1,SAME_GVKEY_AND_DATE_VALUES_MERGED,211674,211673,7,4.398000000000001,5.299,7.597,,13.903,7.8580000000000005,,,,0.5730000000000001,0.9680000000000001,
004446,1439B,ERNST (E.C.) INC,1986-03-31,1986Q1,SAME_GVKEY_AND_DATE_VALUES_MERGED,215459,215458,10,8.131,7.711,0.29500000000000004,,9.279,70.62,-1.121,-1.0430000000000001,0.0,0.0,0.0,
004463,ETZLF,ETZ LAVUD LTD,1987-03-31,1987Q1,SAME_GVKEY_AND_DATE_VALUES_MERGED,217116,217115,10,23.265,18.485,9.125,,39.407000000000004,23.207,1.292,1.54,0.38,6.23,3.2910000000000004,
004526,FBRC.,FABRICLAND INC,1983-09-30,1983Q3,SAME_GVKEY_AND_DATE_VALUES_MERGED,221237,221236,10,12.938,8.063,2.399,,15.545,9.134,0.7010000000000001,0.559,0.252,4.0840000000000005,0.4,
004526,FBRC.,FABRICLAND INC,1983-12-31,1983Q4,SAME_GVKEY_AND_DATE_VALUES_MERGED,221239,221238,10,12.888,6.409000000000001,2.466,,15.510000000000002,8.718,0.8490000000000001,0.744,0.36300000000000004,2.442,1.599,
004545,FA2,FAIRCHILD INDUSTRIES INC,1988-09-30,1988Q3,SAME_GVKEY_AND_DATE_VALUES_MERGED,221900,221899,10,283.261,111.68700000000001,85.456,,452.798,290.66700000000003,8.588000000000001,6.596,2.581,7.426,99.373,
004545,FA2,FAIRCHILD INDUSTRIES INC,1988-12-31,1988Q4,SAME_GVKEY_AND_DATE_VALUES_MERGED,221903,221901,10,259.742,122.524,92.049,,441.07500000000005,287.33500000000004,8.146,6.211,2.484,24.255000000000003,82.402,
004556,FAL.3,FALL RIVER GAS CO,1991-12-31,1991Q4,SAME_GVKEY_AND_DATE_VALUES_MERGED,222676,222674,10,13.369,20.556,28.731,,45.498000000000005,34.046,0.896,0.74,0.192,13.72,7.74,
004632,LSTA,LISATA THERAPEUTICS INC,1998-03-31,1998Q1,SAME_GVKEY_AND_DATE_VALUES_MERGED,227630,227629,10,1.129,0.26,0.001,,1.1300000000000001,0.26,-0.054,-0.042,0.0,0.0,0.0,
004692,FCY.2,FIRST CITY INDUSTRIES INC,1983-01-31,1982Q4,SAME_GVKEY_AND_DATE_VALUES_MERGED,230935,230934,9,,44.012,0.0,,124.14500000000001,53.083000000000006,1.072,0.878,0.36100000000000004,21.816000000000003,9.071,
004748,RSR1,RINI-REGO SUPERMARKET,1988-09-30,1988Q3,SAME_GVKEY_AND_DATE_VALUES_MERGED,234968,234967,10,102.58,67.45400000000001,60.736000000000004,,172.781,154.312,-5.465,-3.7030000000000003,0.0,2.21,74.85300000000001,
004748,RSR1,RINI-REGO SUPERMARKET,1988-12-31,1988Q4,SAME_GVKEY_AND_DATE_VALUES_MERGED,234970,234969,9,93.17800000000001,56.21,60.627,,162.67100000000002,147.335,-0.777,-3.133,0.0,,80.759,
004803,3406B,AMERISTEEL CORP,2000-03-31,2000Q1,SAME_GVKEY_AND_DATE_VALUES_MERGED,238533,238532,10,241.107,175.69,265.37600000000003,,595.835,369.897,13.711,10.483,4.6370000000000005,90.311,124.668,
004809,FLO,FLOWERS FOODS INC,1975-09-30,1975Q3,SAME_GVKEY_AND_DATE_VALUES_MERGED,238891,238890,10,19.509,11.995000000000001,35.852000000000004,,63.291000000000004,34.533,9.919,1.86,0.923,1.588,18.368000000000002,
004924,DKAI,DAKA INTERNATIONAL INC,1987-09-30,1987Q3,SAME_GVKEY_AND_DATE_VALUES_MERGED,245530,245529,10,3.6140000000000003,12.457,8.674000000000001,,21.644000000000002,21.635,0.007,0.159,0.0,4.33,5.151000000000001,
004924,DKAI,DAKA INTERNATIONAL INC,1987-12-31,1987Q4,SAME_GVKEY_AND_DATE_VALUES_MERGED,245532,245531,10,6.596,12.378,9.873000000000001,,22.529,16.614,-0.054,0.154,0.0,5.867,2.595,
004950,GIM.1,GIT INDUSTRIES INC,1976-03-31,1976Q1,SAME_GVKEY_AND_DATE_VALUES_MERGED,247359,247358,7,11.525,45.173,44.984,,80.001,71.203,,,,38.635000000000005,25.64,
004991,GAPN,GAP INSTRUMENT CORP,1995-12-31,1995Q4,SAME_GVKEY_AND_DATE_VALUES_MERGED,249485,249484,10,0.062,0.135,0.013000000000000001,,0.083,0.325,-0.14100000000000001,-0.14200000000000002,0.0,0.057,0.0,
004997,GRK.A,GARLAND CORP  -CL A,1970-01-31,1969Q4,SAME_GVKEY_AND_DATE_VALUES_MERGED,249770,249769,2,,,,,,,,-0.461,-0.29000000000000004,,,
004997,GRK.A,GARLAND CORP  -CL A,1970-04-30,1970Q1,SAME_GVKEY_AND_DATE_VALUES_MERGED,249772,249771,2,,,,,,,,-1.455,-0.88,,,
005055,MO1,GENERAL FOODS CORP,1985-03-31,1985Q1,SAME_GVKEY_AND_DATE_VALUES_MERGED,253326,253325,10,2377.965,1402.597,1751.461,,4553.6720000000005,2613.4280000000003,229.208,216.18800000000002,94.5,394.744,725.061,
005165,GIGAQ,GIGA-TRONICS INC,2022-03-31,2022Q1,SAME_GVKEY_AND_DATE_VALUES_MERGED,260879,260878,12,6.8500000000000005,4.114,0.862,0.0,8.055,4.33,-0.49100000000000005,-0.51,0.0,1.735,0.20600000000000002,6.585500000000001
005165,GIGAQ,GIGA-TRONICS INC,2022-06-30,2022Q2,SAME_GVKEY_AND_DATE_VALUES_MERGED,260881,260880,12,15.324000000000002,10.870000000000001,5.761,9.086,33.894,14.172,-1.558,-1.9420000000000002,0.007,2.411,3.2760000000000002,3.212
005192,GLB.2,GLOBE-UNION INC,1970-12-31,1970Q4,SAME_GVKEY_AND_DATE_VALUES_MERGED,262719,262718,5,,,,,,,6.702,3.213,1.7890000000000001,16.656000000000002,7.79,
005258,GB.2,GRANBY MINING CORP,1970-12-31,1970Q4,SAME_GVKEY_AND_DATE_VALUES_MERGED,267002,267001,5,,,,,,,-0.117,0.804,0.078,0.0,0.0,
005337,GRH.3,GREER HYDRAULICS INC,1967-09-30,1967Q3,SAME_GVKEY_AND_DATE_VALUES_MERGED,270441,270440,0,,,,,,,,,,,,
005337,GRH.3,GREER HYDRAULICS INC,1967-12-31,1967Q4,SAME_GVKEY_AND_DATE_VALUES_MERGED,270443,270442,2,,,,,,,,0.401,0.21000000000000002,,,
005357,GRBEQ,GRUBB & ELLIS CO,1995-09-30,1995Q3,SAME_GVKEY_AND_DATE_VALUES_MERGED,271623,271622,9,26.41,21.022000000000002,,,33.636,62.706,0.249,0.808,0.21200000000000002,0.269,26.765,
005357,GRBEQ,GRUBB & ELLIS CO,1995-12-31,1995Q4,SAME_GVKEY_AND_DATE_VALUES_MERGED,271625,271624,9,38.811,28.929000000000002,,,46.176,69.89500000000001,6.239,5.2780000000000005,-0.054,0.276,27.049000000000003,
005399,HBOC.1,HBO & CO,1983-03-31,1983Q1,SAME_GVKEY_AND_DATE_VALUES_MERGED,273965,273964,10,15.199,5.6770000000000005,37.073,,53.163000000000004,18.829,4.131,3.806,1.5790000000000002,0.28,3.9040000000000004,
005422,NLX.2,ANALEX CORP,1988-09-30,1988Q3,SAME_GVKEY_AND_DATE_VALUES_MERGED,275315,275314,10,8.743,3.8070000000000004,1.145,,11.841000000000001,6.6930000000000005,0.161,0.025,0.024,0.20600000000000002,2.734,
005422,NLX.2,ANALEX CORP,1988-12-31,1988Q4,SAME_GVKEY_AND_DATE_VALUES_MERGED,275317,275316,10,9.544,3.092,1.2570000000000001,,12.539000000000001,7.356000000000001,0.325,0.202,0.12300000000000001,0.18000000000000002,4.0600000000000005,
005422,NLX.2,ANALEX CORP,1989-03-31,1989Q1,SAME_GVKEY_AND_DATE_VALUES_MERGED,275319,275318,10,11.643,5.371,1.576,,14.97,9.557,0.378,0.034,-0.016,1.189,4.069,
005429,HJA.,HAJOCA CORP-ME,1970-09-30,1970Q3,SAME_GVKEY_AND_DATE_VALUES_MERGED,275468,275467,0,,,,,,,,,,,,
005429,HJA.,HAJOCA CORP-ME,1970-12-31,1970Q4,SAME_GVKEY_AND_DATE_VALUES_MERGED,275470,275469,5,,,,,,,-1.6880000000000002,-2.1670000000000003,-0.89,2.773,2.8680000000000003,
005444,HMBQ,HAMBURGER HAMLET RESTR INC,1988-03-31,1988Q1,SAME_GVKEY_AND_DATE_VALUES_MERGED,276456,276455,0,,,,,,,,,,,,
005513,HRVEQ,HARVEY ELECTRONICS INC,1997-01-31,1996Q4,SAME_GVKEY_AND_DATE_VALUES_MERGED,280269,280268,3,,,,,,,-0.11,-0.225,0.0,,,
005549,HMII,HMI INDUSTRIES INC,1991-12-31,1991Q4,SAME_GVKEY_AND_DATE_VALUES_MERGED,282976,282975,0,,,,,,,,,,,,
005586,HDON,HENREDON FURNITURE INDS,1983-03-31,1983Q1,SAME_GVKEY_AND_DATE_VALUES_MERGED,285872,285871,10,77.23,10.169,35.069,,112.72500000000001,19.418,7.452,8.089,3.555,0.8350000000000001,7.005,
005701,HZIR,HORIZON AIR INDUSTRIES INC,1982-12-31,1982Q4,SAME_GVKEY_AND_DATE_VALUES_MERGED,292588,292587,10,4.113,5.783,13.733,,18.698,15.465,-0.7180000000000001,-2.085,0.0,2.12,9.682,
005868,ICY.1,ICEE USA CORP,1986-12-31,1986Q4,SAME_GVKEY_AND_DATE_VALUES_MERGED,302868,302867,10,2.6390000000000002,5.6000000000000005,7.4030000000000005,,14.151,7.902,-0.192,-0.41600000000000004,-0.008,3.084,2.061,
005886,ISTR.1,INCSTAR CORP,1989-03-31,1989Q1,SAME_GVKEY_AND_DATE_VALUES_MERGED,304133,304132,10,10.861,4.271,14.005,,26.746000000000002,17.728,0.679,0.35200000000000004,0.08800000000000001,1.229,13.357000000000001,
005889,IG.3,IMOCO-GATEWAY CORP,1971-03-31,1971Q1,SAME_GVKEY_AND_DATE_VALUES_MERGED,304362,304361,2,,,,,,,,-1.014,-0.522,,,
006006,IGLC,INTEK GLOBAL CORP,1995-12-31,1995Q4,SAME_GVKEY_AND_DATE_VALUES_MERGED,310589,310588,10,4.811,3.967,7.498,,12.534,4.6000000000000005,-0.795,-0.876,0.0,0.0,0.0,
006013,CCRD,CORECARD CORP,1986-03-31,1986Q1,SAME_GVKEY_AND_DATE_VALUES_MERGED,311090,311089,10,61.923,27.292,5.916,,76.781,28.575000000000003,1.409,1.4440000000000002,0.498,17.428,0.12100000000000001,
006041,AGD.4,ALARMGUARD HOLDINGS INC,1997-03-31,1997Q1,SAME_GVKEY_AND_DATE_VALUES_MERGED,313310,313309,10,15.977,0.47100000000000003,0.0,,18.082,3.0170000000000003,-1.6500000000000001,-2.494,0.0,0.0,0.0,
006119,2998B,INTL SYSTEMS & CONTROLS,1972-09-30,1972Q3,SAME_GVKEY_AND_DATE_VALUES_MERGED,313348,313290,4,,,,,,,,1.9180000000000001,0.893,14.370000000000001,9.891,
006119,2998B,INTL SYSTEMS & CONTROLS,1972-12-31,1972Q4,SAME_GVKEY_AND_DATE_VALUES_MERGED,313642,313397,10,81.956,65.83800000000001,10.549000000000001,,114.43900000000001,80.549,7.989000000000001,2.173,0.29600000000000004,16.803,14.711,
006055,3055B,INTERMOUNTAIN ENERGY INC,1983-09-30,1983Q3,SAME_GVKEY_AND_DATE_VALUES_MERGED,314083,314082,10,0.094,0.004,0.48700000000000004,,0.6,0.004,-0.08800000000000001,-0.08600000000000001,0.0,0.0,0.0,
006097,IGT.1,INTL GAME TECHNOLOGY,1985-12-31,1985Q4,SAME_GVKEY_AND_DATE_VALUES_MERGED,316288,316287,10,50.771,18.103,15.007000000000001,,93.848,27.728,-4.493,-3.8970000000000002,-1.9200000000000002,8.414,2.3000000000000003,
006108,GRXR,GROUND ROUND RESTAURANT,1990-12-31,1990Q4,SAME_GVKEY_AND_DATE_VALUES_MERGED,317046,317038,10,41.228,51.282000000000004,121.384,,186.893,134.25,-0.152,-16.873,-4.727,19.380000000000003,72.935,
006121,ITXG,IT GROUP INC,1998-03-31,1998Q1,SAME_GVKEY_AND_DATE_VALUES_MERGED,318330,318329,10,273.668,198.744,76.021,,709.217,510.96900000000005,5.892,-3.669,-0.14100000000000001,16.738,284.697,
006194,ISRL.1,ISRAMCO INC,1991-03-31,1991Q1,SAME_GVKEY_AND_DATE_VALUES_MERGED,322941,322940,10,4.729,0.365,0.093,,4.822,0.365,-3.041,-2.928,0.0,0.0,0.0,
006213,EPHC,EPOCH HOLDING CORP,1983-09-30,1983Q3,SAME_GVKEY_AND_DATE_VALUES_MERGED,323003,322969,10,3.9200000000000004,2.262,6.891,,20.903000000000002,6.023000000000001,0.21400000000000002,0.23,-0.019,0.8490000000000001,2.954,
006213,EPHC,EPOCH HOLDING CORP,1983-12-31,1983Q4,SAME_GVKEY_AND_DATE_VALUES_MERGED,323019,323013,10,4.707,3.285,6.312,,21.454,6.593,0.051000000000000004,-0.161,0.044000000000000004,1.083,2.728,
006268,JCI,JOHNSON CONTROLS INTL PLC,1978-12-31,1978Q4,SAME_GVKEY_AND_DATE_VALUES_MERGED,327465,327464,10,358.37600000000003,212.078,183.174,,628.278,335.062,42.531,41.739000000000004,19.778000000000002,22.553,120.241,
006272,JII,JOHNSTON INDUSTRIES/DE,1981-09-30,1981Q3,SAME_GVKEY_AND_DATE_VALUES_MERGED,327898,327897,10,10.65,2.37,0.14800000000000002,,10.81,2.37,0.5,0.7200000000000001,0.378,0.0,0.0,
006272,JII,JOHNSTON INDUSTRIES/DE,1981-12-31,1981Q4,SAME_GVKEY_AND_DATE_VALUES_MERGED,327900,327899,10,11.584000000000001,2.8800000000000003,0.14200000000000002,,11.850000000000001,2.8800000000000003,0.35800000000000004,0.5660000000000001,0.168,0.0,0.0,
006376,KWD,KELLWOOD CO,1999-04-30,1999Q1,SAME_GVKEY_AND_DATE_VALUES_MERGED,335160,335159,10,797.2800000000001,331.745,102.298,,1054.212,608.024,51.225,-17.52,13.491000000000001,110.467,227.65900000000002,
006468,KLRT,KLEINERTS INC,1969-12-31,1969Q4,SAME_GVKEY_AND_DATE_VALUES_MERGED,340445,340427,5,,,,,,,0.728,0.336,0.194,2.0420000000000003,1.0390000000000001,
006481,KNUD,KNUDSEN CORP,1974-03-31,1974Q1,SAME_GVKEY_AND_DATE_VALUES_MERGED,341375,341374,3,,,,,,,,1.002,0.49400000000000005,,34.949000000000005,
006484,1454B,KOBACKER STORES INC,1982-10-31,1982Q3,SAME_GVKEY_AND_DATE_VALUES_MERGED,341515,341514,10,37.097,19.014,27.572000000000003,,68.22,46.867000000000004,2.387,1.488,0.875,6.88,26.525000000000002,
006484,1454B,KOBACKER STORES INC,1983-01-31,1982Q4,SAME_GVKEY_AND_DATE_VALUES_MERGED,341517,341516,10,35.774,15.878,20.419,,60.539,37.645,0.776,2.8720000000000003,1.084,1.4440000000000002,20.006,
006506,KUBTY,KUBOTA CORP,2015-03-31,2015Q1,SAME_GVKEY_AND_DATE_VALUES_MERGED,343110,343109,11,12029.126,6087.021000000001,2476.576,52.776,20647.049000000003,10815.497000000001,462.492,441.583,96.22,2397.7740000000003,4000.933,
006523,VHI.1,VALHI INC-OLD,1975-09-30,1975Q3,SAME_GVKEY_AND_DATE_VALUES_MERGED,344296,344295,7,,,,,397.952,344.73400000000004,4.309,-2.4690000000000003,0.044000000000000004,146.889,165.245,
006523,VHI.1,VALHI INC-OLD,1975-12-31,1975Q4,SAME_GVKEY_AND_DATE_VALUES_MERGED,344298,344297,10,343.916,138.287,3.115,,354.403,302.658,5.152,-1.34,-0.16,130.64000000000001,147.287,
006548,3LCLDQ,LACLEDE STEEL CO,1997-12-31,1997Q4,SAME_GVKEY_AND_DATE_VALUES_MERGED,345345,345339,10,124.512,68.613,113.403,,313.82,292.719,-3.313,-6.104,-2.432,2.3560000000000003,109.15700000000001,
006534,LB.1,LA BARGE INC,1984-09-30,1984Q3,SAME_GVKEY_AND_DATE_VALUES_MERGED,345424,345423,10,58.881,34.587,11.01,,86.512,67.971,-1.5750000000000002,-2.483,-1.016,21.527,33.384,
006534,LB.1,LA BARGE INC,1984-12-31,1984Q4,SAME_GVKEY_AND_DATE_VALUES_MERGED,345426,345425,10,69.864,46.831,12.821,,94.068,80.055,0.21300000000000002,-1.572,-0.65,29.380000000000003,33.224000000000004,
006603,LASRF,LASER INDUSTRIES LTD,1987-03-31,1987Q1,SAME_GVKEY_AND_DATE_VALUES_MERGED,348974,348973,10,54.956,18.452,8.124,,66.57600000000001,38.909,1.6900000000000002,1.3780000000000001,-0.10700000000000001,13.745000000000001,20.457,
006726,2788A,LIGGETT GROUP INC-OLD,1979-12-31,1979Q4,SAME_GVKEY_AND_DATE_VALUES_MERGED,355108,355107,10,407.377,129.615,182.356,,749.821,331.57800000000003,64.12,19.669,9.898,1.6740000000000002,171.71,
006748,UTDL,UNITED LEISURE CORP,2001-12-31,2001Q4,SAME_GVKEY_AND_DATE_VALUES_MERGED,357138,357137,10,1.7890000000000001,0.626,0.731,0.0,2.762,0.626,,-0.646,0.0,0.0,0.0,
006799,KSE,KEYSPAN CORP,1998-03-31,1998Q1,SAME_GVKEY_AND_DATE_VALUES_MERGED,360068,360067,3,,,,,,,279.538,186.845,70.906,,,
006864,MCIC.,MCI COMMUNICATIONS,1983-03-31,1983Q1,SAME_GVKEY_AND_DATE_VALUES_MERGED,364818,364817,10,713.164,321.41900000000004,1324.1660000000002,,2070.467,1304.835,92.23700000000001,77.208,24.063000000000002,48.038000000000004,895.8910000000001,
006876,MARC,M/A/R/C INC,1990-03-31,1990Q1,SAME_GVKEY_AND_DATE_VALUES_MERGED,365856,365855,10,19.957,4.829000000000001,9.727,,35.978,6.9430000000000005,0.48600000000000004,0.733,0.271,0.225,0.5770000000000001,
006881,MINVS,MIW INVESTORS-WASHINGTON,1984-03-31,1984Q1,SAME_GVKEY_AND_DATE_VALUES_MERGED,366115,366114,3,,,0.0,,34.047000000000004,,,,0.17,,,
006906,5542A,MACANDREWS & FORBES GRP INC,1974-04-30,1974Q1,SAME_GVKEY_AND_DATE_VALUES_MERGED,366903,366902,10,25.453000000000003,11.485000000000001,2.5140000000000002,,28.871000000000002,16.691000000000003,0.891,-0.499,-0.273,4.678,5.1000000000000005,
006908,MRD.1,MACDERMID INC,2001-03-31,2001Q1,SAME_GVKEY_AND_DATE_VALUES_MERGED,367045,367044,10,365.534,239.845,183.578,,884.825,654.1560000000001,22.505000000000003,6.936,2.552,80.265,392.619,
006924,3MACM,MACROCHEM CORP/DE,1993-03-31,1993Q1,SAME_GVKEY_AND_DATE_VALUES_MERGED,367710,367709,10,6.664000000000001,0.15,0.08800000000000001,,6.914000000000001,0.165,-0.215,-0.189,0.0,0.0,0.0,
007025,MRGX,MARGAUX INC,1991-03-31,1991Q1,SAME_GVKEY_AND_DATE_VALUES_MERGED,372671,372670,10,3.6620000000000004,3.8770000000000002,0.45,,5.707,5.458,0.24600000000000002,0.016,0.0,1.346,0.067,
007076,MMA.2,MARTIN MARIETTA ALUM INC-OLD,1965-12-31,1965Q4,SAME_GVKEY_AND_DATE_VALUES_MERGED,375081,375080,3,,,,,,,-0.18000000000000002,-0.9490000000000001,-0.5810000000000001,,,
007123,MXO,MAXTOR CORP,1996-03-31,1996Q1,SAME_GVKEY_AND_DATE_VALUES_MERGED,378166,378160,10,346.615,413.14300000000003,88.162,,442.487,513.624,-30.970000000000002,-39.118,0.6990000000000001,177.47400000000002,100.18100000000001,
007152,MDRIQ,MCDERMOTT INTL INC,1999-03-31,1999Q1,SAME_GVKEY_AND_DATE_VALUES_MERGED,380841,380840,10,1375.366,1266.411,433.961,,4305.52,3316.4190000000003,11.996,-60.037000000000006,-21.326,31.126,323.774,
007185,GENC,GENCOR INDUSTRIES INC,1992-12-31,1992Q4,SAME_GVKEY_AND_DATE_VALUES_MERGED,383774,383773,10,19.238,14.436,11.359,,32.308,27.826,-0.224,-0.437,-0.187,2.33,13.39,
007192,INVI,INTEGRAL VISION INC,1986-03-31,1986Q1,SAME_GVKEY_AND_DATE_VALUES_MERGED,384266,384265,10,11.861,2.846,3.603,,15.589,5.274,-1.181,-1.143,-0.164,0.17300000000000001,2.428,
007235,MGO.1,MEGO INTERNATIONAL,1973-05-31,1973Q1,SAME_GVKEY_AND_DATE_VALUES_MERGED,386355,386354,10,12.57,8.093,0.8150000000000001,,14.257000000000001,8.742,-0.5800000000000001,-0.997,-0.41900000000000004,5.284000000000001,0.48700000000000004,
007315,SIEB,SIEBERT FINANCIAL CORP,1996-03-31,1996Q1,SAME_GVKEY_AND_DATE_VALUES_MERGED,392075,392074,10,0.0,0.0,0.0,,15.935,0.34500000000000003,1.3960000000000001,1.327,0.0,0.0,0.0,
007336,IONN.1,ION NETWORKS INC  -OLD,2002-03-31,2002Q1,SAME_GVKEY_AND_DATE_VALUES_MERGED,393692,393691,11,7.172000000000001,2.132,0.797,0.0,9.01,2.283,-1.21,-1.193,0.024,0.108,0.151,
007359,2540B,MID-SOUTH CORP,1987-12-31,1987Q4,SAME_GVKEY_AND_DATE_VALUES_MERGED,394986,394985,10,0.153,0.0,0.25,,0.642,0.0,-0.008,-0.008,-0.001,0.0,0.0,
007360,MRWY,MID-STATE RACEWAY INC,1995-03-31,1995Q1,SAME_GVKEY_AND_DATE_VALUES_MERGED,395049,395048,10,1.5830000000000002,0.52,2.0180000000000002,,4.422000000000001,1.5510000000000002,0.16,0.10400000000000001,-0.012,0.0,0.0,
007395,MGRY.,MILGRAY ELECTRONICS INC,1990-12-31,1990Q4,SAME_GVKEY_AND_DATE_VALUES_MERGED,397006,397005,10,37.048,8.966000000000001,2.6790000000000003,,39.837,24.074,0.191,-0.17700000000000002,-0.10700000000000001,0.757,15.108,
007422,EXCE,EXCO RESOURCES INC,1995-03-31,1995Q1,SAME_GVKEY_AND_DATE_VALUES_MERGED,398463,398462,10,0.5770000000000001,0.653,1.065,,1.6420000000000001,0.669,-0.10400000000000001,-0.108,0.0,0.019,0.016,
007451,MCN2,MISSISSIPPI RIVER TRANSMIS,1982-12-31,1982Q4,SAME_GVKEY_AND_DATE_VALUES_MERGED,400646,400645,10,118.635,100.97,231.845,,367.90000000000003,185.443,10.204,9.634,3.873,21.354000000000003,44.6,
007453,MVAL.1,MISSISSIPPI VALLEY GAS CO,1972-12-31,1972Q4,SAME_GVKEY_AND_DATE_VALUES_MERGED,400706,400705,4,,,43.201,,53.071000000000005,,,,,0.9660000000000001,17.763,
007463,3PRFIE,PERFORMANCE INDUSTRIES INC,1986-03-31,1986Q1,SAME_GVKEY_AND_DATE_VALUES_MERGED,401192,401191,9,80.682,18.896,28.166,,136.838,84.559,,0.681,0.328,1.002,63.069,
007526,QDEL,QUIDELORTHO CORP,1999-03-31,1999Q1,SAME_GVKEY_AND_DATE_VALUES_MERGED,404529,404528,10,21.619,5.072,18.219,,52.606,7.9,1.9080000000000001,0.8380000000000001,-6.575,0.17400000000000002,2.8280000000000003,
007574,CDD,CORDANT TECHNOLOGIES INC,1968-09-30,1968Q3,SAME_GVKEY_AND_DATE_VALUES_MERGED,407773,407772,2,,,,,,,,7.985,3.8320000000000003,,,
007574,CDD,CORDANT TECHNOLOGIES INC,1968-12-31,1968Q4,SAME_GVKEY_AND_DATE_VALUES_MERGED,407775,407774,3,,,,,,,26.098000000000003,5.4030000000000005,2.434,,,
007619,4338B,MURPHY INDUSTRIES INC,1983-11-30,1983Q3,SAME_GVKEY_AND_DATE_VALUES_MERGED,410570,410569,10,16.994,7.181,6.7090000000000005,,25.707,16.559,0.9580000000000001,0.436,0.261,1.474,9.085,
007619,4338B,MURPHY INDUSTRIES INC,1984-02-29,1983Q4,SAME_GVKEY_AND_DATE_VALUES_MERGED,410572,410571,10,19.444000000000003,7.016,6.993,,27.772000000000002,16.046,0.433,-0.24000000000000002,0.14600000000000002,1.703,8.739,
007619,4338B,MURPHY INDUSTRIES INC,1984-05-31,1984Q1,SAME_GVKEY_AND_DATE_VALUES_MERGED,410574,410573,10,19.687,4.996,6.447,,27.113,13.643,0.17300000000000001,0.29300000000000004,0.043000000000000003,0.498,8.514000000000001,
007637,VTRS,VIATRIS INC,2007-03-31,2007Q1,SAME_GVKEY_AND_DATE_VALUES_MERGED,411710,411709,12,2412.0440000000003,700.5350000000001,686.739,612.7420000000001,4253.867,2561.8,151.358,-18.328,52.75,229.68900000000002,1654.932,5251.429700000001
007712,NCLI.1,NATIONAL CITY LINES,1980-09-30,1980Q3,SAME_GVKEY_AND_DATE_VALUES_MERGED,416890,416889,3,,,,,,,0.892,1.407,0.308,,,
007712,NCLI.1,NATIONAL CITY LINES,1980-12-31,1980Q4,SAME_GVKEY_AND_DATE_VALUES_MERGED,416892,416891,10,55.309000000000005,24.92,58.050000000000004,,121.373,62.1,-0.9890000000000001,0.225,-0.667,2.126,31.271,
007733,NFG,NATIONAL FUEL GAS CO,1973-12-31,1973Q4,SAME_GVKEY_AND_DATE_VALUES_MERGED,417706,417705,4,,,330.33000000000004,,404.221,,,,,20.539,174.472,
007761,0738B,NPC RESTAURANT HOLDINGS LLC,2002-03-31,2002Q1,SAME_GVKEY_AND_DATE_VALUES_MERGED,419753,419752,0,,,,,,,,,,,,
007780,NTY.1,NATIONAL TEA CO,1973-03-31,1973Q1,SAME_GVKEY_AND_DATE_VALUES_MERGED,421108,421107,4,,,,,,,,-9.644,-4.633,9.223,48.617000000000004,
007798,0170A,NBTY INC,1986-12-31,1986Q4,SAME_GVKEY_AND_DATE_VALUES_MERGED,421580,421579,10,16.974,13.663,9.402000000000001,,27.188000000000002,16.762,-1.066,-1.2710000000000001,-0.33,8.112,3.099,
007890,3NYCL,NYCAL CORPORATION,1987-09-30,1987Q3,SAME_GVKEY_AND_DATE_VALUES_MERGED,427746,427745,0,,,,,,,,,,,,
007890,3NYCL,NYCAL CORPORATION,1987-12-31,1987Q4,SAME_GVKEY_AND_DATE_VALUES_MERGED,427748,427747,10,0.24600000000000002,5.2,0.614,,15.488000000000001,5.8790000000000004,0.47700000000000004,-0.42000000000000004,0.0,3.869,0.014,
008036,USAE,US AEROSPACE INC,2001-03-31,2001Q1,SAME_GVKEY_AND_DATE_VALUES_MERGED,439135,439134,11,0.10500000000000001,3.7390000000000003,0.192,0.0,0.35900000000000004,3.8310000000000004,-0.065,-0.075,0.0,2.5340000000000003,0.092,
008067,OKWHQ,OAKWOOD HOMES CORP,2002-09-30,2002Q3,SAME_GVKEY_AND_DATE_VALUES_MERGED,440937,440936,9,,,177.21200000000002,0.0,760.4480000000001,719.1510000000001,-23.008000000000003,-93.545,0.0,59.913000000000004,308.254,
008079,OII,OCEANEERING INTERNATIONAL,2000-03-31,2000Q1,SAME_GVKEY_AND_DATE_VALUES_MERGED,441789,441788,10,148.56300000000002,95.78800000000001,276.367,,450.976,255.276,7.248,5.686,2.047,0.312,128.0,
008080,OCEX,OCEANIC EXPLORATION CO,1999-03-31,1999Q1,SAME_GVKEY_AND_DATE_VALUES_MERGED,441985,441984,10,0.034,1.995,0.0,,0.036000000000000004,2.017,-0.151,-0.17700000000000002,-0.024,1.093,0.0,
008092,VTOL,BRISTOW GROUP INC,2022-03-31,2022Q1,SAME_GVKEY_AND_DATE_VALUES_MERGED,442657,442656,12,579.885,287.755,1136.113,0.0,1824.279,988.9110000000001,-0.5670000000000001,-1.115,3.2600000000000002,82.625,638.35,1048.882
008212,AMVX,AMERICAN VACCINE CORP,1988-03-31,1988Q1,SAME_GVKEY_AND_DATE_VALUES_MERGED,449306,449301,10,1.838,0.046,0.0,,1.927,0.046,-0.067,-0.039,-0.029,0.0,0.0,
008290,MEC2,PACIFICORP,2006-03-31,2006Q1,SAME_GVKEY_AND_DATE_VALUES_MERGED,455533,455532,10,1015.3000000000001,1216.1000000000001,10109.2,,12731.300000000001,8679.5,270.7,217.4,70.3,405.0,3762.3,
008296,3PGGP,PAGE AMERICA GROUP,1991-03-31,1991Q1,SAME_GVKEY_AND_DATE_VALUES_MERGED,455830,455829,10,4.297000000000001,11.589,17.501,,65.782,67.086,0.35500000000000004,-1.613,0.0,1.6260000000000001,55.497,
008331,4639A,REVLON GROUP INC,1969-10-31,1969Q3,SAME_GVKEY_AND_DATE_VALUES_MERGED,457609,457608,0,,,,,,,,,,,,
008331,4639A,REVLON GROUP INC,1970-01-31,1969Q4,SAME_GVKEY_AND_DATE_VALUES_MERGED,457611,457610,0,,,,,,,,,,,,
008331,4639A,REVLON GROUP INC,1970-04-30,1970Q1,SAME_GVKEY_AND_DATE_VALUES_MERGED,457613,457612,0,,,,,,,,,,,,
008469,PDG.1,PEOPLES DRUG STORES INC,1975-12-31,1975Q4,SAME_GVKEY_AND_DATE_VALUES_MERGED,459985,459822,10,59.223000000000006,33.514,18.720000000000002,,78.544,41.749,0.8350000000000001,0.7140000000000001,-0.004,8.450000000000001,4.95,
008383,PTLX,PATLEX CORP,1993-09-30,1993Q3,SAME_GVKEY_AND_DATE_VALUES_MERGED,460788,460787,0,,,,,,,,,,,,
008383,PTLX,PATLEX CORP,1993-12-31,1993Q4,SAME_GVKEY_AND_DATE_VALUES_MERGED,460790,460789,0,,,,,,,,,,,,
008480,VRDI,VERIDICOM INTERNATIONAL INC,2003-03-31,2003Q1,SAME_GVKEY_AND_DATE_VALUES_MERGED,467355,467354,8,0.08,0.9730000000000001,0.009000000000000001,0.0,0.094,0.9730000000000001,,,,0.463,0.0,
008484,3PERF,PERFECTDATA CORP,2005-03-31,2005Q1,SAME_GVKEY_AND_DATE_VALUES_MERGED,467496,467495,11,1.282,0.335,0.0,0.0,1.282,0.335,-0.755,-0.755,0.0,0.0,0.0,
008505,4356B,PETRO-LEWIS CORP,1969-09-30,1969Q3,SAME_GVKEY_AND_DATE_VALUES_MERGED,468799,468798,0,,,,,,,,,,,,
008505,4356B,PETRO-LEWIS CORP,1969-12-31,1969Q4,SAME_GVKEY_AND_DATE_VALUES_MERGED,468801,468800,5,,,,,,,0.608,0.5670000000000001,0.0,0.671,0.653,
008678,PORX,POREX TECHNOLOGIES CORP,1982-09-30,1982Q3,SAME_GVKEY_AND_DATE_VALUES_MERGED,480242,480241,3,,,,,,,0.47300000000000003,0.447,0.21000000000000002,,,
008678,PORX,POREX TECHNOLOGIES CORP,1982-12-31,1982Q4,SAME_GVKEY_AND_DATE_VALUES_MERGED,480244,480243,3,,,,,,,0.451,0.496,0.22,,,
008678,PORX,POREX TECHNOLOGIES CORP,1983-03-31,1983Q1,SAME_GVKEY_AND_DATE_VALUES_MERGED,480246,480245,10,13.474,2.325,3.5660000000000003,,23.425,3.475,0.406,0.7240000000000001,0.33,0.039,1.09,
008688,2086B,POST AMERICAN CORP,1982-12-31,1982Q4,SAME_GVKEY_AND_DATE_VALUES_MERGED,480923,480922,8,,,0.223,,10.787,8.946,0.42000000000000004,0.068,0.026000000000000002,7.933000000000001,0.6890000000000001,
008714,PRA.1,PRATT-READ CORP,1967-09-30,1967Q3,SAME_GVKEY_AND_DATE_VALUES_MERGED,482345,482344,2,,,,,,,,0.11,0.05,,,
008714,PRA.1,PRATT-READ CORP,1967-12-31,1967Q4,SAME_GVKEY_AND_DATE_VALUES_MERGED,482347,482346,2,,,,,,,,0.14,0.07,,,
008792,PVY,PROVIDENCE ENERGY CORP,1975-12-31,1975Q4,SAME_GVKEY_AND_DATE_VALUES_MERGED,485964,485963,4,,,48.888000000000005,,65.09,,,,,0.3,30.518,
008793,PVY1,PROVIDENCE GAS CO,1974-12-31,1974Q4,SAME_GVKEY_AND_DATE_VALUES_MERGED,486062,486061,4,,,48.377,,61.805,,,,,6.94,20.294,
008808,SCG2,PUBLIC SERVICE CO OF N C,1986-12-31,1986Q4,SAME_GVKEY_AND_DATE_VALUES_MERGED,487432,487431,10,46.784,68.223,177.098,,231.423,167.139,5.841,3.927,1.818,28.722,62.222,
008909,RTE.1,R T E CORP,1976-03-31,1976Q1,SAME_GVKEY_AND_DATE_VALUES_MERGED,494729,494728,9,23.811,7.805000000000001,13.506,,41.772,21.3,,0.9790000000000001,0.334,0.55,13.495000000000001,
009002,RDMN,REDMAN INDUSTRIES INC,1973-03-31,1973Q1,SAME_GVKEY_AND_DATE_VALUES_MERGED,499228,499227,2,,,,,,,,5.498,2.569,,,
009015,RFTN,REFLECTONE INC,1990-03-31,1990Q1,SAME_GVKEY_AND_DATE_VALUES_MERGED,499878,499877,10,22.977,13.259,13.659,,36.826,27.518,-0.401,-0.62,0.0,0.056,14.259,
009057,REP.1,REPUBLIC CORP,1970-10-31,1970Q3,SAME_GVKEY_AND_DATE_VALUES_MERGED,501850,501849,5,,,,,,,9.709,-1.989,-0.994,26.978,51.052,
009138,ROED,RIDGEWAY EXCO INC,1984-03-31,1984Q1,SAME_GVKEY_AND_DATE_VALUES_MERGED,506250,506249,10,2.492,0.34,1.574,,4.066,0.786,-0.23900000000000002,-0.17700000000000002,-0.12100000000000001,0.0,0.0,
009219,RLD.1,ROLAND INTERNATIONAL CORP,1973-12-31,1973Q4,SAME_GVKEY_AND_DATE_VALUES_MERGED,511129,511128,10,7.033,7.316000000000001,11.308,,53.834,40.201,0.8280000000000001,2.217,1.121,1.872,18.884,
009229,RTI.2,RONCO TELEPRODUCTS INC,1971-09-30,1971Q3,SAME_GVKEY_AND_DATE_VALUES_MERGED,511445,511444,4,,,,,,,,0.096,0.039,5.15,0.0,
009229,RTI.2,RONCO TELEPRODUCTS INC,1971-12-31,1971Q4,SAME_GVKEY_AND_DATE_VALUES_MERGED,511491,511450,10,21.982,15.684000000000001,0.096,,22.111,15.683000000000002,2.329,1.6940000000000002,0.8330000000000001,8.1,0.0,
009391,SCOF10,SAN CARLOS MILLING CO INC,1990-12-31,1990Q4,SAME_GVKEY_AND_DATE_VALUES_MERGED,522689,522688,10,1.228,1.7790000000000001,3.6780000000000004,,5.157,1.7790000000000001,0.529,0.536,0.07200000000000001,1.122,0.0,
009433,SFI.1,SAVANNAH FOODS & INDS,1992-12-31,1992Q4,SAME_GVKEY_AND_DATE_VALUES_MERGED,525227,525226,10,371.387,233.519,226.12900000000002,,635.755,425.13500000000005,14.776000000000002,13.341000000000001,3.725,31.203000000000003,126.46400000000001,
009530,SRB.1,SCURRY-RAINBOW OIL LTD,1979-12-31,1979Q4,SAME_GVKEY_AND_DATE_VALUES_MERGED,530732,530731,10,15.138,18.683,92.498,,109.161,55.118,7.909000000000001,7.4590000000000005,2.064,5.455,16.310000000000002,
009551,APPS,DIGITAL TURBINE INC,1995-12-31,1995Q4,SAME_GVKEY_AND_DATE_VALUES_MERGED,532031,532030,10,0.014,0.091,0.0,,0.014,0.091,-0.056,-0.056,0.0,0.0,0.0,
009559,SFSIQ,SEARCH FINANCIAL SERVICES,1982-05-31,1982Q1,SAME_GVKEY_AND_DATE_VALUES_MERGED,532906,532905,10,0.29000000000000004,0.5760000000000001,4.413,,4.71,2.394,-0.157,-0.22,0.0,0.022000000000000002,1.818,
009559,SFSIQ,SEARCH FINANCIAL SERVICES,1993-12-31,1993Q4,SAME_GVKEY_AND_DATE_VALUES_MERGED,532955,532954,7,,,0.42100000000000004,,66.611,44.85,1.828,0.201,0.030000000000000002,,43.0,
009614,LGN.2,LODGIAN INC,1985-09-30,1985Q3,SAME_GVKEY_AND_DATE_VALUES_MERGED,536109,536108,10,39.584,33.879000000000005,179.01500000000001,,243.073,209.03300000000002,4.8,0.306,0.29400000000000004,7.602,169.24800000000002,
009614,LGN.2,LODGIAN INC,1985-12-31,1985Q4,SAME_GVKEY_AND_DATE_VALUES_MERGED,536111,536110,10,39.262,33.92,180.47500000000002,,244.369,206.42600000000002,1.4220000000000002,5.135000000000001,2.08,7.738,164.835,
009615,SVNL,SERVINATIONAL INC/OH,1988-03-31,1988Q1,SAME_GVKEY_AND_DATE_VALUES_MERGED,536251,536250,10,1.254,1.5530000000000002,1.218,,3.753,3.1420000000000003,-0.14800000000000002,0.281,0.217,0.251,0.9640000000000001,
009726,ATGDQ,ALTA GOLD CO,1989-03-31,1989Q1,SAME_GVKEY_AND_DATE_VALUES_MERGED,542226,542224,10,10.869,1.622,10.461,,34.279,1.6660000000000001,-2.04,-1.4380000000000002,-0.437,1.131,0.044000000000000004,
009835,PESXQ,PIONEER ENERGY SERVICES CORP,2007-03-31,2007Q1,SAME_GVKEY_AND_DATE_VALUES_MERGED,548982,548980,12,158.30800000000002,34.219,342.901,0.0,501.49600000000004,73.387,25.596,26.486,9.268,0.0,0.0,629.7793
009867,SUG,SOUTHERN UNION CO,1993-09-30,1993Q3,SAME_GVKEY_AND_DATE_VALUES_MERGED,551720,551719,10,40.440000000000005,128.399,323.856,,399.047,249.12,-0.079,-1.909,-0.655,90.947,89.122,
009867,SUG,SOUTHERN UNION CO,1993-12-31,1993Q4,SAME_GVKEY_AND_DATE_VALUES_MERGED,551722,551721,10,54.237,94.759,325.543,,416.207,214.269,7.117,7.322,2.581,40.655,89.019,
009879,SMRK,SOUTHMARK CORP,1976-09-30,1976Q3,SAME_GVKEY_AND_DATE_VALUES_MERGED,552063,552062,10,157.37900000000002,366.48400000000004,0.0,,425.21700000000004,457.507,-39.424,-41.333000000000006,0.0,363.973,87.168,
010022,SDYN,STAODYN INC,1992-02-29,1991Q4,SAME_GVKEY_AND_DATE_VALUES_MERGED,560900,560899,10,5.388,0.9410000000000001,1.5670000000000002,,7.097,1.0550000000000002,-0.224,-0.221,0.0,0.25,0.114,
010026,STRR.1,STAR TECHNOLOGIES INC,1997-03-31,1997Q1,SAME_GVKEY_AND_DATE_VALUES_MERGED,561019,561018,10,5.7250000000000005,0.631,0.271,,6.031000000000001,0.631,-0.921,-0.6960000000000001,0.0,0.0,0.0,
010039,STF.,STAUFFER CHEMICAL CO,1982-12-31,1982Q4,SAME_GVKEY_AND_DATE_VALUES_MERGED,562008,562007,10,837.166,332.629,1200.576,,2189.085,986.192,28.05,22.187,10.013,113.56500000000001,427.69800000000004,
010073,STSU,STERLING SUGARS INC,1997-10-31,1997Q3,SAME_GVKEY_AND_DATE_VALUES_MERGED,563447,563446,10,13.120000000000001,11.540000000000001,22.363,,37.609,22.026,0.155,0.42000000000000004,0.159,6.0,9.485000000000001,
010073,STSU,STERLING SUGARS INC,1998-01-31,1997Q4,SAME_GVKEY_AND_DATE_VALUES_MERGED,563449,563448,10,17.073,14.357000000000001,22.71,,41.389,24.884,4.663,4.519,1.718,7.773000000000001,9.16,
010160,AG1,SUNBEAM CORP,1981-03-31,1981Q1,SAME_GVKEY_AND_DATE_VALUES_MERGED,568451,568450,10,733.13,320.51,168.913,,953.8820000000001,529.576,23.788,15.001000000000001,5.723,93.462,184.697,
010160,AG1,SUNBEAM CORP,1986-12-31,1986Q4,SAME_GVKEY_AND_DATE_VALUES_MERGED,568475,568474,10,635.315,173.275,98.29400000000001,,901.164,392.406,11.624,-41.761,8.153,11.869,150.06300000000002,
010186,3SUST,SUNSTATES CORP/DE,1984-03-31,1984Q1,SAME_GVKEY_AND_DATE_VALUES_MERGED,569556,569555,3,,,,,,,-0.08600000000000001,0.803,0.34600000000000003,,,
010231,SYMB.,SYMBION INC-OLD,1983-03-31,1983Q1,SAME_GVKEY_AND_DATE_VALUES_MERGED,572464,572463,3,,,,,,,-0.452,-0.388,0.0,,,
010236,ACNT,ASCENT INDUSTRIES CO,1968-12-31,1968Q4,SAME_GVKEY_AND_DATE_VALUES_MERGED,572881,572880,2,,,,,,,,-0.35100000000000003,-0.156,,,
010237,SYNB.1,SYNBIOTICS CORP,1994-03-31,1994Q1,SAME_GVKEY_AND_DATE_VALUES_MERGED,573140,573139,9,10.123000000000001,2.258,1.286,,13.450000000000001,2.744,,0.41900000000000004,0.0,0.0,0.0,
010242,IDWD,SYNTECH INTERNATIONAL INC,1986-12-31,1986Q4,SAME_GVKEY_AND_DATE_VALUES_MERGED,573364,573363,10,19.668,7.090000000000001,9.109,,32.423,11.842,0.917,0.41700000000000004,0.225,4.184,2.289,
010287,5824B,T.I.M.E. DC INC,1980-09-30,1980Q3,SAME_GVKEY_AND_DATE_VALUES_MERGED,575963,575962,10,36.957,21.482,44.408,,93.223,56.867000000000004,1.1360000000000001,0.44,-0.051000000000000004,1.1820000000000002,30.990000000000002,
010287,5824B,T.I.M.E. DC INC,1980-12-31,1980Q4,SAME_GVKEY_AND_DATE_VALUES_MERGED,575965,575964,10,36.187000000000005,23.371000000000002,43.17,,83.092,54.968,-0.067,-0.91,-0.992,1.612,27.127000000000002,
010291,2911B,TMC INDUSTRIES LTD,1983-03-31,1983Q1,SAME_GVKEY_AND_DATE_VALUES_MERGED,576039,576038,8,,,0.0,,0.744,0.6910000000000001,-0.36000000000000004,-0.559,0.0,0.0,0.274,
010323,TAL.1,TALLEY INDUSTRIES INC,1983-03-31,1983Q1,SAME_GVKEY_AND_DATE_VALUES_MERGED,578103,578102,10,141.11700000000002,47.783,28.104000000000003,,187.645,96.24300000000001,2.972,3.285,2.092,6.876,39.771,
010371,TK.1,TECHNICOLOR INC,1969-09-30,1969Q3,SAME_GVKEY_AND_DATE_VALUES_MERGED,580642,580641,2,,,,,,,,2.02,1.1480000000000001,,,
010371,TK.1,TECHNICOLOR INC,1969-12-31,1969Q4,SAME_GVKEY_AND_DATE_VALUES_MERGED,580644,580643,5,,,,,,,8.627,2.044,0.8150000000000001,0.6,11.600000000000001,
010380,SSY,SUNLINK HEALTH SYSTEMS INC,2000-09-30,2000Q3,SAME_GVKEY_AND_DATE_VALUES_MERGED,581247,581246,10,14.907,9.758000000000001,3.7840000000000003,,20.650000000000002,12.361,-0.437,-0.393,-0.063,3.023,1.606,
010380,SSY,SUNLINK HEALTH SYSTEMS INC,2000-12-31,2000Q4,SAME_GVKEY_AND_DATE_VALUES_MERGED,581249,581248,10,14.897,10.184000000000001,3.83,,20.714000000000002,12.673,-0.371,-0.338,0.0,2.831,1.5350000000000001,
010380,SSY,SUNLINK HEALTH SYSTEMS INC,2001-03-31,2001Q1,SAME_GVKEY_AND_DATE_VALUES_MERGED,581251,581250,10,24.862000000000002,28.191000000000003,30.189,,56.514,46.883,-0.043000000000000003,-0.48500000000000004,0.05,6.3180000000000005,17.349,
010392,HCNP,HAMPTON CONSULTING CORP,2001-12-31,2001Q4,SAME_GVKEY_AND_DATE_VALUES_MERGED,582405,582404,11,0.0,0.092,0.0,0.0,0.0,0.092,-0.057,-0.057,0.0,0.0,0.0,
010446,TENN,TENNESSEE NATURAL RESOURCES,1982-12-31,1982Q4,SAME_GVKEY_AND_DATE_VALUES_MERGED,586076,586075,10,20.246000000000002,27.797,37.815000000000005,,68.96900000000001,50.82,0.7110000000000001,0.611,0.384,8.918000000000001,18.125,
010451,AMIC,AMERICAN INDEPENDENCE CORP,1984-12-31,1984Q4,SAME_GVKEY_AND_DATE_VALUES_MERGED,586535,586534,10,0.35700000000000004,4.163,1.3800000000000001,,2.37,6.284000000000001,-0.7240000000000001,-2.6430000000000002,0.0,3.055,2.121,
010464,TECO.,TESCO AMERICAN INC,1987-12-31,1987Q4,SAME_GVKEY_AND_DATE_VALUES_MERGED,587262,587261,10,5.36,5.7170000000000005,1.104,,7.464,6.478000000000001,-0.382,-1.1580000000000001,0.0,3.0130000000000003,0.761,
010512,3TXELE,TEXCEL INTERNATIONAL,1985-12-31,1985Q4,SAME_GVKEY_AND_DATE_VALUES_MERGED,590661,590660,10,0.921,0.126,0.12300000000000001,,1.062,0.126,0.218,0.218,0.033,0.0,0.0,
010552,TRV.2,THOUSAND TRAILS INC,1987-09-30,1987Q3,SAME_GVKEY_AND_DATE_VALUES_MERGED,593210,593209,9,32.263,37.729,84.85600000000001,,211.375,194.62300000000002,,-3.9240000000000004,0.0,14.961,154.74,
010552,TRV.2,THOUSAND TRAILS INC,1987-12-31,1987Q4,SAME_GVKEY_AND_DATE_VALUES_MERGED,593212,593211,8,,,56.155,,140.21800000000002,104.206,0.529,-42.338,0.8,11.916,63.82,
010565,TDW,TIDEWATER INC,2017-03-31,2017Q1,SAME_GVKEY_AND_DATE_VALUES_MERGED,594171,594170,12,1141.287,2328.713,2864.762,0.0,4190.6990000000005,2539.6400000000003,6.265000000000001,-85.25500000000001,1.717,2034.124,0.0,54.1892
010636,3TRPEE,TOWNER PETROLEUM CO,1982-03-31,1982Q1,SAME_GVKEY_AND_DATE_VALUES_MERGED,599052,599051,10,89.334,77.867,103.63900000000001,,193.342,150.994,1.9760000000000002,1.211,-0.08600000000000001,13.564,72.602,
010724,3TRDXQ,TRIDEX CORP,1995-03-31,1995Q1,SAME_GVKEY_AND_DATE_VALUES_MERGED,603543,603542,10,19.563000000000002,13.600000000000001,4.423,,36.362,19.785,1.081,0.78,-0.431,4.746,6.1850000000000005,
010735,TRN,TRINITY INDUSTRIES INC,2001-03-31,2001Q1,SAME_GVKEY_AND_DATE_VALUES_MERGED,604320,604318,8,,,992.4000000000001,,1825.9,946.9000000000001,-2.4,-62.1,-22.400000000000002,519.8000000000001,18.0,
010799,3UDCHQ,UDC HOMES INC  -LP,1991-12-31,1991Q4,SAME_GVKEY_AND_DATE_VALUES_MERGED,608193,608192,8,,,15.431000000000001,,518.1,395.497,-4.277,-15.15,0.0,12.74,328.926,
010800,UDS.2,UDS INC,1978-01-31,1977Q4,SAME_GVKEY_AND_DATE_VALUES_MERGED,608240,608239,10,5.791,1.752,0.611,,7.2410000000000005,2.234,-0.35800000000000004,-0.19,0.0,1.1420000000000001,0.48200000000000004,
010801,UGI,UGI CORP,1992-12-31,1992Q4,SAME_GVKEY_AND_DATE_VALUES_MERGED,608378,608377,10,190.934,189.591,585.501,,1103.97,679.366,36.273,26.878,10.769,54.839000000000006,345.918,
010809,UNC,UNC INC,1981-03-31,1981Q1,SAME_GVKEY_AND_DATE_VALUES_MERGED,608892,608891,10,151.46,54.476,203.412,,378.094,208.132,9.957,15.790000000000001,7.53,1.608,61.678000000000004,
010827,MDIZQ,MDI INC,1986-03-31,1986Q1,SAME_GVKEY_AND_DATE_VALUES_MERGED,610349,610348,10,0.65,2.22,0.079,,0.733,2.297,-0.169,-0.164,0.0,0.0,0.0,
010827,MDIZQ,MDI INC,2008-09-30,2008Q3,SAME_GVKEY_AND_DATE_VALUES_MERGED,610448,610447,12,8.536,9.783000000000001,8.701,7.855,26.651,15.449000000000002,0.062,-0.001,0.002,5.022,5.5,14.25
010827,MDIZQ,MDI INC,2008-12-31,2008Q4,SAME_GVKEY_AND_DATE_VALUES_MERGED,610450,610449,12,6.523000000000001,10.034,8.621,6.793,23.975,15.682,-0.801,-2.976,0.014,2.069,5.5,5.3451
010832,UNAM,UNICO AMERICAN CORP,1996-03-31,1996Q1,SAME_GVKEY_AND_DATE_VALUES_MERGED,610589,610588,8,,,0.279,,95.81700000000001,63.43,2.3970000000000002,2.3970000000000002,0.7230000000000001,2.0,0.0,
010862,SE2,UNION GAS LTD,1985-03-31,1985Q1,SAME_GVKEY_AND_DATE_VALUES_MERGED,613186,613185,0,,,,,,,,,,,,
010884,CQB,CHIQUITA BRANDS INTL INC,1977-09-30,1977Q3,SAME_GVKEY_AND_DATE_VALUES_MERGED,614399,614394,10,420.552,204.394,330.853,,1095.2920000000001,583.025,0.196,-3.0,-1.6,29.076,294.278,
010884,CQB,CHIQUITA BRANDS INTL INC,1977-12-31,1977Q4,SAME_GVKEY_AND_DATE_VALUES_MERGED,614409,614404,10,424.505,205.44,332.29400000000004,,1097.8490000000002,591.2080000000001,-4.099,-11.752,-6.1000000000000005,34.229,300.134,
010884,CQB,CHIQUITA BRANDS INTL INC,1985-03-31,1985Q1,SAME_GVKEY_AND_DATE_VALUES_MERGED,614756,614755,10,572.929,266.016,346.50100000000003,,1012.1550000000001,647.8050000000001,28.414,18.742,9.1,25.275000000000002,200.28400000000002,
010969,USR.1,U S SHOE CORP,1972-10-31,1972Q3,SAME_GVKEY_AND_DATE_VALUES_MERGED,619535,619534,10,161.85500000000002,68.278,33.402,,214.306,110.202,27.451,4.931,2.192,38.133,36.826,
011070,AROX,ALDEROX INC,1992-09-30,1992Q3,SAME_GVKEY_AND_DATE_VALUES_MERGED,626743,626742,0,,,,,,,,,,,,
011070,AROX,ALDEROX INC,1992-12-31,1992Q4,SAME_GVKEY_AND_DATE_VALUES_MERGED,626745,626744,0,,,,,,,,,,,,
011087,3VALL,VALLEY FAIR CORP,1987-04-30,1987Q1,SAME_GVKEY_AND_DATE_VALUES_MERGED,627368,627367,10,15.653,4.51,3.095,,18.937,6.69,-0.614,0.262,0.137,1.08,1.832,
011093,VMI.1,VALMAC INDUSTRIES INC,1979-09-30,1979Q3,SAME_GVKEY_AND_DATE_VALUES_MERGED,627818,627817,10,69.153,52.281000000000006,27.773,,99.55600000000001,71.605,-4.583,-6.703,-2.475,29.130000000000003,14.958,
011093,VMI.1,VALMAC INDUSTRIES INC,1979-12-31,1979Q4,SAME_GVKEY_AND_DATE_VALUES_MERGED,627820,627819,10,93.22200000000001,82.122,28.112000000000002,,124.007,99.033,-1.375,-4.2490000000000006,-1.724,56.692,14.551,
011093,VMI.1,VALMAC INDUSTRIES INC,1980-03-31,1980Q1,SAME_GVKEY_AND_DATE_VALUES_MERGED,627822,627821,10,108.549,95.587,31.011000000000003,,142.275,117.072,3.9040000000000004,0.396,0.169,68.683,19.143,
011103,3PRER,PRECISION RESOURCES INC,1982-09-30,1982Q3,SAME_GVKEY_AND_DATE_VALUES_MERGED,628618,628617,10,2.051,0.801,0.893,,6.521,3.601,-0.304,-0.281,0.0,0.465,2.8000000000000003,
011103,3PRER,PRECISION RESOURCES INC,1982-12-31,1982Q4,SAME_GVKEY_AND_DATE_VALUES_MERGED,628620,628619,10,1.596,1.042,0.884,,6.269,3.375,-0.041,-0.026000000000000002,0.0,0.746,2.333,
011183,VRAI.,VIRAGEN INC,1992-09-30,1992Q3,SAME_GVKEY_AND_DATE_VALUES_MERGED,632839,632838,7,0.097,1.393,0.89,,1.0030000000000001,1.393,,,,0.5690000000000001,0.0,
011183,VRAI.,VIRAGEN INC,1992-12-31,1992Q4,SAME_GVKEY_AND_DATE_VALUES_MERGED,632841,632840,10,0.099,1.042,0.879,,0.9830000000000001,1.5710000000000002,-0.48700000000000004,-0.5630000000000001,0.0,0.097,0.529,
011202,5035B,VISUAL TECHNOLOGY INC,1983-12-31,1983Q4,SAME_GVKEY_AND_DATE_VALUES_MERGED,634003,634002,10,41.975,11.798,6.514,,50.161,13.717,0.6890000000000001,0.8430000000000001,0.342,0.601,1.4340000000000002,
011270,WTWQE,WALL TO WALL SOUND & VIDEO,1986-05-31,1986Q1,SAME_GVKEY_AND_DATE_VALUES_MERGED,638128,638126,10,27.833000000000002,19.499000000000002,8.905000000000001,,37.737,20.218,0.264,0.304,0.08,4.235,0.004,
011295,WEG.2,WASHINGTON ENERGY CO,1973-12-31,1973Q4,SAME_GVKEY_AND_DATE_VALUES_MERGED,639543,639542,4,,,156.356,,171.709,,,,,13.043000000000001,81.72,
011296,WGL,WGL HOLDINGS INC,1987-12-31,1987Q4,SAME_GVKEY_AND_DATE_VALUES_MERGED,639729,639728,10,200.351,168.68300000000002,587.743,,826.7230000000001,479.27700000000004,39.862,34.533,14.266,62.086000000000006,226.955,
011299,WEG1,WASHINGTON NATURAL GAS,1973-12-31,1973Q4,SAME_GVKEY_AND_DATE_VALUES_MERGED,640092,640091,4,,,156.356,,171.709,,,,,13.043000000000001,81.72,
011328,WBB.1,WEBB (DEL E) CORP,1989-09-30,1989Q3,SAME_GVKEY_AND_DATE_VALUES_MERGED,642635,642634,7,,,7.311,,256.277,179.899,5.234,3.7830000000000004,0.029,,99.563,
011328,WBB.1,WEBB (DEL E) CORP,1989-12-31,1989Q4,SAME_GVKEY_AND_DATE_VALUES_MERGED,642637,642636,8,,,7.702,,249.24900000000002,166.446,8.280000000000001,9.141,0.639,3.5700000000000003,92.12700000000001,
011407,SVTG,SAVOIR TECHNOLOGY GROUP INC,1990-03-31,1990Q1,SAME_GVKEY_AND_DATE_VALUES_MERGED,647028,647027,10,23.578,9.956000000000001,2.466,,27.685000000000002,10.369,-0.49000000000000005,-0.541,-0.198,0.734,0.41300000000000003,
011509,WMS.1,WMS INDUSTRIES INC,1987-09-30,1987Q3,SAME_GVKEY_AND_DATE_VALUES_MERGED,653079,653078,10,42.049,36.04,35.486000000000004,,101.15700000000001,72.783,3.725,-0.399,0.0,14.018,36.743,
011529,WRP.1,WINCORP REALTY INVESTMENTS,1980-03-31,1980Q1,SAME_GVKEY_AND_DATE_VALUES_MERGED,654233,654232,8,1.228,,9.431000000000001,,10.659,5.368,0.044000000000000004,0.196,0.094,,0.9500000000000001,
011537,WGO,WINNEBAGO INDUSTRIES,1973-11-30,1973Q3,SAME_GVKEY_AND_DATE_VALUES_MERGED,654707,654706,5,,,,,,,-1.0210000000000001,-1.728,-0.5850000000000001,2.4130000000000003,0.0,
011537,WGO,WINNEBAGO INDUSTRIES,1974-02-28,1973Q4,SAME_GVKEY_AND_DATE_VALUES_MERGED,654709,654708,3,,,,,,,-10.273,-12.298,-5.578,,,
011551,2748B,WISCONSIN FINANCE CORP,1984-09-30,1984Q3,SAME_GVKEY_AND_DATE_VALUES_MERGED,655632,655631,8,,,0.762,,100.87100000000001,85.781,2.971,0.909,0.37,40.137,33.021,
011551,2748B,WISCONSIN FINANCE CORP,1984-12-31,1984Q4,SAME_GVKEY_AND_DATE_VALUES_MERGED,655634,655633,9,,48.122,0.869,,105.71600000000001,90.07600000000001,3.224,1.108,0.48200000000000004,46.539,29.248,
011571,WDBN,WOODBINE PETROLEUM INC,1989-09-30,1989Q3,SAME_GVKEY_AND_DATE_VALUES_MERGED,657392,657391,10,1.018,0.617,3.446,,4.465,1.249,0.14700000000000002,0.13,0.051000000000000004,0.0,0.632,
011667,SLCM,SILICON MOUNTAIN HOLDINGS,2007-03-31,2007Q1,SAME_GVKEY_AND_DATE_VALUES_MERGED,662097,662096,12,0.9840000000000001,0.778,0.099,0.0,1.4480000000000002,0.896,0.016,-0.3,-0.113,0.15,0.0,0.4973
011708,FNCX,FUNCTION(X) INC,2010-09-30,2010Q3,SAME_GVKEY_AND_DATE_VALUES_MERGED,664640,664639,0,,,,,,,,,,,,
011708,FNCX,FUNCTION(X) INC,2010-12-31,2010Q4,SAME_GVKEY_AND_DATE_VALUES_MERGED,664642,664641,11,0.0,0.10500000000000001,0.0,0.0,0.0,0.10500000000000001,-0.031,-0.031,0.0,0.0,0.0,
011724,4409B,INTERNATIONAL RECORD CARRIER,1985-03-31,1985Q1,SAME_GVKEY_AND_DATE_VALUES_MERGED,665423,665422,10,1.9180000000000001,2.842,0.5650000000000001,,2.507,3.023,-1.081,-1.8010000000000002,0.001,1.167,0.17,
011768,ZING.1,ZING TECHNOLOGIES INC,1992-09-30,1992Q3,SAME_GVKEY_AND_DATE_VALUES_MERGED,667119,667118,10,31.652,13.111,7.543,,43.71,27.542,-0.011000000000000001,-0.672,0.0,6.285,13.735000000000001,
011815,0419B,BUFFETS HOLDINGS INC,2001-09-30,2001Q3,SAME_GVKEY_AND_DATE_VALUES_MERGED,669018,669017,0,,,,,,,,,,,,
011815,0419B,BUFFETS HOLDINGS INC,2001-12-31,2001Q4,SAME_GVKEY_AND_DATE_VALUES_MERGED,669029,669023,11,77.643,160.029,203.74200000000002,312.163,637.778,489.12,69.763,28.096,15.388,42.224000000000004,305.99600000000004,
011877,BXG,BLUEGREEN VACATNS CORP,2002-03-31,2002Q1,SAME_GVKEY_AND_DATE_VALUES_MERGED,671648,671647,8,,,49.338,2.431,435.161,282.415,2.644,1.937,0.746,,205.261,
011901,LCNAF,LACANA MINING CORP,1987-12-31,1987Q4,SAME_GVKEY_AND_DATE_VALUES_MERGED,672537,672536,3,,,,,,,2.654,2.5060000000000002,0.20600000000000002,,,
011927,5716B,AMERICAN KEFIR CORP,1987-12-31,1987Q4,SAME_GVKEY_AND_DATE_VALUES_MERGED,674093,674092,10,0.078,0.316,0.083,,0.2,0.53,-0.222,-0.22,0.0,0.018000000000000002,0.21400000000000002,
011944,TUEMQ,TUESDAY MORNING CORP,2006-09-30,2006Q3,SAME_GVKEY_AND_DATE_VALUES_MERGED,675011,675010,12,325.397,141.096,86.888,0.0,417.622,198.934,5.723,5.11,1.947,0.0,47.0,574.6598
011944,TUEMQ,TUESDAY MORNING CORP,2006-12-31,2006Q4,SAME_GVKEY_AND_DATE_VALUES_MERGED,675013,675012,12,301.086,139.991,86.397,0.0,393.134,149.257,37.256,37.004000000000005,13.177000000000001,0.0,0.0,644.1277
012077,RYOU,RAMSAY YOUTH SERVICES INC,1987-09-30,1987Q3,SAME_GVKEY_AND_DATE_VALUES_MERGED,678629,678628,9,28.76,175.59400000000002,133.66,,187.751,180.142,-2.777,-17.743000000000002,,152.75,0.9900000000000001,
012077,RYOU,RAMSAY YOUTH SERVICES INC,1987-12-31,1987Q4,SAME_GVKEY_AND_DATE_VALUES_MERGED,678631,678630,10,31.494,112.729,112.811,,163.733,148.70600000000002,-2.7560000000000002,-7.446000000000001,0.183,92.434,35.356,
012181,RGEN,REPLIGEN CORP,2011-03-31,2011Q1,SAME_GVKEY_AND_DATE_VALUES_MERGED,684173,684172,12,55.844,4.623,2.156,0.994,72.294,5.207,-2.088,-2.031,0.0,0.0,0.0,115.2369
012186,NICE.1,NATL INSTITUTE OF CAREERS,1985-12-31,1985Q4,SAME_GVKEY_AND_DATE_VALUES_MERGED,684412,684411,10,0.547,0.48300000000000004,0.257,,0.867,0.9630000000000001,-0.049,-0.083,0.0,0.305,0.265,
012223,5340A,ROTHSCHILD (LF) HOLDINGS INC,1987-09-30,1987Q3,SAME_GVKEY_AND_DATE_VALUES_MERGED,686343,686342,8,,,33.905,,6936.086,6758.898,71.324,-6.295,-2.298,4672.4490000000005,158.94500000000002,
012223,5340A,ROTHSCHILD (LF) HOLDINGS INC,1987-12-31,1987Q4,SAME_GVKEY_AND_DATE_VALUES_MERGED,686345,686344,8,,,32.875,,2857.4500000000003,2809.087,-38.424,-128.82500000000002,0.0,1570.567,160.53900000000002,
012279,TMCI.,TM CENTURY INC,1989-12-31,1989Q4,SAME_GVKEY_AND_DATE_VALUES_MERGED,689292,689291,10,3.2830000000000004,4.041,1.4260000000000002,,5.944,4.059,-0.7040000000000001,-0.738,-0.197,3.1950000000000003,0.018000000000000002,
012284,ICSI.,INTL CONTAINER SYSTEMS INC,1990-03-31,1990Q1,SAME_GVKEY_AND_DATE_VALUES_MERGED,689475,689474,10,6.054,1.0430000000000001,1.476,,7.735,1.0430000000000001,0.171,0.249,0.07400000000000001,0.0,0.0,
012289,HMGCQ,HMG WORLDWIDE CORP,1986-03-31,1986Q1,SAME_GVKEY_AND_DATE_VALUES_MERGED,689641,689640,10,0.9770000000000001,0.521,0.314,,1.3030000000000002,0.609,-0.35000000000000003,-0.35000000000000003,0.0,0.006,0.08800000000000001,
012349,CGNE,CALGENE INC,1989-09-30,1989Q3,SAME_GVKEY_AND_DATE_VALUES_MERGED,692274,692273,10,47.428000000000004,8.629,12.781,,79.44,11.324,-4.525,-3.0060000000000002,-0.062,2.623,2.6950000000000003,
012366,EOSI,EOS INTERNATIONAL INC,2002-12-31,2002Q4,SAME_GVKEY_AND_DATE_VALUES_MERGED,692999,692998,11,29.682000000000002,25.544,3.612,0.0,41.75,41.517,8.972000000000001,7.628,2.068,8.416,15.973,
012441,IT,GARTNER INC,1987-12-31,1987Q4,SAME_GVKEY_AND_DATE_VALUES_MERGED,693086,693077,0,,,,,,,,,,,,
012441,IT,GARTNER INC,1988-03-31,1988Q1,SAME_GVKEY_AND_DATE_VALUES_MERGED,693114,693107,0,,,,,,,,,,,,
012392,SKYW,SKYWEST INC,2001-03-31,2001Q1,SAME_GVKEY_AND_DATE_VALUES_MERGED,694938,694937,11,354.992,87.95,337.99600000000004,0.0,695.5260000000001,197.50300000000001,11.232000000000001,16.71,6.517,10.247,73.854,
012420,JLUB,JIFFY LUBE INTL,1990-03-31,1990Q1,SAME_GVKEY_AND_DATE_VALUES_MERGED,696633,696632,10,37.159,67.08200000000001,80.947,,254.27200000000002,227.17000000000002,0.115,-4.003,-1.0310000000000001,40.463,134.491,
012424,FDGT,FLUOR DANIEL/GTI INC,1996-01-31,1995Q4,SAME_GVKEY_AND_DATE_VALUES_MERGED,696952,696951,3,,,,,,,-0.229,-0.229,-0.08900000000000001,,,
012424,FDGT,FLUOR DANIEL/GTI INC,1996-04-30,1996Q1,SAME_GVKEY_AND_DATE_VALUES_MERGED,696954,696953,3,,,,,,,0.926,0.926,0.36100000000000004,,,
012437,COMMA,CELLULAR COMMUN INC  -CL A,1986-03-31,1986Q1,SAME_GVKEY_AND_DATE_VALUES_MERGED,697939,697938,10,17.231,2.98,18.209,,47.809000000000005,39.574000000000005,-2.495,-2.668,0.0,0.0,36.594,
012471,WKC,WORLD KINECT CORP,2002-03-31,2002Q1,SAME_GVKEY_AND_DATE_VALUES_MERGED,699744,699743,11,213.139,133.851,5.618,34.003,257.923,141.484,6.383,6.487,2.0140000000000002,5.71,4.322,
012482,CLFD,CLEARFIELD INC,2006-12-31,2006Q4,SAME_GVKEY_AND_DATE_VALUES_MERGED,700663,700662,12,10.615,1.7610000000000001,2.4210000000000003,3.423,16.861,2.181,-0.07400000000000001,0.015000000000000001,0.027,0.015000000000000001,0.007,16.977
012482,CLFD,CLEARFIELD INC,2007-03-31,2007Q1,SAME_GVKEY_AND_DATE_VALUES_MERGED,700665,700664,12,10.232000000000001,2.011,2.2110000000000003,2.571,15.723,2.247,-0.454,-1.232,-0.308,0.07,0.128,14.4838
012484,ADELQ,ADELPHIA COMMUN  -CL A,1998-03-31,1998Q1,SAME_GVKEY_AND_DATE_VALUES_MERGED,700817,700816,8,,,918.6370000000001,,2304.6710000000003,3265.27,27.056,-38.912,-6.165,128.213,2781.532,
012522,RADA,RADA ELECTRONIC INDUSTRIES,1988-03-31,1988Q1,SAME_GVKEY_AND_DATE_VALUES_MERGED,702336,702335,0,,,,,,,,,,,,
012541,SCOM.1,SCS/COMPUTE INC,1989-04-30,1989Q1,SAME_GVKEY_AND_DATE_VALUES_MERGED,703094,703093,9,17.749000000000002,4.732,7.948,,35.93,20.718,7.175000000000001,6.811,2.7760000000000002,,15.235000000000001,
012549,3IDSG,INTL DESIGN GROUP INC,1986-05-31,1986Q1,SAME_GVKEY_AND_DATE_VALUES_MERGED,703672,703671,10,0.52,0.084,0.054,,0.5870000000000001,0.084,-0.375,-0.365,0.0,0.0,0.0,
012596,ARYTF,ARYT INDUSTRIES LTD,1989-03-31,1989Q1,SAME_GVKEY_AND_DATE_VALUES_MERGED,706751,706750,2,,,3.5020000000000002,,,,,,,,0.623,
012610,SRRI,SYNERGY RENEWABLE RESOURCES,1991-03-31,1991Q1,SAME_GVKEY_AND_DATE_VALUES_MERGED,707690,707689,10,0.004,0.732,6.464,,6.468,16.686,-0.14500000000000002,-0.274,0.0,0.5,15.954,
012657,DFTS,DATAWORLD SOLUTIONS INC,1987-09-30,1987Q3,SAME_GVKEY_AND_DATE_VALUES_MERGED,710174,710173,10,14.132000000000001,3.599,3.765,,18.172,12.726,0.398,0.203,0.09000000000000001,0.431,8.801,
012657,DFTS,DATAWORLD SOLUTIONS INC,1987-12-31,1987Q4,SAME_GVKEY_AND_DATE_VALUES_MERGED,710176,710175,10,14.662,3.797,3.7640000000000002,,18.95,13.969000000000001,-0.631,-0.8440000000000001,-0.379,0.41300000000000003,9.71,
012669,CKEC,CARMIKE CINEMAS INC,1986-03-31,1986Q1,SAME_GVKEY_AND_DATE_VALUES_MERGED,710626,710625,10,2.103,8.028,38.022,,40.666000000000004,28.904,0.687,0.09000000000000001,0.04,1.671,18.843,
012688,CECX.,CASTLE ENERGY CORP,1985-12-31,1985Q4,SAME_GVKEY_AND_DATE_VALUES_MERGED,711977,711976,10,4.187,4.276,3.575,,8.687000000000001,8.195,-3.0700000000000003,-3.064,-0.28400000000000003,0.922,3.8560000000000003,
012702,BULL.1,BULL RUN CORP,1998-09-30,1998Q3,SAME_GVKEY_AND_DATE_VALUES_MERGED,712769,712768,10,11.523,7.978000000000001,2.791,,97.208,66.872,0.676,6.712000000000001,2.673,3.7,53.949000000000005,
012702,BULL.1,BULL RUN CORP,1998-12-31,1998Q4,SAME_GVKEY_AND_DATE_VALUES_MERGED,712771,712770,10,11.436,8.124,2.623,,95.17200000000001,65.381,0.188,-0.7100000000000001,-0.313,4.0,51.848,
012713,ABEO,ABEONA THERAPEUTICS INC,1986-03-31,1986Q1,SAME_GVKEY_AND_DATE_VALUES_MERGED,713330,713329,10,2.592,1.31,0.126,,2.722,1.401,-1.0250000000000001,-1.0210000000000001,0.0,0.602,0.01,
012779,AMGC.,AMERICAN CONSOLIDATED GROWTH,1987-09-30,1987Q3,SAME_GVKEY_AND_DATE_VALUES_MERGED,717160,717159,0,,,,,,,,,,,,
012779,AMGC.,AMERICAN CONSOLIDATED GROWTH,1987-12-31,1987Q4,SAME_GVKEY_AND_DATE_VALUES_MERGED,717162,717161,0,,,,,,,,,,,,
012790,4360B,MOSLER INC,1985-09-30,1985Q3,SAME_GVKEY_AND_DATE_VALUES_MERGED,717919,717918,0,,,,,,,,,,,,
012790,4360B,MOSLER INC,1985-12-31,1985Q4,SAME_GVKEY_AND_DATE_VALUES_MERGED,717921,717920,10,50.751000000000005,41.868,26.060000000000002,,137.524,41.868,28.248,26.836000000000002,11.331000000000001,0.0,0.0,
012794,3FMTGE,FARRAGUT MORTGAGE CO INC,1993-12-31,1993Q4,SAME_GVKEY_AND_DATE_VALUES_MERGED,718201,718200,0,,,,,,,,,,,,
012818,CATX,PERSPECTIVE THERAPEUTICS INC,2004-09-30,2004Q3,SAME_GVKEY_AND_DATE_VALUES_MERGED,719689,719688,11,0.0,0.393,0.0,0.0,0.001,0.393,-0.004,-0.004,0.0,0.0,0.0,
012828,NXXIQ,NUTRITION 21 INC,1991-09-30,1991Q3,SAME_GVKEY_AND_DATE_VALUES_MERGED,720538,720537,10,1.484,0.21300000000000002,0.08,,1.729,0.21300000000000002,-0.35800000000000004,-0.35600000000000004,0.0,0.002,0.0,
012828,NXXIQ,NUTRITION 21 INC,1991-12-31,1991Q4,SAME_GVKEY_AND_DATE_VALUES_MERGED,720540,720539,10,0.9470000000000001,0.47100000000000003,0.07400000000000001,,1.205,0.47100000000000003,-0.742,-0.736,0.0,0.0,0.0,
012834,CAPI.2,CAPRIUS INC,1994-12-31,1994Q4,SAME_GVKEY_AND_DATE_VALUES_MERGED,720843,720842,10,10.788,2.173,1.7080000000000002,,12.692,2.512,-2.404,-2.419,0.0,0.111,0.339,
012837,3ADTI,ADVANCE DISPLAY TECHNOLOGIES,1992-09-30,1992Q3,SAME_GVKEY_AND_DATE_VALUES_MERGED,720963,720962,10,0.129,0.924,0.04,,4.567,1.127,-0.5710000000000001,-0.5640000000000001,0.0,0.0,0.0,
012855,NLCI,NOBEL LEARNING CMNTYS INC,1997-09-30,1997Q3,SAME_GVKEY_AND_DATE_VALUES_MERGED,722075,722074,10,3.0180000000000002,13.505,25.48,,70.539,36.213,-0.008,-0.47200000000000003,-0.20700000000000002,3.3960000000000004,22.667,
012855,NLCI,NOBEL LEARNING CMNTYS INC,1997-12-31,1997Q4,SAME_GVKEY_AND_DATE_VALUES_MERGED,722077,722076,10,5.694,13.64,25.174,,74.39800000000001,42.357,0.886,-2.649,-0.792,2.793,28.678,
012877,FPWBQ,FOUNTAIN POWERBOAT INDS INC,1989-09-30,1989Q3,SAME_GVKEY_AND_DATE_VALUES_MERGED,722882,722881,10,9.124,7.87,9.275,,18.434,12.681000000000001,-1.657,-1.335,-0.258,1.9060000000000001,4.413,
012890,TWLO.1,TWL CORP,2002-09-30,2002Q3,SAME_GVKEY_AND_DATE_VALUES_MERGED,723660,723659,11,0.372,1.149,0.006,0.0,0.378,1.149,-0.399,-0.405,0.0,0.812,0.0,
012942,RGRX,REGENERX BIOPHARMACEUTICALS,1990-03-31,1990Q1,SAME_GVKEY_AND_DATE_VALUES_MERGED,725532,725531,10,0.524,0.742,0.095,,0.922,0.742,-0.505,-0.555,0.0,0.41900000000000004,0.0,
012964,CDZI,CADIZ INC,1996-03-31,1996Q1,SAME_GVKEY_AND_DATE_VALUES_MERGED,726849,726848,3,,,,,,,-2.688,-3.141,0.0,,,
012967,VSSC,VISION SCIENCES INC,1986-03-31,1986Q1,SAME_GVKEY_AND_DATE_VALUES_MERGED,727054,727053,10,0.10200000000000001,0.097,0.0,,0.274,0.5920000000000001,-0.114,-0.112,0.0,0.0,0.0,
013027,0097A,GUNDLE/SLT ENVIRONMENTAL INC,1995-03-31,1995Q1,SAME_GVKEY_AND_DATE_VALUES_MERGED,728992,728991,9,67.397,21.735,32.744,,124.13000000000001,51.744,,-4.064,-1.2630000000000001,0.096,26.287000000000003,
013120,3ARVI.,ATLANTIC RESTAURANT VENTURES,1989-09-30,1989Q3,SAME_GVKEY_AND_DATE_VALUES_MERGED,732585,732584,10,0.48500000000000004,2.738,5.047000000000001,,7.829000000000001,5.48,0.13,0.005,0.0,1.231,2.596,
013120,3ARVI.,ATLANTIC RESTAURANT VENTURES,1989-12-31,1989Q4,SAME_GVKEY_AND_DATE_VALUES_MERGED,732587,732586,10,0.275,2.307,4.9270000000000005,,7.449000000000001,5.2620000000000005,-0.024,-0.161,0.0,1.1800000000000002,2.817,
013141,GPKUF,GRAND PEAK CAPITAL CORP,2006-12-31,2006Q4,SAME_GVKEY_AND_DATE_VALUES_MERGED,733779,733266,12,0.448,0.41000000000000003,0.0,0.0,0.448,0.41000000000000003,0.055,-0.034,0.0,0.342,0.0,0.8784000000000001
013145,ICAGY,INTL CONSOL AIRLINES GROUP,2011-03-31,2011Q1,SAME_GVKEY_AND_DATE_VALUES_MERGED,734093,734092,3,,,,,,,-103.53500000000001,-11.346,-96.444,,,
013191,COLZQ,COLUMBIAN ENERGY CO  -LP,1987-12-31,1987Q4,SAME_GVKEY_AND_DATE_VALUES_MERGED,736171,736145,10,0.271,0.256,16.970000000000002,,17.580000000000002,0.256,-1.9080000000000001,-1.935,0.0,0.0,0.0,
013227,LAUR.2,LAUREATE EDUCATION INC  -OLD,1987-03-31,1987Q1,SAME_GVKEY_AND_DATE_VALUES_MERGED,737915,737914,10,4.0360000000000005,4.291,2.476,,17.864,5.355,0.319,0.755,0.307,2.9850000000000003,0.35400000000000004,
013240,3CWTVE,COUNTRY WIDE TRANSPORT SVCS,1992-09-30,1992Q3,SAME_GVKEY_AND_DATE_VALUES_MERGED,738660,738659,0,,,,,,,,,,,,
013240,3CWTVE,COUNTRY WIDE TRANSPORT SVCS,1992-12-31,1992Q4,SAME_GVKEY_AND_DATE_VALUES_MERGED,738662,738661,0,,,,,,,,,,,,
013253,CROP.1,CROP GENETICS INTL CORP,1990-03-31,1990Q1,SAME_GVKEY_AND_DATE_VALUES_MERGED,739201,739200,10,8.302,0.5840000000000001,3.045,,11.347000000000001,0.5840000000000001,-1.9160000000000001,-1.774,0.0,0.0,0.0,
013366,3SMGRE,SIMONE GROUP INC,1991-04-30,1991Q1,SAME_GVKEY_AND_DATE_VALUES_MERGED,744449,744448,10,7.218,5.171,0.233,,7.507000000000001,7.367,-0.32,-0.5690000000000001,0.0,0.314,2.196,
013370,EINF,ENTERPRISE INFORMATICS INC,1999-12-31,1999Q4,SAME_GVKEY_AND_DATE_VALUES_MERGED,744710,744709,10,0.5890000000000001,5.882000000000001,0.436,,4.981,11.355,-0.55,-0.612,0.0,0.5740000000000001,2.708,
013405,3FSMN,FORSTMANN & CO INC,1988-01-31,1987Q4,SAME_GVKEY_AND_DATE_VALUES_MERGED,746374,746373,10,115.43400000000001,21.025000000000002,51.464000000000006,,171.893,129.144,-5.313000000000001,-8.421000000000001,-3.474,0.7150000000000001,106.873,
013410,DTEK,DISPLAY TECHNOLOGIES INC,1991-09-30,1991Q3,SAME_GVKEY_AND_DATE_VALUES_MERGED,746833,746832,10,0.865,0.316,0.28,,1.216,0.316,-0.002,0.039,0.0,0.078,0.0,
013463,3KMKCF,CONTINENTAL MINERALS CORP,1989-09-30,1989Q3,SAME_GVKEY_AND_DATE_VALUES_MERGED,749493,749492,8,,3.7640000000000002,24.101000000000003,,29.540000000000003,3.7640000000000002,-0.54,-0.7170000000000001,0.0,,0.0,
013463,3KMKCF,CONTINENTAL MINERALS CORP,1989-12-31,1989Q4,SAME_GVKEY_AND_DATE_VALUES_MERGED,749495,749494,9,,5.9750000000000005,24.804000000000002,,30.729000000000003,5.9750000000000005,-0.655,-1.623,0.0,3.7030000000000003,0.0,
013480,EBIXQ,EBIX INC,1998-03-31,1998Q1,SAME_GVKEY_AND_DATE_VALUES_MERGED,750387,750386,10,5.8420000000000005,8.801,2.084,,14.782,9.191,0.376,0.24700000000000003,-0.058,2.043,0.367,
013505,DRJ,DREAMS INC,2007-03-31,2007Q1,SAME_GVKEY_AND_DATE_VALUES_MERGED,751703,751702,12,22.536,5.273000000000001,3.504,7.497000000000001,37.655,13.222000000000001,-0.787,-0.9670000000000001,-0.52,0.667,6.731000000000001,125.2707
013523,3TDLB,TREND LABS INC,1989-09-30,1989Q3,SAME_GVKEY_AND_DATE_VALUES_MERGED,752632,752631,10,24.754,27.088,1.3800000000000001,,30.577,30.084000000000003,-0.49400000000000005,-0.9760000000000001,0.0,18.584,2.996,
013523,3TDLB,TREND LABS INC,1989-12-31,1989Q4,SAME_GVKEY_AND_DATE_VALUES_MERGED,752634,752633,10,17.729,6.337000000000001,1.4340000000000002,,20.147000000000002,23.155,-2.5500000000000003,-3.563,0.0,0.097,16.818,
013537,ADGR,ADAL GROUP INC,1996-12-31,1996Q4,SAME_GVKEY_AND_DATE_VALUES_MERGED,753403,753402,10,0.37,0.341,0.0,,0.37,0.341,-0.1,-0.097,0.0,0.0,0.0,
013560,4664A,EQUITABLE LOMAS LEASING CP,1986-09-30,1986Q3,SAME_GVKEY_AND_DATE_VALUES_MERGED,754462,754461,7,,,,,1053.1100000000001,899.8090000000001,25.639000000000003,6.1450000000000005,0.996,305.76300000000003,502.415,
013560,4664A,EQUITABLE LOMAS LEASING CP,1986-12-31,1986Q4,SAME_GVKEY_AND_DATE_VALUES_MERGED,754464,754463,7,,,,,1091.558,935.634,28.847,9.877,5.172000000000001,184.96900000000002,647.8770000000001,
013569,AIGI,AXIA GROUP INC,2003-12-31,2003Q4,SAME_GVKEY_AND_DATE_VALUES_MERGED,755102,755101,11,0.0,0.376,0.001,0.0,0.001,0.376,-0.019,-0.005,0.0,0.0,0.0,
013575,5706B,PERMIAN PARTNERS  -LP,1987-03-31,1987Q1,SAME_GVKEY_AND_DATE_VALUES_MERGED,755451,755450,3,,,,,,,6.407,6.537,0.0,,,
013590,KIDS.,CHILDRENS COMPREHENSIVE SVC,1996-09-30,1996Q3,SAME_GVKEY_AND_DATE_VALUES_MERGED,756364,756363,10,32.042,3.327,14.323,,46.775000000000006,9.762,0.678,0.664,0.17700000000000002,0.21300000000000002,5.945,
013590,KIDS.,CHILDRENS COMPREHENSIVE SVC,1996-12-31,1996Q4,SAME_GVKEY_AND_DATE_VALUES_MERGED,756366,756365,10,26.714000000000002,3.226,14.283000000000001,,43.096000000000004,3.616,1.4260000000000002,1.673,-1.294,0.0,0.0,
013590,KIDS.,CHILDRENS COMPREHENSIVE SVC,1997-03-31,1997Q1,SAME_GVKEY_AND_DATE_VALUES_MERGED,756368,756367,10,28.171000000000003,4.253,14.921000000000001,,45.39,4.643,1.6680000000000001,1.9100000000000001,0.5920000000000001,0.0,0.0,
013609,DOTE10,DOMAIN TECHNOLOGY INC,1986-09-30,1986Q3,SAME_GVKEY_AND_DATE_VALUES_MERGED,757260,757259,3,,,,,,,1.118,0.916,0.41800000000000004,,,
013609,DOTE10,DOMAIN TECHNOLOGY INC,1986-12-31,1986Q4,SAME_GVKEY_AND_DATE_VALUES_MERGED,757262,757261,10,11.444,9.328000000000001,14.858,,27.957,17.782,0.328,0.127,0.08900000000000001,5.5680000000000005,8.454,
013641,CSELQ,CARIBBEAN SELECT INC,1988-03-31,1988Q1,SAME_GVKEY_AND_DATE_VALUES_MERGED,759004,759003,10,2.267,0.659,0.07200000000000001,,2.339,0.674,-0.64,-0.61,0.0,0.081,0.015000000000000001,
013700,XRAY,DENTSPLY SIRONA INC,1993-03-31,1993Q1,SAME_GVKEY_AND_DATE_VALUES_MERGED,759734,759698,10,63.289,38.887,22.536,,128.816,55.283,22.806,13.534,5.9110000000000005,4.837000000000001,7.9030000000000005,
013682,CEQG,CENTENNIAL GROUP,1986-09-30,1986Q3,SAME_GVKEY_AND_DATE_VALUES_MERGED,760071,760070,7,,,212.345,,284.80400000000003,138.874,2.8760000000000003,2.4210000000000003,1.21,,121.90100000000001,
013760,NAMC,NORTH AMERICAN TECHNOLOGIES,2005-12-31,2005Q4,SAME_GVKEY_AND_DATE_VALUES_MERGED,763221,763220,11,3.008,22.587,11.807,0.0,16.347,22.587,-3.664,-5.614,0.0,18.895,0.0,
013796,5803B,REED SYSTEMS INC,1986-09-30,1986Q3,SAME_GVKEY_AND_DATE_VALUES_MERGED,764761,764760,10,0.009000000000000001,0.003,0.0,,0.031,0.003,-0.022000000000000002,-0.022000000000000002,0.0,0.0,0.0,
013800,AFAM,ALMOST FAMILY INC,2001-03-31,2001Q1,SAME_GVKEY_AND_DATE_VALUES_MERGED,764973,764972,11,11.438,6.204000000000001,4.686,2.4770000000000003,21.618000000000002,13.062000000000001,0.6950000000000001,0.6890000000000001,0.32,0.29000000000000004,6.228000000000001,
013842,FTUSQ,FACTORY 2-U STORES INC,1993-04-30,1993Q1,SAME_GVKEY_AND_DATE_VALUES_MERGED,766339,766338,10,0.036000000000000004,7.764,0.0,,1.493,9.856,-0.776,-1.483,0.0,2.025,2.092,
013897,LFT.1,LIFETIME CORP,1987-03-31,1987Q1,SAME_GVKEY_AND_DATE_VALUES_MERGED,767945,767944,3,,,,,,,1.143,1.036,1.365,,,
013963,VGR,VECTOR GROUP LTD,1990-03-31,1990Q1,SAME_GVKEY_AND_DATE_VALUES_MERGED,770730,770729,10,191.101,75.25500000000001,21.188000000000002,,237.191,142.41500000000002,15.837000000000002,432.146,4.554,0.9820000000000001,33.474000000000004,
014087,BRGYY,BG GROUP PLC,1991-03-31,1991Q1,SAME_GVKEY_AND_DATE_VALUES_MERGED,774703,774702,10,7137.0,6626.0,37969.0,,47043.0,11791.0,1786.967,1701.2900000000002,575.2570000000001,1792.0,4079.0,
014177,EDAT,ELECTRONIC DATA TECHNOLOGIES,1988-12-31,1988Q4,SAME_GVKEY_AND_DATE_VALUES_MERGED,778640,778639,10,9.477,5.835,1.7060000000000002,,13.316,6.288,0.8270000000000001,0.8260000000000001,0.269,2.0180000000000002,0.0,
014180,TRVLE.1,TRUVEL CORP,1988-12-31,1988Q4,SAME_GVKEY_AND_DATE_VALUES_MERGED,778708,778707,10,4.9750000000000005,2.4330000000000003,0.7040000000000001,,5.7700000000000005,3.3080000000000003,0.29500000000000004,0.301,0.0,0.5750000000000001,0.875,
014261,SBH.2,SMITHKLINE BEECHAM (UK) PLC,1989-03-31,1989Q1,SAME_GVKEY_AND_DATE_VALUES_MERGED,782509,782508,3,,,,,,,401.077,396.022,128.07500000000002,,,
014268,BORL,BORLAND SOFTWARE CORP,1997-03-31,1997Q1,SAME_GVKEY_AND_DATE_VALUES_MERGED,782836,782835,9,79.02900000000001,80.318,106.563,,192.702,102.82600000000001,-21.832,-44.169000000000004,0.367,,9.348,
014308,NSB.1,NORTHEAST FEDERAL CORP,1993-03-31,1993Q1,SAME_GVKEY_AND_DATE_VALUES_MERGED,784617,784616,4,,,34.059000000000005,0.0,3979.7200000000003,,,,0.115,,,
014331,5050A,CHEMETRON CORP,1986-12-31,1986Q4,SAME_GVKEY_AND_DATE_VALUES_MERGED,785507,785506,10,207.06,16.953,2.487,,210.721,55.505,1.248,-2.604,-0.553,12.17,35.225,
014395,BJCT,BIOJECT MEDICAL TECHNOLOGIES,2002-03-31,2002Q1,SAME_GVKEY_AND_DATE_VALUES_MERGED,787672,787671,10,14.609,1.195,2.314,0.0,33.469,1.5030000000000001,-1.8390000000000002,-1.7650000000000001,0.0,,0.006,
014503,IPSU,IMPERIAL SUGAR CO,1996-12-31,1996Q4,SAME_GVKEY_AND_DATE_VALUES_MERGED,792397,792396,10,306.66900000000004,171.62,153.90200000000002,,482.107,308.807,4.4510000000000005,2.182,0.686,78.774,90.595,
014503,IPSU,IMPERIAL SUGAR CO,1997-03-31,1997Q1,SAME_GVKEY_AND_DATE_VALUES_MERGED,792399,792398,10,285.147,151.241,146.40200000000002,,449.93300000000005,272.97700000000003,7.524,4.349,1.4040000000000001,63.487,90.619,
014538,TEVA,TEVA PHARMACEUTICAL INDUSTRI,1987-03-31,1987Q1,SAME_GVKEY_AND_DATE_VALUES_MERGED,793555,793554,10,82.88900000000001,44.134,30.738000000000003,,136.738,66.435,2.744,6.796,1.352,14.074,20.283,
014550,BIB.1,BIBB CO/DEL,1989-03-31,1989Q1,SAME_GVKEY_AND_DATE_VALUES_MERGED,793978,793967,3,,,,,,,9.512,-2.436,-0.42100000000000004,,,
014552,COES,COMMODORE ENVIRONMENTAL SVCS,1987-03-31,1987Q1,SAME_GVKEY_AND_DATE_VALUES_MERGED,794129,794128,10,16.573,13.83,2.0820000000000003,,60.839000000000006,43.701,7.581,6.861000000000001,3.4170000000000003,8.49,26.789,
014581,MGCD,MGC DIAGNOSTICS CORP,1987-10-31,1987Q3,SAME_GVKEY_AND_DATE_VALUES_MERGED,795713,795712,3,,,,,,,0.030000000000000002,0.022000000000000002,0.0,,,
014581,MGCD,MGC DIAGNOSTICS CORP,1988-01-31,1987Q4,SAME_GVKEY_AND_DATE_VALUES_MERGED,795715,795714,3,,,,,,,0.025,0.021,0.0,,,
014581,MGCD,MGC DIAGNOSTICS CORP,1988-04-30,1988Q1,SAME_GVKEY_AND_DATE_VALUES_MERGED,795717,795716,0,,,,,,,,,,,,
014604,UNBS,UNITED BUYING SERVICE INTL,1987-09-30,1987Q3,SAME_GVKEY_AND_DATE_VALUES_MERGED,797267,797266,10,0.29300000000000004,0.094,0.015000000000000001,,0.502,0.094,-0.055,-0.081,-0.002,0.001,0.0,
014604,UNBS,UNITED BUYING SERVICE INTL,1987-12-31,1987Q4,SAME_GVKEY_AND_DATE_VALUES_MERGED,797269,797268,10,0.17700000000000002,0.32,0.14,,0.5700000000000001,0.32,-0.153,-0.162,0.001,0.0,0.0,
014615,HSX,HOOK SUPERX INC,1987-11-30,1987Q3,SAME_GVKEY_AND_DATE_VALUES_MERGED,797944,797943,10,218.169,128.091,275.81800000000004,,503.992,473.87,23.894000000000002,-4.873,0.273,5.182,345.779,
014668,JPI.1,JUPITER NATIONAL,1992-09-30,1992Q3,SAME_GVKEY_AND_DATE_VALUES_MERGED,798786,798785,0,,,,,,,,,,,,
014668,JPI.1,JUPITER NATIONAL,1992-12-31,1992Q4,SAME_GVKEY_AND_DATE_VALUES_MERGED,798798,798797,0,,,,,,,,,,,,
014645,3ACDX,ATLANTIC INDUSTRIES INC,1992-03-31,1992Q1,SAME_GVKEY_AND_DATE_VALUES_MERGED,799861,799860,0,,,,,,,,,,,,
014688,BZF.1,BRAZIL FUND,1998-09-30,1998Q3,SAME_GVKEY_AND_DATE_VALUES_MERGED,801693,801692,0,,,,,,,,,,,,
014688,BZF.1,BRAZIL FUND,1998-12-31,1998Q4,SAME_GVKEY_AND_DATE_VALUES_MERGED,801695,801694,0,,,,,,,,,,,,
014850,TUXX,AL'S FORMAL WEAR INC,1987-12-31,1987Q4,SAME_GVKEY_AND_DATE_VALUES_MERGED,808032,808031,10,0.001,0.001,0.0,,0.001,0.001,-0.01,-0.01,0.0,0.0,0.0,
014886,GLOV.1,AHPC HOLDINGS INC,1999-09-30,1999Q3,SAME_GVKEY_AND_DATE_VALUES_MERGED,809381,809380,10,26.490000000000002,19.554000000000002,13.956000000000001,,41.879000000000005,20.927,0.9430000000000001,0.649,-0.36100000000000004,9.897,1.2630000000000001,
014886,GLOV.1,AHPC HOLDINGS INC,1999-12-31,1999Q4,SAME_GVKEY_AND_DATE_VALUES_MERGED,809383,809382,10,25.093,17.439,13.695,,40.194,19.092000000000002,0.793,0.518,0.368,8.313,1.1,
014890,DUR.1,DURACELL INTERNATIONAL,1987-09-30,1987Q3,SAME_GVKEY_AND_DATE_VALUES_MERGED,809506,809505,0,,,,,,,,,,,,
014890,DUR.1,DURACELL INTERNATIONAL,1987-12-31,1987Q4,SAME_GVKEY_AND_DATE_VALUES_MERGED,809508,809507,10,543.6,271.0,259.90000000000003,,935.6,304.90000000000003,120.80000000000001,116.10000000000001,54.1,28.3,2.9000000000000004,
014903,AFCO.,AMERICAN FIRST CORP,1988-12-31,1988Q4,SAME_GVKEY_AND_DATE_VALUES_MERGED,810465,810464,9,,1.919,0.029,,5.41,3.064,-2.3520000000000003,-2.52,0.0,0.378,0.04,
014924,NTPIF,NAM TAI PROPERTY INC,1990-03-31,1990Q1,SAME_GVKEY_AND_DATE_VALUES_MERGED,811494,811493,0,,,,,,,,,,,,
014938,LOGC.1,LOGIC DEVICES INC,1997-12-31,1997Q4,SAME_GVKEY_AND_DATE_VALUES_MERGED,812111,812110,10,20.825,5.641,5.11,,27.493000000000002,6.766,0.158,-0.077,-0.085,4.184,0.7050000000000001,
014943,3WESCE,WASATCH EDUCATION SYS,1991-09-30,1991Q3,SAME_GVKEY_AND_DATE_VALUES_MERGED,812317,812316,10,4.805000000000001,6.039000000000001,0.605,,8.048,7.433000000000001,0.42700000000000005,0.256,0.032,1.748,1.3940000000000001,
014943,3WESCE,WASATCH EDUCATION SYS,1991-12-31,1991Q4,SAME_GVKEY_AND_DATE_VALUES_MERGED,812319,812318,10,3.463,5.392,0.5770000000000001,,6.523000000000001,6.663,-0.253,-0.329,0.23,1.28,1.2710000000000001,
015103,CGA.1,CORUS GROUP PLC,2000-03-31,2000Q1,SAME_GVKEY_AND_DATE_VALUES_MERGED,816835,816834,3,,,,,,,157.62800000000001,124.19200000000001,35.029,,,
015135,GTNOQ,GLOBAL TECHNOVATIONS INC,1991-12-31,1991Q4,SAME_GVKEY_AND_DATE_VALUES_MERGED,818197,818196,10,1.508,0.609,0.20900000000000002,,2.0860000000000003,0.609,-0.309,-0.29100000000000004,0.0,0.0,0.0,
015177,3AMNT.,AMERICAN NETWORK GROUP INC,1993-03-31,1993Q1,SAME_GVKEY_AND_DATE_VALUES_MERGED,819790,819789,10,4.126,5.392,0.9580000000000001,,7.405,7.283,-1.8430000000000002,-1.768,0.008,1.977,0.0,
015203,NETE.,NETEGRITY INC,1996-03-31,1996Q1,SAME_GVKEY_AND_DATE_VALUES_MERGED,821062,821061,10,8.766,8.365,0.745,,10.456000000000001,8.553,0.17500000000000002,0.18100000000000002,0.0,1.1360000000000001,0.188,
015292,OPIX,ODYSSEY PICTURES CORP,1989-09-30,1989Q3,SAME_GVKEY_AND_DATE_VALUES_MERGED,824593,824592,7,,,1.518,,5.44,2.532,0.203,0.28800000000000003,0.14500000000000002,,1.0,
015292,OPIX,ODYSSEY PICTURES CORP,1989-12-31,1989Q4,SAME_GVKEY_AND_DATE_VALUES_MERGED,824595,824594,8,,,2.624,,6.649,2.676,0.42000000000000004,0.28900000000000003,0.136,0.25,0.75,
015351,PURT.,PURETEC CORP,1991-09-30,1991Q3,SAME_GVKEY_AND_DATE_VALUES_MERGED,826483,826460,10,0.755,0.901,0.17900000000000002,,1.4460000000000002,0.926,-0.6900000000000001,-0.6900000000000001,0.0,0.1,0.0,
015474,SYNX.1,SYNERGX SYSTEMS INC,1988-12-31,1988Q4,SAME_GVKEY_AND_DATE_VALUES_MERGED,835412,835411,3,,,,,,,0.256,0.21300000000000002,0.0,,,
015474,SYNX.1,SYNERGX SYSTEMS INC,1989-03-31,1989Q1,SAME_GVKEY_AND_DATE_VALUES_MERGED,835414,835413,3,,,,,,,0.045000000000000005,-0.032,0.061000000000000006,,,
015490,UBMSQ,USA BIOMASS CORP,1993-11-30,1993Q3,SAME_GVKEY_AND_DATE_VALUES_MERGED,835704,835703,10,2.4,3.197,3.487,,17.573,13.945,-0.085,2.291,0.0,0.267,7.08,
015505,AIBGY,AIB GROUP PLC,1992-03-31,1992Q1,SAME_GVKEY_AND_DATE_VALUES_MERGED,836027,836026,5,,,684.053,,29488.598,27911.733,,,,3110.9610000000002,1100.981,
015508,NGLOY,ANGLO AMERICAN PLC,1998-03-31,1998Q1,SAME_GVKEY_AND_DATE_VALUES_MERGED,836157,836156,0,,,,,,,,,,,,
015521,SPLS.1,STAPLES INC,1989-04-30,1989Q1,SAME_GVKEY_AND_DATE_VALUES_MERGED,836612,836611,10,63.607000000000006,19.085,16.862000000000002,,81.74000000000001,23.518,1.1760000000000002,1.208,0.007,2.94,3.974,
015853,3HUDSE,HUDSON HOTELS CP,1995-03-31,1995Q1,SAME_GVKEY_AND_DATE_VALUES_MERGED,838787,838786,10,2.424,1.981,6.559,,14.680000000000001,11.167,0.14500000000000002,0.164,-0.878,0.541,8.546000000000001,
016069,INVU,INVESTVIEW INC,2021-03-31,2021Q1,SAME_GVKEY_AND_DATE_VALUES_MERGED,842234,842233,12,12.327,10.321,5.915,0.0,19.553,23.251,5.383,5.0840000000000005,0.14200000000000002,3.365,12.930000000000001,1218.94
016069,INVU,INVESTVIEW INC,2021-06-30,2021Q2,SAME_GVKEY_AND_DATE_VALUES_MERGED,842236,842235,12,22.466,10.106,5.4350000000000005,0.0,30.685000000000002,22.465,10.538,8.776,0.003,4.296,12.359,476.05330000000004
016069,INVU,INVESTVIEW INC,2021-09-30,2021Q3,SAME_GVKEY_AND_DATE_VALUES_MERGED,842238,842237,12,31.755000000000003,12.358,6.720000000000001,0.0,40.072,22.575000000000003,7.542000000000001,8.375,0.001,4.41,10.217,361.475
016597,LSCC,LATTICE SEMICONDUCTOR CORP,1999-03-31,1999Q1,SAME_GVKEY_AND_DATE_VALUES_MERGED,850176,850175,10,381.36600000000004,57.162000000000006,44.993,,540.8960000000001,57.162000000000006,14.692,17.552,5.705,0.0,0.0,
016766,CFX.2,CFX CORP,1987-03-31,1987Q1,SAME_GVKEY_AND_DATE_VALUES_MERGED,855773,855727,8,,,2.274,,338.745,261.98400000000004,1.471,1.471,0.521,25.0,3.0,
017001,FUBO,FUBOTV INC,2025-12-31,2025Q4,SAME_GVKEY_AND_DATE_VALUES_MERGED,868887,868886,0,,,,,,,,,,,,
017144,RSFC,REPUBLIC SECURITY FINANCIAL,1995-03-31,1995Q1,SAME_GVKEY_AND_DATE_VALUES_MERGED,875503,875502,9,,,6.103000000000001,0.0,280.039,259.593,1.454,0.436,0.158,2.748,16.985,
017164,YES.2,YANKEE ENERGY SYSTEMS INC,1989-12-31,1989Q4,SAME_GVKEY_AND_DATE_VALUES_MERGED,876716,876715,10,65.793,63.958000000000006,266.884,,338.76800000000003,227.049,15.835,12.82,5.352,27.593,122.4,
017175,HURA,TUHURA BIOSCIENCES INC,2013-09-30,2013Q3,SAME_GVKEY_AND_DATE_VALUES_MERGED,877302,877301,12,5.393000000000001,0.42800000000000005,0.0,0.0,5.393000000000001,5.697,-1.302,6.7940000000000005,0.0,0.0,0.25,30.8896
017175,HURA,TUHURA BIOSCIENCES INC,2013-12-31,2013Q4,SAME_GVKEY_AND_DATE_VALUES_MERGED,877304,877303,12,4.319,0.249,0.0,0.0,4.319,5.1370000000000005,-1.202,-0.866,0.0,0.0,0.25,29.6429
017366,AVMC.1,AVINCI MEDIA CORP,1991-12-31,1991Q4,SAME_GVKEY_AND_DATE_VALUES_MERGED,883696,883695,10,1.756,6.3180000000000005,1.149,,9.372,7.798,-0.151,-0.323,-0.08800000000000001,4.827,1.48,
017528,SYSE,SYSTEMS EQUIPMENT CORP,1988-12-31,1988Q4,SAME_GVKEY_AND_DATE_VALUES_MERGED,885978,885977,10,3.49,2.9210000000000003,0.13,,3.661,3.2870000000000004,0.189,0.14500000000000002,0.005,1.497,0.366,
017528,SYSE,SYSTEMS EQUIPMENT CORP,1989-03-31,1989Q1,SAME_GVKEY_AND_DATE_VALUES_MERGED,885980,885979,10,3.446,2.939,0.125,,3.6750000000000003,3.289,0.063,0.006,0.0,1.607,0.35000000000000003,
017707,WBBW,WESTBURY BANCORP INC,2011-12-31,2011Q4,SAME_GVKEY_AND_DATE_VALUES_MERGED,888560,888559,9,,,14.874,0.0,578.618,532.504,3.3720000000000003,-8.819,-1.199,0.0,3.439,
017961,TXCS,TOTALAXCESS.COM INC,1995-09-30,1995Q3,SAME_GVKEY_AND_DATE_VALUES_MERGED,893418,893417,10,0.051000000000000004,0.632,0.0,,0.329,0.632,-0.9480000000000001,-1.097,0.0,0.0,0.0,
018636,DEO,DIAGEO PLC,1997-09-30,1997Q3,SAME_GVKEY_AND_DATE_VALUES_MERGED,906263,906262,0,,,,,,,,,,,,
018636,DEO,DIAGEO PLC,1997-12-31,1997Q4,SAME_GVKEY_AND_DATE_VALUES_MERGED,906265,906264,10,13631.125,10983.092,5121.938,,29435.541,17450.402000000002,3257.474,2301.4230000000002,827.921,5026.662,4910.027,
018793,HPTG,HYDROPHI TECHNOLOGIES GROUP,2015-03-31,2015Q1,SAME_GVKEY_AND_DATE_VALUES_MERGED,909274,909273,12,0.13,3.919,0.002,0.0,0.49200000000000005,6.297000000000001,-0.405,-1.331,0.0,1.226,0.5740000000000001,2.2261
019033,ABTS,ABITS GROUP INC,2021-03-31,2021Q1,SAME_GVKEY_AND_DATE_VALUES_MERGED,913925,913924,12,3.6270000000000002,1.3210000000000002,0.0,0.0,3.6270000000000002,1.3210000000000002,-1.677,-1.677,0.0,0.092,0.0,87.61930000000001
019033,ABTS,ABITS GROUP INC,2021-06-30,2021Q2,SAME_GVKEY_AND_DATE_VALUES_MERGED,913928,913927,12,3.488,1.105,0.0,0.0,3.488,1.105,-0.18100000000000002,0.05,0.0,0.0,0.0,431.13320000000004
019054,MONM,MONMOUTH CAPITAL CORP,2001-03-31,2001Q1,SAME_GVKEY_AND_DATE_VALUES_MERGED,914402,914401,11,12.579,9.003,0.011000000000000001,0.0,15.495000000000001,9.031,0.033,-0.060000000000000005,0.0,8.873000000000001,0.0,
019950,EGLOQ,EGLOBE INC,1998-03-31,1998Q1,SAME_GVKEY_AND_DATE_VALUES_MERGED,931525,931524,10,10.488000000000001,8.044,11.911000000000001,,22.900000000000002,15.779,-1.01,-6.454000000000001,1.5,0.24400000000000002,7.735,
020064,EVG.1,EVERGREEN RESOURCES,1996-03-31,1996Q1,SAME_GVKEY_AND_DATE_VALUES_MERGED,934549,934548,10,4.969,2.49,37.624,,44.172000000000004,5.083,-0.053000000000000005,0.021,0.0,0.0,0.0,
020134,GW,GREY WOLF INC,1994-03-31,1994Q1,SAME_GVKEY_AND_DATE_VALUES_MERGED,936175,936174,10,22.456,13.128,23.971,,46.524,15.076,-1.3030000000000002,-1.2930000000000001,0.0,2.0260000000000002,1.9480000000000002,
020189,STAH,STAT-TECH INTL CORP,1988-12-31,1988Q4,SAME_GVKEY_AND_DATE_VALUES_MERGED,937039,937038,10,0.2,0.025,0.046,,0.298,0.032,0.004,0.004,0.003,0.004,0.006,
020619,NXEO,NEXEO SOLUTIONS INC,2015-12-31,2015Q4,SAME_GVKEY_AND_DATE_VALUES_MERGED,942391,942390,12,0.059000000000000004,0.766,0.0,0.0,500.706,19.075,-0.301,-0.14200000000000002,0.0,0.311,0.0,148.08530000000002
021000,HSDT,SOLANA CO,2016-03-31,2016Q1,SAME_GVKEY_AND_DATE_VALUES_MERGED,948302,948301,12,4.041,2.331,0.0,0.0,4.041,4.057,-2.915,-3.8310000000000004,0.0,0.0,0.0,56.310500000000005
021042,AKTSQ,AKOUSTIS TECHNOLOGIES INC,2015-09-30,2015Q3,SAME_GVKEY_AND_DATE_VALUES_MERGED,949295,949294,12,3.4690000000000003,0.378,0.18100000000000002,0.0,3.714,0.5690000000000001,-1.084,-1.069,0.0,0.0,0.0,52.666000000000004
021042,AKTSQ,AKOUSTIS TECHNOLOGIES INC,2015-12-31,2015Q4,SAME_GVKEY_AND_DATE_VALUES_MERGED,949297,949296,12,2.551,0.51,0.192,0.0,2.851,0.6950000000000001,-1.075,-1.07,0.0,0.0,0.0,20.8336
021042,AKTSQ,AKOUSTIS TECHNOLOGIES INC,2016-03-31,2016Q1,SAME_GVKEY_AND_DATE_VALUES_MERGED,949299,949298,12,2.833,0.367,0.182,0.0,3.087,0.681,-0.623,-0.749,0.0,0.0,0.0,28.727700000000002
021241,ENFY,ENLIGHTIFY INC,2006-09-30,2006Q3,SAME_GVKEY_AND_DATE_VALUES_MERGED,953574,953573,0,,,,,,,,,,,,
021241,ENFY,ENLIGHTIFY INC,2006-12-31,2006Q4,SAME_GVKEY_AND_DATE_VALUES_MERGED,953576,953575,0,,,,,,,,,,,,
021300,RCFO,RICA FOODS INC,1987-09-30,1987Q3,SAME_GVKEY_AND_DATE_VALUES_MERGED,954290,954289,10,0.003,0.001,0.0,,0.013000000000000001,0.001,0.0,0.0,0.0,0.0,0.0,
021300,RCFO,RICA FOODS INC,1987-12-31,1987Q4,SAME_GVKEY_AND_DATE_VALUES_MERGED,954292,954291,10,0.28900000000000003,0.004,0.0,,0.28900000000000003,0.004,0.0,0.002,0.0,0.0,0.0,
021673,BSMLQ,BSML INC,2000-03-31,2000Q1,SAME_GVKEY_AND_DATE_VALUES_MERGED,961524,961523,10,15.018,4.149,15.903,,32.39,4.271,-7.293,-7.098000000000001,0.011000000000000001,0.0,0.0,
021950,APAR,APPAREL AMERICA INC,1992-10-31,1992Q3,SAME_GVKEY_AND_DATE_VALUES_MERGED,966255,966254,3,,,,,,,-1.5570000000000002,-2.019,0.01,,,
021950,APAR,APPAREL AMERICA INC,1993-01-31,1992Q4,SAME_GVKEY_AND_DATE_VALUES_MERGED,966257,966256,3,,,,,,,0.9860000000000001,0.47200000000000003,0.008,,,
022057,USTX,UST LIQUIDATING CORP,1996-09-30,1996Q3,SAME_GVKEY_AND_DATE_VALUES_MERGED,967941,967940,10,1.0030000000000001,1.601,0.46900000000000003,,4.243,2.5060000000000002,-0.7250000000000001,-0.758,0.0,0.559,0.45,
022528,3MGXI,MICROGRAFX INC,1993-09-30,1993Q3,SAME_GVKEY_AND_DATE_VALUES_MERGED,970454,970356,3,,,,,,,1.034,0.921,0.313,,,
022528,3MGXI,MICROGRAFX INC,1993-12-31,1993Q4,SAME_GVKEY_AND_DATE_VALUES_MERGED,970466,970460,3,,,,,,,2.1550000000000002,-1.703,-0.5790000000000001,,,
022528,3MGXI,MICROGRAFX INC,1994-03-31,1994Q1,SAME_GVKEY_AND_DATE_VALUES_MERGED,970581,970545,3,,,,,,,-2.912,-3.137,-0.191,,,
022447,PARR,PAR PACIFIC HOLDINGS INC,1993-09-30,1993Q3,SAME_GVKEY_AND_DATE_VALUES_MERGED,974027,974026,10,0.9380000000000001,1.161,9.241,,11.128,2.8960000000000004,0.07300000000000001,0.10200000000000001,0.0,0.0,1.332,
022447,PARR,PAR PACIFIC HOLDINGS INC,1993-12-31,1993Q4,SAME_GVKEY_AND_DATE_VALUES_MERGED,974029,974028,10,0.8550000000000001,1.5510000000000002,9.808,,11.357000000000001,3.1750000000000003,0.017,-0.229,0.0,0.0,1.352,
022466,MGPR,M G PRODUCTS INC,1992-03-31,1992Q1,SAME_GVKEY_AND_DATE_VALUES_MERGED,974519,974518,9,15.117,13.665000000000001,3.5090000000000003,,19.641000000000002,14.493,,0.318,0.079,7.3950000000000005,0.8280000000000001,
022567,QPDC,QUALITY PRODUCTS INC,1991-12-31,1991Q4,SAME_GVKEY_AND_DATE_VALUES_MERGED,975803,975802,10,1.7930000000000001,1.282,6.433000000000001,,8.9,5.894,-0.069,-0.373,0.0,0.319,4.612,
022633,UOIP,UNIFIEDONLINE INC,2013-09-30,2013Q3,SAME_GVKEY_AND_DATE_VALUES_MERGED,976720,976719,12,0.444,1.1380000000000001,0.308,0.0,0.767,1.1380000000000001,-2.055,-2.597,0.0,0.368,0.0,9.395
022695,3SCES,SUCCESSORIES INC,1995-04-30,1995Q1,SAME_GVKEY_AND_DATE_VALUES_MERGED,977563,977562,10,17.443,8.618,9.65,,29.166,16.893,-8.777000000000001,-9.49,-0.7030000000000001,1.129,8.275,
022772,UQM,UQM TECHNOLOGIES INC,2016-03-31,2016Q1,SAME_GVKEY_AND_DATE_VALUES_MERGED,979160,979159,12,10.116,1.35,6.048,0.0,23.351000000000003,1.639,-1.526,-0.931,0.0,0.0,0.0,27.649600000000003
022839,3525B,K & F INDUSTRIES INC,1996-03-31,1996Q1,SAME_GVKEY_AND_DATE_VALUES_MERGED,981113,981112,10,101.804,65.477,65.044,,416.03700000000003,455.738,7.849,-1.911,0.0,0.0,294.0,
022946,NCEB,NORTH COAST ENERGY INC,2001-03-31,2001Q1,SAME_GVKEY_AND_DATE_VALUES_MERGED,982053,982052,7,26.604000000000003,10.529,105.24300000000001,,135.353,81.40100000000001,,,,0.557,67.167,
023051,GBMT,GLOBAL MAINTECH CORP,1994-03-31,1994Q1,SAME_GVKEY_AND_DATE_VALUES_MERGED,984191,984190,10,1.1880000000000002,0.438,0.0,,1.429,2.4530000000000003,0.0,-0.033,0.0,0.0,1.961,
023220,OA,ORBITAL ATK INC,2015-03-31,2015Q1,SAME_GVKEY_AND_DATE_VALUES_MERGED,987767,987766,11,2388.906,1096.784,807.057,1875.269,5504.402,3716.742,,-43.768,-4.223,59.997,1528.5040000000001,4553.9676
023498,3ACQGE,ACQUA GROUP INC,1993-01-31,1992Q4,SAME_GVKEY_AND_DATE_VALUES_MERGED,992854,992853,10,0.42800000000000005,1.8900000000000001,0.22,,0.787,1.9080000000000001,-0.5760000000000001,-0.647,0.0,0.871,0.018000000000000002,
023499,3ITEQ,ITEQ INC,1993-03-31,1993Q1,SAME_GVKEY_AND_DATE_VALUES_MERGED,992873,992872,10,13.954,9.916,1.5790000000000002,,26.585,12.045,-0.7250000000000001,-0.74,-0.20400000000000001,1.5690000000000002,2.129,
023561,AMNI,AMERICAN NOBLE GAS INC,2001-03-31,2001Q1,SAME_GVKEY_AND_DATE_VALUES_MERGED,994231,994230,10,5.798,5.692,14.235000000000001,,26.014000000000003,12.418000000000001,0.009000000000000001,1.0290000000000001,0.36200000000000004,3.519,5.5520000000000005,
023563,TRKAQ,TROIKA MEDIA GROUP INC,2018-09-30,2018Q3,SAME_GVKEY_AND_DATE_VALUES_MERGED,994348,994347,0,,,,,,,,,,,,
023563,TRKAQ,TROIKA MEDIA GROUP INC,2018-12-31,2018Q4,SAME_GVKEY_AND_DATE_VALUES_MERGED,994350,994349,0,,,,,,,,,,,,
023701,SMRL,SIMTROL INC,1993-03-31,1993Q1,SAME_GVKEY_AND_DATE_VALUES_MERGED,997048,997047,10,6.284000000000001,3.4290000000000003,0.924,,8.134,3.519,-0.8270000000000001,-1.657,0.0,0.748,0.0,
023734,3BSHCE,BLUESTONE HOLDING CORP,2001-03-31,2001Q1,SAME_GVKEY_AND_DATE_VALUES_MERGED,997839,997838,8,5.732,0.2,0.0,0.0,5.948,0.2,,,,0.0,0.0,
023798,PT.1,PET INC,1990-09-30,1990Q3,SAME_GVKEY_AND_DATE_VALUES_MERGED,999701,999700,3,,,,,,,28.3,-53.800000000000004,-17.5,,,
023798,PT.1,PET INC,1990-12-31,1990Q4,SAME_GVKEY_AND_DATE_VALUES_MERGED,999703,999702,10,412.5,537.1,356.90000000000003,,1531.4,729.8000000000001,62.0,51.300000000000004,22.1,3.7,137.9,
023799,APHTQ,APHTON CORP,1997-04-30,1997Q1,SAME_GVKEY_AND_DATE_VALUES_MERGED,999752,999751,10,9.155000000000001,1.949,0.216,,18.362000000000002,15.851,-1.355,-1.306,0.135,0.0,3.902,
023898,RTKHQ,RENTECH INC,1995-12-31,1995Q4,SAME_GVKEY_AND_DATE_VALUES_MERGED,1001669,1001668,10,0.28200000000000003,0.67,0.076,,3.455,0.67,-1.647,-1.437,0.0,0.0,0.0,
023929,0147A,LESLIES POOLMART,1996-12-31,1996Q4,SAME_GVKEY_AND_DATE_VALUES_MERGED,1001868,1001867,10,40.88,28.162000000000003,33.307,,83.15700000000001,46.842,-6.9670000000000005,-7.589,-3.149,17.627000000000002,15.581000000000001,
024086,BIOW,BIOMEDICAL WASTE SYSTEMS INC,1992-03-31,1992Q1,SAME_GVKEY_AND_DATE_VALUES_MERGED,1005836,1005835,10,5.6850000000000005,3.5050000000000003,1.995,,11.701,4.471,-1.6500000000000001,-1.6520000000000001,0.7100000000000001,1.0430000000000001,0.866,
024108,CDDJ,CREDIT DEPOT CORPORATION,1990-09-30,1990Q3,SAME_GVKEY_AND_DATE_VALUES_MERGED,1006538,1006537,0,,,,,,,,,,,,
024108,CDDJ,CREDIT DEPOT CORPORATION,1990-12-31,1990Q4,SAME_GVKEY_AND_DATE_VALUES_MERGED,1006540,1006539,9,,0.651,0.023,,1.6660000000000001,1.528,0.225,0.054,0.012,0.441,0.877,
024204,TULP,BLOOMIA HOLDINGS INC,2024-09-30,2024Q3,SAME_GVKEY_AND_DATE_VALUES_MERGED,1009416,1009415,12,20.583000000000002,9.063,44.916000000000004,10.474,102.459,87.194,-0.7050000000000001,-2.194,-0.736,3.341,69.393,6.3083
024204,TULP,BLOOMIA HOLDINGS INC,2024-12-31,2024Q4,SAME_GVKEY_AND_DATE_VALUES_MERGED,1009418,1009417,12,18.838,7.812,44.323,10.705,99.985,88.09100000000001,-3.851,-4.405,-1.0450000000000002,3.0020000000000002,72.637,8.5845
024204,TULP,BLOOMIA HOLDINGS INC,2025-03-31,2025Q1,SAME_GVKEY_AND_DATE_VALUES_MERGED,1009420,1009419,12,19.806,13.532,44.11,10.860000000000001,100.51400000000001,87.946,1.456,0.773,0.156,7.03,66.842,6.6375
024204,TULP,BLOOMIA HOLDINGS INC,2025-06-30,2025Q2,SAME_GVKEY_AND_DATE_VALUES_MERGED,1009422,1009421,6,,,,,96.102,81.265,2.4850000000000003,0.8500000000000001,-0.46900000000000003,,,8.9031
024302,ALKS,ALKERMES PLC,2013-03-31,2013Q1,SAME_GVKEY_AND_DATE_VALUES_MERGED,1012196,1012195,12,408.588,85.93,288.435,92.74000000000001,1470.2910000000002,517.917,34.63,7.8660000000000005,4.867,6.75,362.25800000000004,3169.9224
024338,TKN.1,THERMOTREX CORP,1994-12-31,1994Q4,SAME_GVKEY_AND_DATE_VALUES_MERGED,1013370,1013369,10,105.616,22.818,10.309000000000001,,154.984,22.818,0.042,1.004,0.687,0.0,0.0,
024495,IHSC,INSIGHT HEALTH SERVICES CORP,1995-09-30,1995Q3,SAME_GVKEY_AND_DATE_VALUES_MERGED,1013576,1013563,10,10.13,11.716000000000001,10.133000000000001,,24.759,25.503,0.229,-0.07400000000000001,0.0,4.9,13.787,
024495,IHSC,INSIGHT HEALTH SERVICES CORP,1995-12-31,1995Q4,SAME_GVKEY_AND_DATE_VALUES_MERGED,1013630,1013581,10,10.98,13.208,12.386000000000001,,28.926000000000002,32.931000000000004,-1.3030000000000002,-3.266,0.0,6.143000000000001,17.823,
024414,COOPQ,COOPERATIVE BANKSHARES INC,1994-03-31,1994Q1,SAME_GVKEY_AND_DATE_VALUES_MERGED,1016442,1016441,3,,,,,,,1.9740000000000002,1.5590000000000002,0.561,,,
024428,AEYGQ,ADDVANTAGE TECHNOLOGIES GP,1998-12-31,1998Q4,SAME_GVKEY_AND_DATE_VALUES_MERGED,1016956,1016954,10,0.56,0.064,1.175,,3.089,0.42400000000000004,-1.385,-1.087,-0.154,0.0,0.0,
024428,AEYGQ,ADDVANTAGE TECHNOLOGIES GP,2022-03-31,2022Q1,SAME_GVKEY_AND_DATE_VALUES_MERGED,1017070,1017069,12,16.882,12.504000000000001,5.854,0.058,23.872,15.536000000000001,-1.1620000000000001,-1.393,0.0,1.8940000000000001,3.032,18.3327
024428,AEYGQ,ADDVANTAGE TECHNOLOGIES GP,2022-06-30,2022Q2,SAME_GVKEY_AND_DATE_VALUES_MERGED,1017073,1017072,12,20.302,14.957,5.521,0.058,26.866,17.513,1.145,0.874,0.0,1.8800000000000001,2.556,16.5917
024448,MHI.3,MARINE HARVEST INTL INC,1990-12-31,1990Q4,SAME_GVKEY_AND_DATE_VALUES_MERGED,1018048,1018047,10,28.219,7.885000000000001,15.092,,44.564,14.226,-3.93,-21.139,-2.6390000000000002,2.5420000000000003,3.713,
024462,TICO,TRINITY CAPITAL ENTERPRISE,1991-05-31,1991Q1,SAME_GVKEY_AND_DATE_VALUES_MERGED,1018359,1018358,7,0.0,0.115,0.0,,0.115,0.115,,,,0.008,0.0,
024813,PMRX.,PHARMACEUTICAL MARKETING SVC,1992-09-30,1992Q3,SAME_GVKEY_AND_DATE_VALUES_MERGED,1021908,1021699,9,57.235,22.080000000000002,1.9300000000000002,,84.85900000000001,23.147000000000002,1.75,1.9620000000000002,0.683,0.024,,
024813,PMRX.,PHARMACEUTICAL MARKETING SVC,1992-12-31,1992Q4,SAME_GVKEY_AND_DATE_VALUES_MERGED,1022079,1021967,10,64.93900000000001,27.967000000000002,2.088,,91.427,29.150000000000002,5.236000000000001,5.489,1.939,0.02,0.48300000000000004,
024561,9983B,KOO KOO ROO INC,1991-09-30,1991Q3,SAME_GVKEY_AND_DATE_VALUES_MERGED,1022851,1022850,10,0.279,1.9160000000000001,2.373,,2.978,1.9160000000000001,-0.47700000000000004,-0.47700000000000004,0.0,1.3940000000000001,0.0,
024561,9983B,KOO KOO ROO INC,1991-12-31,1991Q4,SAME_GVKEY_AND_DATE_VALUES_MERGED,1022853,1022852,10,3.123,0.675,2.5460000000000003,,6.018000000000001,0.675,-0.65,-0.65,0.0,0.0,0.0,
024614,BARE.1,BAREFOOT INC,1995-03-31,1995Q1,SAME_GVKEY_AND_DATE_VALUES_MERGED,1023590,1023589,10,40.165,28.658,13.268,,92.58200000000001,41.731,-4.408,-4.392,-1.6880000000000002,4.439,11.195,
024630,3STPHF,ACTION PLC,1992-12-31,1992Q4,SAME_GVKEY_AND_DATE_VALUES_MERGED,1024533,1024532,0,,,,,,,,,,,,
024630,3STPHF,ACTION PLC,1993-03-31,1993Q1,SAME_GVKEY_AND_DATE_VALUES_MERGED,1024535,1024534,3,,,,,,,-0.5690000000000001,-0.5770000000000001,0.0,,,
024665,USBU,USA BROADBAND INC,2001-09-30,2001Q3,SAME_GVKEY_AND_DATE_VALUES_MERGED,1025483,1025482,10,1.0150000000000001,7.771000000000001,13.239,,24.400000000000002,10.131,-4.0920000000000005,-4.1610000000000005,0.0,3.7560000000000002,1.598,
024699,IMCL.1,IMCLONE SYSTEMS INC,1992-03-31,1992Q1,SAME_GVKEY_AND_DATE_VALUES_MERGED,1026730,1026729,10,14.875,1.5110000000000001,5.178,,33.84,6.134,-3.2350000000000003,-3.0,0.0,0.011000000000000001,4.562,
025046,SIGB,SIGNATURE BRANDS USA INC,1993-12-31,1993Q4,SAME_GVKEY_AND_DATE_VALUES_MERGED,1027477,1027220,10,34.161,13.261000000000001,11.999,,62.194,27.834,1.242,0.993,0.441,0.0,13.0,
024755,JBSS,SANFILIPPO JOHN B&SON,1996-09-30,1996Q3,SAME_GVKEY_AND_DATE_VALUES_MERGED,1029776,1029775,10,105.732,64.76700000000001,79.541,,200.54500000000002,129.472,-2.298,-4.273000000000001,-1.683,37.084,64.202,
024755,JBSS,SANFILIPPO JOHN B&SON,1996-12-31,1996Q4,SAME_GVKEY_AND_DATE_VALUES_MERGED,1029778,1029777,10,109.182,68.226,80.554,,205.352,132.732,4.663,2.62,1.074,34.991,63.319,
024856,GILD,GILEAD SCIENCES INC,1995-03-31,1995Q1,SAME_GVKEY_AND_DATE_VALUES_MERGED,1033804,1033803,10,91.075,10.885,10.395000000000001,,102.39500000000001,16.339000000000002,-9.889000000000001,-8.873000000000001,0.0,3.0100000000000002,5.454000000000001,
024870,NXTL,NEXTEL COMMUNICATIONS INC,1994-03-31,1994Q1,SAME_GVKEY_AND_DATE_VALUES_MERGED,1034820,1034819,10,921.9830000000001,103.16900000000001,350.66700000000003,,2197.266,1350.962,-27.243000000000002,-37.597,-13.781,2.652,1080.702,
024872,VARS,VARSITY SPIRIT CORP,1993-03-31,1993Q1,SAME_GVKEY_AND_DATE_VALUES_MERGED,1034878,1034877,10,9.068,3.236,1.183,,16.045,3.367,-1.6380000000000001,-1.631,-0.625,0.075,0.0,
024961,RDCR,RADIATION CARE INC/DE,1993-03-31,1993Q1,SAME_GVKEY_AND_DATE_VALUES_MERGED,1038507,1038506,10,38.519,11.359,40.353,,100.018,28.51,-0.41300000000000003,-0.189,-0.024,5.059,17.151,
025017,3DAYR,DAY RUNNER INC,1993-09-30,1993Q3,SAME_GVKEY_AND_DATE_VALUES_MERGED,1040759,1040758,10,35.874,10.901,3.5780000000000003,,40.111000000000004,11.195,2.245,2.236,0.916,0.225,0.29400000000000004,
025017,3DAYR,DAY RUNNER INC,1993-12-31,1993Q4,SAME_GVKEY_AND_DATE_VALUES_MERGED,1040761,1040760,10,44.358000000000004,16.168,4.056,,49.103,16.391000000000002,5.46,5.466,2.2190000000000003,0.224,0.223,
025099,POS,CATALINA MARKETING CORP,2006-03-31,2006Q1,SAME_GVKEY_AND_DATE_VALUES_MERGED,1044128,1044126,12,113.152,121.69600000000001,128.501,83.992,337.095,193.93800000000002,36.956,36.896,12.884,0.053000000000000005,61.803000000000004,1065.7878
025340,DHI,D R HORTON INC,1992-12-31,1992Q4,SAME_GVKEY_AND_DATE_VALUES_MERGED,1054403,1054401,9,,44.423,1.651,,104.334,48.398,4.835,5.001,1.6420000000000001,27.6,3.975,
025359,NYER,NYER MEDICAL GROUP INC,2000-09-30,2000Q3,SAME_GVKEY_AND_DATE_VALUES_MERGED,1055334,1055333,10,10.47,4.279,1.4080000000000001,,12.31,4.939,-0.187,-0.051000000000000004,0.0,0.5,0.639,
025359,NYER,NYER MEDICAL GROUP INC,2000-12-31,2000Q4,SAME_GVKEY_AND_DATE_VALUES_MERGED,1055337,1055335,10,10.639000000000001,4.785,1.419,,12.635,5.337000000000001,-0.07,-0.031,0.02,0.48500000000000004,0.552,
025362,GBURQ,GARDENBURGER INC,1998-12-31,1998Q4,SAME_GVKEY_AND_DATE_VALUES_MERGED,1055653,1055652,10,36.25,28.896,12.238000000000001,,55.048,44.122,1.034,0.502,0.182,15.0,15.0,
025536,CENTA,CENTRAL GARDEN & PET CO,1994-12-31,1994Q4,SAME_GVKEY_AND_DATE_VALUES_MERGED,1060466,1060465,10,149.65800000000002,128.655,10.234,,173.953,137.577,-3.302,-5.055000000000001,-2.029,44.995000000000005,7.019,
025570,ABCW,ANCHOR BANCORP WISCONSIN INC,2013-03-31,2013Q1,SAME_GVKEY_AND_DATE_VALUES_MERGED,1061603,1061602,9,,,24.469,0.0,2367.583,2427.447,7.675000000000001,-14.020000000000001,0.0,200.925,116.30000000000001,
025597,BSP.2,AMER STRATEGIC INCM PTFL II,2004-11-30,2004Q3,SAME_GVKEY_AND_DATE_VALUES_MERGED,1062803,1062802,0,,,,,,,,,,,,
025597,BSP.2,AMER STRATEGIC INCM PTFL II,2005-02-28,2004Q4,SAME_GVKEY_AND_DATE_VALUES_MERGED,1062805,1062804,0,,,,,,,,,,,,
025597,BSP.2,AMER STRATEGIC INCM PTFL II,2005-05-31,2005Q1,SAME_GVKEY_AND_DATE_VALUES_MERGED,1062807,1062806,0,,,,,,,,,,,,
025628,UXP,UNITED STATES EXPLORATION,1997-03-31,1997Q1,SAME_GVKEY_AND_DATE_VALUES_MERGED,1063529,1063528,10,17.593,0.531,11.811,,31.913,0.531,-0.48900000000000005,-0.21000000000000002,0.0,0.0,0.0,
025669,TRUA,DANSKIN INC,1995-03-31,1995Q1,SAME_GVKEY_AND_DATE_VALUES_MERGED,1065133,1065132,10,61.566,43.948,10.617,,77.741,72.546,-1.8250000000000002,-5.567,-0.195,21.326,24.399,
025676,PRCP,PERCEPTRON INC,1998-09-30,1998Q3,SAME_GVKEY_AND_DATE_VALUES_MERGED,1065337,1065336,10,51.817,8.952,11.039,,64.307,8.952,0.49200000000000005,0.5840000000000001,0.195,0.0,0.0,
025676,PRCP,PERCEPTRON INC,1998-12-31,1998Q4,SAME_GVKEY_AND_DATE_VALUES_MERGED,1065339,1065338,10,50.61,10.516,11.247,,66.408,11.556000000000001,0.366,-0.9590000000000001,-0.402,0.0,1.04,
025680,LAYN,LAYNE CHRISTENSEN CO,1993-04-30,1993Q1,SAME_GVKEY_AND_DATE_VALUES_MERGED,1065474,1065473,10,57.095000000000006,26.203000000000003,40.5,,102.021,56.037000000000006,-1.0050000000000001,-1.741,-0.766,2.0,22.0,
025681,CHIO.,CHINA INSONLINE CORP,2007-09-30,2007Q3,SAME_GVKEY_AND_DATE_VALUES_MERGED,1065663,1065662,12,0.0,0.0,0.0,0.0,0.0,0.0,-0.005,0.0,0.0,0.0,0.0,42.551
025681,CHIO.,CHINA INSONLINE CORP,2007-12-31,2007Q4,SAME_GVKEY_AND_DATE_VALUES_MERGED,1065665,1065664,0,,,,,,,,,,,,
025694,DKHR,D&K HEALTHCARE RESOURCES INC,1996-09-30,1996Q3,SAME_GVKEY_AND_DATE_VALUES_MERGED,1066073,1066072,10,69.941,50.620000000000005,4.942,,95.396,87.10000000000001,0.788,0.11,0.055,1.1500000000000001,36.18,
025694,DKHR,D&K HEALTHCARE RESOURCES INC,1996-12-31,1996Q4,SAME_GVKEY_AND_DATE_VALUES_MERGED,1066075,1066074,10,88.38900000000001,54.381,6.142,,115.03500000000001,106.54400000000001,1.0150000000000001,0.386,0.192,2.87,51.863,
025694,DKHR,D&K HEALTHCARE RESOURCES INC,1997-03-31,1997Q1,SAME_GVKEY_AND_DATE_VALUES_MERGED,1066077,1066076,10,75.333,51.063,6.242,,101.46600000000001,92.593,1.3960000000000001,0.559,0.18100000000000002,8.484,41.53,
025746,SYMD.1,SYNTHEMED INC-OLD,1992-03-31,1992Q1,SAME_GVKEY_AND_DATE_VALUES_MERGED,1068126,1068125,10,0.041,0.215,0.006,,0.14700000000000002,0.215,-0.275,-0.31,0.0,0.067,0.0,
025805,BUDT,BUDDING TIMES INC,2008-09-30,2008Q3,SAME_GVKEY_AND_DATE_VALUES_MERGED,1070504,1070503,12,0.49300000000000005,0.5850000000000001,0.0,1.4300000000000002,2.009,0.5850000000000001,-0.9800000000000001,-1.078,0.0,0.0,0.0,1.6451
025805,BUDT,BUDDING TIMES INC,2008-12-31,2008Q4,SAME_GVKEY_AND_DATE_VALUES_MERGED,1070507,1070505,12,1.443,9.839,1.485,0.0,2.96,10.185,-4.601,-8.35,0.0,7.019,0.34600000000000003,6.9381
025805,BUDT,BUDDING TIMES INC,2009-03-31,2009Q1,SAME_GVKEY_AND_DATE_VALUES_MERGED,1070509,1070508,12,6.351,14.260000000000002,1.7060000000000002,7.654000000000001,15.743,21.562,-1.107,-0.29300000000000004,0.0,7.396000000000001,7.3020000000000005,38.478500000000004
025852,CPSS,CONSUMER PORTFOLIO SVCS INC,1995-03-31,1995Q1,SAME_GVKEY_AND_DATE_VALUES_MERGED,1071848,1071847,7,,,0.46,,57.976000000000006,30.981,4.495,3.3770000000000002,1.357,,24.73,
025976,VRSOQ,VERSO TECHNOLOGIES INC,1997-03-31,1997Q1,SAME_GVKEY_AND_DATE_VALUES_MERGED,1077044,1077043,10,11.815000000000001,12.381,0.259,,19.354,12.381,-0.452,-0.498,0.0,4.513,0.0,
026026,IFUI,INFU-TECH INC,1994-09-30,1994Q3,SAME_GVKEY_AND_DATE_VALUES_MERGED,1079629,1079628,10,7.097,2.096,0.12000000000000001,,7.482,2.388,0.006,0.044000000000000004,0.018000000000000002,0.0,0.0,
026026,IFUI,INFU-TECH INC,1994-12-31,1994Q4,SAME_GVKEY_AND_DATE_VALUES_MERGED,1079631,1079630,10,7.131,2.677,0.183,,7.586,2.967,-0.431,-0.395,0.078,0.0,0.029,
026027,3TWTI,TOTAL WORLD TELECOMMS INC,1993-12-31,1993Q4,SAME_GVKEY_AND_DATE_VALUES_MERGED,1079673,1079672,10,0.5760000000000001,2.686,0.085,,4.482,3.27,-0.545,-1.464,0.0,1.6520000000000001,0.5840000000000001,
026038,PMTI,PALOMAR MED TECHNOLOGIES INC,1994-03-31,1994Q1,SAME_GVKEY_AND_DATE_VALUES_MERGED,1080062,1080061,10,4.655,5.993,2.064,,9.209,7.705,-1.748,-1.808,0.0,3.474,1.7120000000000002,
026097,THER,THERALINK TECHNOLOGIES INC,2019-12-31,2019Q4,SAME_GVKEY_AND_DATE_VALUES_MERGED,1082132,1082130,12,0.062,16.032,0.026000000000000002,0.0,0.094,16.032,-0.28,-2.354,0.0,3.478,0.0,0.08020000000000001
026097,THER,THERALINK TECHNOLOGIES INC,2020-03-31,2020Q1,SAME_GVKEY_AND_DATE_VALUES_MERGED,1082134,1082133,12,0.029,21.012,0.002,0.0,0.031,21.012,-0.324,-5.074,0.0,3.649,0.0,0.0925
026162,ANAB,ANAPTYSBIO INC,2025-09-30,2025Q3,SAME_GVKEY_AND_DATE_VALUES_MERGED,1083362,1083361,12,330.65000000000003,38.104,14.494000000000002,0.0,353.098,382.514,34.704,15.113000000000001,0.0,2.04,344.41,844.3465
026162,ANAB,ANAPTYSBIO INC,2025-12-31,2025Q4,SAME_GVKEY_AND_DATE_VALUES_MERGED,1083364,1083363,12,350.25,38.625,13.889000000000001,0.0,364.39500000000004,327.185,66.901,49.695,0.081,2.08,288.56,1358.3611
026162,ANAB,ANAPTYSBIO INC,2026-03-31,2026Q1,SAME_GVKEY_AND_DATE_VALUES_MERGED,1083367,1083365,12,316.10900000000004,41.702000000000005,13.319,0.0,329.684,316.937,-34.637,-52.844,0.04,2.12,275.235,1610.0593000000001
027621,MAMOC,ADVANCED MAMMOGRAPHY SYS INC,1994-12-31,1994Q4,SAME_GVKEY_AND_DATE_VALUES_MERGED,1097756,1097755,10,1.5170000000000001,0.41900000000000004,0.615,,2.1470000000000002,0.41900000000000004,-0.739,-0.73,0.0,0.0,0.0,
027816,GLBL.1,GLOBAL INDUSTRIES LTD,1998-03-31,1998Q1,SAME_GVKEY_AND_DATE_VALUES_MERGED,1102045,1102044,10,152.61,75.138,454.702,,625.3670000000001,256.434,18.158,16.974,5.992,2.168,144.82500000000002,
027907,ELF,E.L.F. BEAUTY INC,2019-06-30,2019Q2,SAME_GVKEY_AND_DATE_VALUES_MERGED,1105679,1105678,12,141.184,45.976,16.493000000000002,157.264,435.981,213.973,5.136,5.562,1.856,10.681000000000001,149.45600000000002,703.1106000000001
027947,CSP,AMERN STRATEGIC INCM PTL III,2004-11-30,2004Q3,SAME_GVKEY_AND_DATE_VALUES_MERGED,1107766,1107765,0,,,,,,,,,,,,
027947,CSP,AMERN STRATEGIC INCM PTL III,2005-02-28,2004Q4,SAME_GVKEY_AND_DATE_VALUES_MERGED,1107768,1107767,0,,,,,,,,,,,,
027947,CSP,AMERN STRATEGIC INCM PTL III,2005-05-31,2005Q1,SAME_GVKEY_AND_DATE_VALUES_MERGED,1107770,1107769,0,,,,,,,,,,,,
027975,WNWN,WINWIN GAMING INC,1992-09-30,1992Q3,SAME_GVKEY_AND_DATE_VALUES_MERGED,1109214,1109213,0,,,,,,,,,,,,
027975,WNWN,WINWIN GAMING INC,1992-12-31,1992Q4,SAME_GVKEY_AND_DATE_VALUES_MERGED,1109216,1109215,10,1.7710000000000001,0.8340000000000001,4.986000000000001,,9.293000000000001,5.537,-0.159,-0.385,0.0,0.727,4.703,
028018,0160A,GYMBOREE CORP,2015-10-31,2015Q3,SAME_GVKEY_AND_DATE_VALUES_MERGED,1110784,1110783,11,329.20500000000004,298.40000000000003,166.66,373.408,1241.999,1628.4660000000001,11.706000000000001,-12.175,0.8350000000000001,50.591,1143.152,
028018,0160A,GYMBOREE CORP,2016-01-31,2015Q4,SAME_GVKEY_AND_DATE_VALUES_MERGED,1110786,1110785,11,260.455,231.05200000000002,158.478,372.737,1156.7440000000001,1494.632,27.352,46.117000000000004,0.184,19.813000000000002,1084.597,
028078,NWRE,NEOWARE INC,1994-09-30,1994Q3,SAME_GVKEY_AND_DATE_VALUES_MERGED,1111948,1111947,10,11.93,0.052000000000000005,0.0,,11.965,0.052000000000000005,-0.08600000000000001,-0.023,0.0,0.0,0.0,
028078,NWRE,NEOWARE INC,1994-12-31,1994Q4,SAME_GVKEY_AND_DATE_VALUES_MERGED,1111950,1111949,10,11.999,0.6880000000000001,0.0,,12.685,0.6880000000000001,-0.061000000000000006,0.084,0.0,0.0,0.0,
028156,IZZI.1,INTEGRATED SECURITY SYS -OLD,1996-09-30,1996Q3,SAME_GVKEY_AND_DATE_VALUES_MERGED,1114370,1114369,10,3.0980000000000003,1.471,1.069,,5.363,2.314,0.132,0.069,0.021,0.165,0.8430000000000001,
028156,IZZI.1,INTEGRATED SECURITY SYS -OLD,1996-12-31,1996Q4,SAME_GVKEY_AND_DATE_VALUES_MERGED,1114372,1114371,10,5.043,2.06,5.502000000000001,,12.972000000000001,8.845,0.11800000000000001,0.092,-0.018000000000000002,0.229,6.785,
028196,CHGR,CONCORD HEALTH GROUP INC,1993-09-30,1993Q3,SAME_GVKEY_AND_DATE_VALUES_MERGED,1116135,1116134,8,,,0.01,,15.184000000000001,0.056,-0.054,-0.054,0.0,0.0,0.0,
028196,CHGR,CONCORD HEALTH GROUP INC,1993-12-31,1993Q4,SAME_GVKEY_AND_DATE_VALUES_MERGED,1116137,1116136,8,,,0.015000000000000001,,15.135000000000002,0.08800000000000001,-0.081,-0.081,0.0,0.0,0.0,
028317,STN.1,STATION CASINOS INC,1998-03-31,1998Q1,SAME_GVKEY_AND_DATE_VALUES_MERGED,1120030,1119814,10,87.491,197.50900000000001,1156.987,,1300.2160000000001,1013.3290000000001,27.684,-0.228,0.41800000000000004,97.93100000000001,802.2950000000001,
028376,FAIR.2,RENAISSANCE ENTMT CORP,1996-03-31,1996Q1,SAME_GVKEY_AND_DATE_VALUES_MERGED,1122656,1122655,7,2.12,2.105,6.237,,10.433,4.636,,,,0.438,2.531,
028401,SVMB,JINGBO TECHNOLOGY INC,2023-05-31,2023Q1,SAME_GVKEY_AND_DATE_VALUES_MERGED,1123952,1123951,12,3.1180000000000003,3.902,6.859,0.0,12.877,36.765,-1.103,-2.793,0.001,0.47200000000000003,32.863,2421.132
028401,SVMB,JINGBO TECHNOLOGY INC,2023-08-31,2023Q2,SAME_GVKEY_AND_DATE_VALUES_MERGED,1123954,1123953,12,3.349,7.131,6.436,0.0,12.514000000000001,37.448,-1.496,-1.532,0.0,0.467,30.317,1985.7530000000002
028401,SVMB,JINGBO TECHNOLOGY INC,2023-11-30,2023Q3,SAME_GVKEY_AND_DATE_VALUES_MERGED,1123956,1123955,12,3.4080000000000004,9.768,6.353000000000001,0.0,12.421000000000001,38.913000000000004,-1.339,-1.141,0.0,1.9000000000000001,29.145000000000003,1221.185
028485,CIGI,COLLIERS INTL GROUP INC,2008-03-31,2008Q1,SAME_GVKEY_AND_DATE_VALUES_MERGED,1127213,1127212,12,428.815,333.642,80.991,322.095,1089.343,725.19,-11.803,-14.822000000000001,-8.632,24.777,331.25300000000004,652.5487
028490,WAYN,WAYNE SAVINGS BANCSHARES INC,2011-03-31,2011Q1,SAME_GVKEY_AND_DATE_VALUES_MERGED,1127473,1127472,9,,,6.892,1.719,407.738,369.459,,0.47400000000000003,0.069,19.373,26.507,25.7142
028565,SDHM,SUNDANCE HOMES INC,1994-12-31,1994Q4,SAME_GVKEY_AND_DATE_VALUES_MERGED,1129558,1129557,8,,,2.688,,98.90700000000001,66.489,0.47200000000000003,0.329,0.11800000000000001,4.333,34.14,
028581,CTMI.,CONTOUR MEDICAL INC,1994-09-30,1994Q3,SAME_GVKEY_AND_DATE_VALUES_MERGED,1129702,1129701,10,1.51,0.36000000000000004,0.341,,1.8800000000000001,0.915,0.033,0.018000000000000002,0.0,0.149,0.555,
028581,CTMI.,CONTOUR MEDICAL INC,1994-12-31,1994Q4,SAME_GVKEY_AND_DATE_VALUES_MERGED,1129704,1129703,10,1.129,0.41000000000000003,0.339,,1.485,0.9650000000000001,-0.10200000000000001,-0.445,0.0,0.13,0.555,
028731,EZCIA,EZ COMMUNICATIONS INC  -CL A,1993-03-31,1993Q1,SAME_GVKEY_AND_DATE_VALUES_MERGED,1135037,1135036,10,9.454,5.686,11.292,,68.369,72.546,0.672,-1.2730000000000001,-0.789,0.28700000000000003,61.313,
028762,SPTN,SPARTANNASH CO,2013-03-31,2013Q1,SAME_GVKEY_AND_DATE_VALUES_MERGED,1136195,1136194,12,206.169,192.99,272.12600000000003,246.84,789.667,454.012,22.325000000000003,14.57,5.658,4.067,145.876,381.7301
028836,SFEF,SANTA FE FINANCIAL CORP,1999-09-30,1999Q3,SAME_GVKEY_AND_DATE_VALUES_MERGED,1136645,1136588,7,,,4.08,,33.548,16.152,4.642,5.640000000000001,2.261,,2.117,
028836,SFEF,SANTA FE FINANCIAL CORP,1999-12-31,1999Q4,SAME_GVKEY_AND_DATE_VALUES_MERGED,1136822,1136790,8,,,4.064,,42.281,24.242,1.961,1.8170000000000002,1.113,6.267,2.0980000000000003,
028787,PFGC,PERFORMANCE FOOD GROUP CO,2008-09-30,2008Q3,SAME_GVKEY_AND_DATE_VALUES_MERGED,1137321,1137320,0,,,,,,,,,,,,
028787,PFGC,PERFORMANCE FOOD GROUP CO,2008-12-31,2008Q4,SAME_GVKEY_AND_DATE_VALUES_MERGED,1137323,1137322,0,,,,,,,,,,,,
028995,UNCB,UNCLE B'S BAKERY INC,1992-10-31,1992Q3,SAME_GVKEY_AND_DATE_VALUES_MERGED,1144021,1144020,3,,,,,,,-0.29600000000000004,-0.42700000000000005,0.0,,,
028995,UNCB,UNCLE B'S BAKERY INC,1993-01-31,1992Q4,SAME_GVKEY_AND_DATE_VALUES_MERGED,1144023,1144022,3,,,,,,,-0.35300000000000004,-0.51,0.0,,,
029086,PTN,PALATIN TECHNOLOGIES INC,1994-09-30,1994Q3,SAME_GVKEY_AND_DATE_VALUES_MERGED,1147615,1147614,8,,,2.42,,11.719000000000001,2.298,-0.772,-0.8150000000000001,0.0,1.602,0.33,
029086,PTN,PALATIN TECHNOLOGIES INC,1994-12-31,1994Q4,SAME_GVKEY_AND_DATE_VALUES_MERGED,1147617,1147616,8,,,2.482,,8.601,0.679,-0.77,-1.086,0.003,0.066,0.198,
029125,SSMKQ,STYLESITE MARKETING INC,1995-12-31,1995Q4,SAME_GVKEY_AND_DATE_VALUES_MERGED,1148991,1148990,10,6.229,3.0660000000000003,1.925,,8.654,5.127000000000001,-1.107,-1.226,-0.047,1.7910000000000001,2.061,
029284,BEAR.1,VERMONT TEDDY BEAR INC,1994-09-30,1994Q3,SAME_GVKEY_AND_DATE_VALUES_MERGED,1154526,1154525,10,9.348,3.3800000000000003,3.677,,13.860000000000001,3.5090000000000003,0.037000000000000005,0.10300000000000001,0.04,0.134,0.082,
029284,BEAR.1,VERMONT TEDDY BEAR INC,1994-12-31,1994Q4,SAME_GVKEY_AND_DATE_VALUES_MERGED,1154528,1154527,10,8.003,4.055000000000001,6.328,,14.770000000000001,4.62,-0.42800000000000005,-0.378,-0.195,0.159,0.459,
029290,FRO.2,FRONTLINE LTD-OLD,1997-03-31,1997Q1,SAME_GVKEY_AND_DATE_VALUES_MERGED,1154850,1154849,10,26.831,16.899,207.342,,234.913,115.48400000000001,8.659,0.622,0.001,9.705,97.049,
029323,ALMC,ALIMCO FINANCIAL CORP,2012-03-31,2012Q1,SAME_GVKEY_AND_DATE_VALUES_MERGED,1155994,1155993,8,0.198,0.0,0.0,0.0,0.198,,,,,0.0,0.0,4.6267000000000005
029387,ABTXQ,AGRIBIOTECH INC,1994-09-30,1994Q3,SAME_GVKEY_AND_DATE_VALUES_MERGED,1158123,1158122,10,0.53,0.155,0.018000000000000002,,0.765,0.261,-0.662,-0.645,0.0,0.10700000000000001,0.10600000000000001,
029402,CNSO.,CONSO INTERNATIONAL CORP,1992-09-30,1992Q3,SAME_GVKEY_AND_DATE_VALUES_MERGED,1158777,1158776,0,,,,,,,,,,,,
029402,CNSO.,CONSO INTERNATIONAL CORP,1992-12-31,1992Q4,SAME_GVKEY_AND_DATE_VALUES_MERGED,1158779,1158778,10,11.046000000000001,7.130000000000001,3.8680000000000003,,14.972000000000001,11.518,2.549,1.675,0.0,4.961,4.388,
029406,3MKRR,MK RESOURCES CO,1996-03-31,1996Q1,SAME_GVKEY_AND_DATE_VALUES_MERGED,1158900,1158899,10,26.997,4.804,6.514,,39.206,14.207,-3.076,-31.197000000000003,4.202,0.0,0.0,
029555,UGI1,UGI UTILITIES INC,1992-12-31,1992Q4,SAME_GVKEY_AND_DATE_VALUES_MERGED,1162869,1162868,10,86.516,141.484,421.59000000000003,,568.9110000000001,367.057,18.417,16.427,6.964,56.032000000000004,136.043,
029594,3SNAXE,LINCOLN SNACKS CO,1993-09-30,1993Q3,SAME_GVKEY_AND_DATE_VALUES_MERGED,1163652,1163651,0,,,,,,,,,,,,
029594,3SNAXE,LINCOLN SNACKS CO,1993-12-31,1993Q4,SAME_GVKEY_AND_DATE_VALUES_MERGED,1163654,1163653,10,8.473,10.844000000000001,5.812,,19.492,14.791,-0.678,-1.3210000000000002,0.016,7.086,3.2,
029636,VIVO,VIVOPOWER PLC,2019-09-30,2019Q3,SAME_GVKEY_AND_DATE_VALUES_MERGED,1165187,1165186,0,,,,,,,,,,,,
029636,VIVO,VIVOPOWER PLC,2019-12-31,2019Q4,SAME_GVKEY_AND_DATE_VALUES_MERGED,1165189,1165188,11,30.189,22.348000000000003,2.653,,65.76100000000001,41.584,1.9740000000000002,2.173,1.032,2.335,19.081,14.234900000000001
029636,VIVO,VIVOPOWER PLC,2020-03-31,2020Q1,SAME_GVKEY_AND_DATE_VALUES_MERGED,1165191,1165190,3,,,,,,,-1.323,-5.2090000000000005,-0.41100000000000003,,,
029647,SFN.2,SFN GROUP INC,1993-03-31,1993Q1,SAME_GVKEY_AND_DATE_VALUES_MERGED,1165440,1165439,10,109.2,61.829,16.845000000000002,,218.82600000000002,142.918,2.3200000000000003,2.3200000000000003,1.207,0.0,0.0,
029663,QUIZ.1,QUIZNOS CORP,1998-12-31,1998Q4,SAME_GVKEY_AND_DATE_VALUES_MERGED,1165842,1165841,10,5.351,2.664,3.535,,13.790000000000001,9.542,-0.009000000000000001,0.075,-0.369,0.615,2.096,
029757,FMST.1,FINISHMASTER INC,1996-03-31,1996Q1,SAME_GVKEY_AND_DATE_VALUES_MERGED,1169815,1169814,10,40.538000000000004,15.502,6.2490000000000006,,66.772,35.107,0.455,0.137,0.135,3.6430000000000002,19.605,
029826,3IVCO.,IVC INDUSTRIES INC,1992-10-31,1992Q3,SAME_GVKEY_AND_DATE_VALUES_MERGED,1171508,1171507,0,,,,,,,,,,,,
029826,3IVCO.,IVC INDUSTRIES INC,1993-01-31,1992Q4,SAME_GVKEY_AND_DATE_VALUES_MERGED,1171510,1171509,0,,,,,,,,,,,,
030060,HIFI.1,CAMBRIDGE SOUNDWORKS INC,1994-09-30,1994Q3,SAME_GVKEY_AND_DATE_VALUES_MERGED,1178825,1178824,10,12.281,2.101,1.246,,13.584000000000001,2.101,-0.624,-0.537,-0.215,0.0,0.0,
030060,HIFI.1,CAMBRIDGE SOUNDWORKS INC,1994-12-31,1994Q4,SAME_GVKEY_AND_DATE_VALUES_MERGED,1178827,1178826,10,13.783000000000001,4.244,2.101,,15.947000000000001,4.244,0.24200000000000002,0.29500000000000004,0.092,0.0,0.0,
030084,DVOP.1,DIVERSIFIED OPPORTYS -OLD,2007-09-30,2007Q3,SAME_GVKEY_AND_DATE_VALUES_MERGED,1179453,1179452,0,,,,,,,,,,,,
030084,DVOP.1,DIVERSIFIED OPPORTYS -OLD,2007-12-31,2007Q4,SAME_GVKEY_AND_DATE_VALUES_MERGED,1179455,1179454,0,,,,,,,,,,,,
030086,VLDS,VL DISSOLUTION CORP,1999-09-30,1999Q3,SAME_GVKEY_AND_DATE_VALUES_MERGED,1179496,1179495,10,20.989,4.575,30.741000000000003,,55.715,18.351000000000003,1.715,1.56,0.595,1.028,10.270000000000001,
030086,VLDS,VL DISSOLUTION CORP,1999-12-31,1999Q4,SAME_GVKEY_AND_DATE_VALUES_MERGED,1179498,1179497,10,31.060000000000002,3.706,32.157000000000004,,67.373,17.551000000000002,1.6580000000000001,1.5150000000000001,0.5780000000000001,1.07,10.115,
030168,3RIDE,RIDE INC,1997-09-30,1997Q3,SAME_GVKEY_AND_DATE_VALUES_MERGED,1181850,1181849,10,34.729,17.961000000000002,5.871,,60.079,19.057000000000002,1.24,1.102,0.441,11.265,0.761,
030168,3RIDE,RIDE INC,1997-12-31,1997Q4,SAME_GVKEY_AND_DATE_VALUES_MERGED,1181852,1181851,10,23.166,7.958,5.67,,40.995000000000005,9.925,-3.2990000000000004,-12.052000000000001,0.868,2.684,0.366,
030169,ITXN,INTERNATIONAL TEXTLE GRP INC,2003-03-31,2003Q1,SAME_GVKEY_AND_DATE_VALUES_MERGED,1181901,1181900,11,77.39500000000001,69.379,52.622,0.0,134.064,82.15100000000001,4.695,4.425,1.6640000000000001,31.71,7.363,
030216,PNDA,PANDA PROJECT INC,1997-03-31,1997Q1,SAME_GVKEY_AND_DATE_VALUES_MERGED,1183408,1183407,10,4.349,2.524,2.823,,7.337000000000001,2.524,-2.982,-3.656,0.0,0.0,0.0,
030325,TLZ,THERMOLASE CORP,1994-12-31,1994Q4,SAME_GVKEY_AND_DATE_VALUES_MERGED,1186798,1186797,10,20.898,4.573,3.1460000000000004,,33.57,4.573,-0.079,0.062,0.058,0.0,0.0,
030393,FKFC,FIRST KENT FINANCIAL CORP,1993-12-31,1993Q4,SAME_GVKEY_AND_DATE_VALUES_MERGED,1188196,1188195,0,,,,,,,,,,,,
030393,FKFC,FIRST KENT FINANCIAL CORP,1994-03-31,1994Q1,SAME_GVKEY_AND_DATE_VALUES_MERGED,1188198,1188197,0,,,,,,,,,,,,
030563,MDA.2,MEDIA ARTS GROUP INC,2001-03-31,2001Q1,SAME_GVKEY_AND_DATE_VALUES_MERGED,1192581,1192580,11,70.59400000000001,13.3,17.287000000000003,0.0,93.42800000000001,17.839000000000002,-4.0360000000000005,-3.488,-1.2810000000000001,0.219,1.6740000000000002,
030660,FLMK,FOILMARK INC,1998-09-30,1998Q3,SAME_GVKEY_AND_DATE_VALUES_MERGED,1195733,1195732,10,16.063000000000002,5.065,8.998000000000001,,30.662000000000003,15.129000000000001,0.508,0.35500000000000004,0.099,0.5640000000000001,9.179,
030660,FLMK,FOILMARK INC,1998-12-31,1998Q4,SAME_GVKEY_AND_DATE_VALUES_MERGED,1195735,1195734,10,15.048,4.656000000000001,9.089,,29.821,14.455,-0.14600000000000002,-0.316,-0.14400000000000002,0.549,9.106,
030683,TDF,TEMPLETON DRAGON FUND INC,1998-03-31,1998Q1,SAME_GVKEY_AND_DATE_VALUES_MERGED,1196493,1196492,0,,,,,,,,,,,,
030751,XPRSA,US XPRESS ENTP INC  -CL A,1997-03-31,1997Q1,SAME_GVKEY_AND_DATE_VALUES_MERGED,1198440,1198439,3,,,,,,,4.98,3.6060000000000003,1.439,,,
030760,CGFW,CYBERGUARD CORP,1995-09-30,1995Q3,SAME_GVKEY_AND_DATE_VALUES_MERGED,1198614,1198613,10,27.869,9.335,5.947,,41.431000000000004,9.335,-5.626,-5.303,0.0,0.0,0.0,
030964,RIME,ALGORHYTHM HOLDINGS INC,2023-03-31,2023Q1,SAME_GVKEY_AND_DATE_VALUES_MERGED,1203806,1203805,12,15.199,6.126,1.194,0.0,16.649,6.3180000000000005,-2.1470000000000002,-1.483,1.502,0.608,0.192,4.9408
030964,RIME,ALGORHYTHM HOLDINGS INC,2023-06-30,2023Q2,SAME_GVKEY_AND_DATE_VALUES_MERGED,1203808,1203807,12,13.964,5.321000000000001,0.8240000000000001,0.0,15.022,5.477,-2.253,-2.46,0.0,0.379,0.156,5.6126000000000005
030964,RIME,ALGORHYTHM HOLDINGS INC,2023-09-30,2023Q3,SAME_GVKEY_AND_DATE_VALUES_MERGED,1203810,1203809,12,27.777,19.065,4.46,0.0,32.583,22.905,0.307,0.098,0.0,0.113,3.825,4.2618
031006,BRAG,BRAGG GAMING GROUP,2018-03-31,2018Q1,SAME_GVKEY_AND_DATE_VALUES_MERGED,1204589,1204588,12,4.232,1.61,0.10400000000000001,6.354,12.806000000000001,1.61,-1.992,-11.133000000000001,0.0,0.0,0.0,31.544700000000002
031006,BRAG,BRAGG GAMING GROUP,2018-06-30,2018Q2,SAME_GVKEY_AND_DATE_VALUES_MERGED,1204591,1204590,12,3.4330000000000003,1.419,0.14400000000000002,6.239,11.903,1.419,-1.314,-1.34,0.0,0.0,0.0,16.6814
031006,BRAG,BRAGG GAMING GROUP,2018-09-30,2018Q3,SAME_GVKEY_AND_DATE_VALUES_MERGED,1204594,1204593,12,2.351,1.352,0.132,0.0,3.805,1.352,-1.617,-8.638,0.0,0.0,0.0,12.368400000000001
031372,SGLA,SINO GREEN LAND CORP,2022-09-30,2022Q3,SAME_GVKEY_AND_DATE_VALUES_MERGED,1212394,1212393,12,0.001,0.20500000000000002,0.0,0.0,0.001,0.20500000000000002,-0.007,-0.007,0.0,0.0,0.0,0.9957
031372,SGLA,SINO GREEN LAND CORP,2022-12-31,2022Q4,SAME_GVKEY_AND_DATE_VALUES_MERGED,1212396,1212395,12,0.0,0.223,0.0,0.0,0.0,0.223,-0.018000000000000002,-0.018000000000000002,0.0,0.0,0.0,1.0841
031372,SGLA,SINO GREEN LAND CORP,2023-03-31,2023Q1,SAME_GVKEY_AND_DATE_VALUES_MERGED,1212398,1212397,12,0.0,0.25,0.0,0.0,0.0,0.25,-0.027,-0.027,0.0,0.0,0.0,0.7816000000000001
031372,SGLA,SINO GREEN LAND CORP,2023-06-30,2023Q2,SAME_GVKEY_AND_DATE_VALUES_MERGED,1212400,1212399,12,0.0,0.272,0.0,0.0,0.0,0.272,-0.022000000000000002,-0.022000000000000002,0.0,0.0,0.0,0.7773
031401,PGMC,PGMI INC,2005-09-30,2005Q3,SAME_GVKEY_AND_DATE_VALUES_MERGED,1213138,1213137,11,0.0,0.08800000000000001,0.0,0.0,0.0,0.08800000000000001,-0.069,-0.069,0.0,0.0,0.0,
031401,PGMC,PGMI INC,2005-12-31,2005Q4,SAME_GVKEY_AND_DATE_VALUES_MERGED,1213140,1213139,0,,,,,,,,,,,,
031454,TCK.2,THERMO ECOTEK CORP,1994-12-31,1994Q4,SAME_GVKEY_AND_DATE_VALUES_MERGED,1214176,1214175,10,65.138,36.72,203.887,,285.97,228.669,6.0040000000000004,3.758,1.173,16.900000000000002,163.8,
031692,MBFI,MB FINANCIAL INC/MD,1995-03-31,1995Q1,SAME_GVKEY_AND_DATE_VALUES_MERGED,1220721,1220720,9,,,4.295,0.0,539.703,516.133,-0.928,0.5810000000000001,0.17700000000000002,21.398,63.303000000000004,
031790,TNCXQ,NETWORK CONNECTION INC,1998-09-30,1998Q3,SAME_GVKEY_AND_DATE_VALUES_MERGED,1223841,1223840,9,8.847000000000001,4.525,2.085,,11.573,5.23,,-2.456,0.0,2.9850000000000003,0.7050000000000001,
031790,TNCXQ,NETWORK CONNECTION INC,1998-12-31,1998Q4,SAME_GVKEY_AND_DATE_VALUES_MERGED,1223843,1223842,10,5.974,5.83,2.355,,8.416,6.53,-7.623,-5.988,0.0,2.3850000000000002,0.7000000000000001,
032228,AVCTQ,AMERICAN VIRTUAL CL TECH INC,2020-03-31,2020Q1,SAME_GVKEY_AND_DATE_VALUES_MERGED,1227497,1227496,3,,,,,,,-0.737,-0.9600000000000001,0.011000000000000001,,,
033697,UXIN,UXIN LIMITED,2024-03-31,2024Q1,SAME_GVKEY_AND_DATE_VALUES_MERGED,1244316,1244315,11,31.353,122.59100000000001,219.131,0.0,289.20300000000003,309.021,-14.785,-19.191000000000003,0.001,60.053000000000004,186.43,
033697,UXIN,UXIN LIMITED,2024-06-30,2024Q2,SAME_GVKEY_AND_DATE_VALUES_MERGED,1244318,1244317,11,36.063,79.48700000000001,215.667,0.0,251.745,272.906,-8.981,-6.852,0.005,24.511000000000003,187.64600000000002,
033697,UXIN,UXIN LIMITED,2024-09-30,2024Q3,SAME_GVKEY_AND_DATE_VALUES_MERGED,1244320,1244319,11,45.822,103.36,225.65900000000002,0.0,271.481,297.257,-7.376,-8.682,0.0,46.445,188.96300000000002,
033731,HCCH,HL ACQUISITION CORP,2018-09-30,2018Q3,SAME_GVKEY_AND_DATE_VALUES_MERGED,1244776,1244775,0,,,,,,,,,,,,
033731,HCCH,HL ACQUISITION CORP,2018-12-31,2018Q4,SAME_GVKEY_AND_DATE_VALUES_MERGED,1244778,1244777,0,,,,,,,,,,,,
033962,RJET,REPUBLIC AIRWAYS HLDINGS INC,2025-03-31,2025Q1,SAME_GVKEY_AND_DATE_VALUES_MERGED,1246740,1246739,12,163.577,202.037,44.479,0.0,214.952,277.357,57.300000000000004,36.6,9.5,100.138,38.542,32.3645
033962,RJET,REPUBLIC AIRWAYS HLDINGS INC,2025-06-30,2025Q2,SAME_GVKEY_AND_DATE_VALUES_MERGED,1246742,1246741,12,133.441,174.61700000000002,39.742000000000004,0.0,178.649,219.93300000000002,56.800000000000004,50.7,13.3,86.418,35.117000000000004,38.9317
034159,CNPOF,RIV CAPITAL INC,2023-03-31,2023Q1,SAME_GVKEY_AND_DATE_VALUES_MERGED,1249334,1249333,12,111.906,6.828,16.914,6.031000000000001,261.81800000000004,152.971,-5.074,-24.557000000000002,-0.9870000000000001,1.056,109.26,14.2398
034159,CNPOF,RIV CAPITAL INC,2023-06-30,2023Q2,SAME_GVKEY_AND_DATE_VALUES_MERGED,1249336,1249335,12,104.336,5.83,20.830000000000002,6.031000000000001,258.356,159.333,-4.913,-9.202,-0.060000000000000005,1.1260000000000001,116.348,11.8712
034159,CNPOF,RIV CAPITAL INC,2023-09-30,2023Q3,SAME_GVKEY_AND_DATE_VALUES_MERGED,1249338,1249337,12,98.45,5.351,21.061,6.031000000000001,250.842,158.42600000000002,-4.724,-8.538,-1.1520000000000001,1.1660000000000001,117.028,19.0359
034183,REPX,RILEY EXPL PERMIAN INC,2022-03-31,2022Q1,SAME_GVKEY_AND_DATE_VALUES_MERGED,1249678,1249677,11,51.253,113.88300000000001,379.71200000000005,0.0,433.242,208.00400000000002,43.666000000000004,-9.282,-2.1140000000000003,,63.0,497.9383
034183,REPX,RILEY EXPL PERMIAN INC,2022-06-30,2022Q2,SAME_GVKEY_AND_DATE_VALUES_MERGED,1249680,1249679,11,53.784000000000006,109.363,408.547,0.0,465.831,207.621,62.542,49.482,10.927000000000001,,61.0,480.33570000000003
035715,LATN,UNION ACQUSTIN CORP II,2018-12-31,2018Q4,SAME_GVKEY_AND_DATE_VALUES_MERGED,1264448,1264447,8,0.17500000000000002,0.185,0.0,0.0,0.20500000000000002,0.185,,,,0.17500000000000002,0.0,
035715,LATN,UNION ACQUSTIN CORP II,2019-03-31,2019Q1,SAME_GVKEY_AND_DATE_VALUES_MERGED,1264450,1264449,3,,,,,,,-0.002,-0.002,0.0,,,
035715,LATN,UNION ACQUSTIN CORP II,2019-06-30,2019Q2,SAME_GVKEY_AND_DATE_VALUES_MERGED,1264452,1264451,11,0.12200000000000001,0.215,0.0,0.0,0.233,0.215,0.0,0.0,0.0,0.17500000000000002,0.0,
036157,AIIO,ROBO AI INC,2021-03-31,2021Q1,SAME_GVKEY_AND_DATE_VALUES_MERGED,1269685,1233966,12,0.17600000000000002,0.234,0.0,0.0,139.014,2.853,-0.11,-0.09000000000000001,0.0,0.2,0.0,176.863
036356,PURR,HYPERLIQUID STRATEGIES INC,2025-09-30,2025Q3,SAME_GVKEY_AND_DATE_VALUES_MERGED,1272118,1272117,0,,,,,,,,,,,,
036780,SSUNF,SIGNA SPORTS UNITED NV,2020-12-31,2020Q4,SAME_GVKEY_AND_DATE_VALUES_MERGED,1272915,1272330,12,1.2850000000000001,0.165,0.0,0.0,346.309,40.126000000000005,-0.137,-6.344,0.0,0.0,0.0,435.5625
036780,SSUNF,SIGNA SPORTS UNITED NV,2021-03-31,2021Q1,SAME_GVKEY_AND_DATE_VALUES_MERGED,1273126,1272960,12,1.096,1.407,0.0,0.0,346.125,39.619,-0.232,0.323,0.0,0.0,0.0,424.78130000000004
036475,FFR,FF EAI ROBOTICS ECOSYSTM INC,2021-03-31,2021Q1,SAME_GVKEY_AND_DATE_VALUES_MERGED,1273227,1273226,12,24.916,9.197000000000001,0.613,0.0,25.736,9.506,-5.812,-5.242,0.001,0.274,0.17300000000000001,77.8491
036780,SSUNF,SIGNA SPORTS UNITED NV,2021-06-30,2021Q2,SAME_GVKEY_AND_DATE_VALUES_MERGED,1273535,1273140,12,0.671,3.535,0.0,0.0,345.704,40.474000000000004,-2.553,-1.276,0.0,0.0,0.0,425.6438
036780,SSUNF,SIGNA SPORTS UNITED NV,2021-09-30,2021Q3,SAME_GVKEY_AND_DATE_VALUES_MERGED,1273800,1273541,12,0.17300000000000001,4.061,0.0,0.0,345.212,35.534,-1.0230000000000001,4.448,0.0,0.0,0.0,426.07500000000005
038535,ESLA,ESTRELLA IMMUNOPHARMA INC,2023-09-30,2023Q3,SAME_GVKEY_AND_DATE_VALUES_MERGED,1293509,1293508,12,27.35,17.281000000000002,0.0,0.0,27.35,17.281000000000002,-1.87,-1.87,0.0,0.3,0.0,328.7773
038849,HKD,AMTD DIGITAL INC -ADR,2023-01-31,2022Q4,SAME_GVKEY_AND_DATE_VALUES_MERGED,1296858,1296857,0,,,,,,,,,,,,
038849,HKD,AMTD DIGITAL INC -ADR,2023-04-30,2023Q1,SAME_GVKEY_AND_DATE_VALUES_MERGED,1296860,1296859,11,319.50300000000004,139.543,238.60000000000002,0.0,661.676,140.574,9.609,32.898,2.754,98.92500000000001,0.0,
038849,HKD,AMTD DIGITAL INC -ADR,2023-07-31,2023Q2,SAME_GVKEY_AND_DATE_VALUES_MERGED,1296862,1296861,0,,,,,,,,,,,,
038849,HKD,AMTD DIGITAL INC -ADR,2023-10-31,2023Q3,SAME_GVKEY_AND_DATE_VALUES_MERGED,1296864,1296863,11,450.56300000000005,159.30100000000002,69.592,0.0,537.4970000000001,159.30100000000002,1.1580000000000001,32.777,1.991,98.798,0.0,
039332,LIEN,CHICAGO ATLANTIC BDC INC,2023-03-31,2023Q1,SAME_GVKEY_AND_DATE_VALUES_MERGED,1303325,1303324,10,,,0.0,0.0,89.99000000000001,1.157,1.371,2.357,0.0,0.0,0.0,57.1146
043360,VSTS,VESTIS CORP,2022-03-31,2022Q1,SAME_GVKEY_AND_DATE_VALUES_MERGED,1304382,1304381,0,,,,,,,,,,,,
043360,VSTS,VESTIS CORP,2022-06-30,2022Q2,SAME_GVKEY_AND_DATE_VALUES_MERGED,1304392,1304383,0,,,,,,,,,,,,
041111,DC,DAKOTA GOLD CORP,2022-03-31,2022Q1,SAME_GVKEY_AND_DATE_VALUES_MERGED,1317254,1317253,11,41.873000000000005,2.537,78.19200000000001,0.0,120.08500000000001,6.25,-7.537,-7.498,-5.303,0.0,0.0,
041111,DC,DAKOTA GOLD CORP,2022-06-30,2022Q2,SAME_GVKEY_AND_DATE_VALUES_MERGED,1317256,1317255,12,36.678000000000004,2.548,78.284,0.0,115.00200000000001,5.042,-7.08,-7.027,-1.218,0.0,0.0,241.1799
041111,DC,DAKOTA GOLD CORP,2022-09-30,2022Q3,SAME_GVKEY_AND_DATE_VALUES_MERGED,1317258,1317257,12,28.94,2.0340000000000003,79.78200000000001,0.0,108.742,3.987,-7.074000000000001,-7.117,-0.541,0.0,0.0,220.1429
041241,HNVR,HANOVER BANCORP INC,2024-03-31,2024Q1,SAME_GVKEY_AND_DATE_VALUES_MERGED,1318138,1318137,10,,,24.984,19.168,2307.5080000000003,2117.965,8.317,5.407,1.346,5.0,178.64000000000001,109.5494
041411,BRSHF,BRUUSH ORAL CARE INC,2021-01-31,2020Q4,SAME_GVKEY_AND_DATE_VALUES_MERGED,1319254,1319253,0,,,,,,,,,,,,
043360,VSTS,VESTIS CORP,2022-09-30,2022Q3,SAME_GVKEY_AND_DATE_VALUES_MERGED,1327127,1327122,0,,,,,,,,,,,,
043360,VSTS,VESTIS CORP,2022-12-31,2022Q4,SAME_GVKEY_AND_DATE_VALUES_MERGED,1327129,1327128,0,,,,,,,,,,,,
045511,GEAR,REVELYST INC,2023-03-31,2023Q1,SAME_GVKEY_AND_DATE_VALUES_MERGED,1336985,1336984,0,,,,,,,,,,,,
045511,GEAR,REVELYST INC,2023-06-30,2023Q2,SAME_GVKEY_AND_DATE_VALUES_MERGED,1336987,1336986,0,,,,,,,,,,,,
045511,GEAR,REVELYST INC,2023-09-30,2023Q3,SAME_GVKEY_AND_DATE_VALUES_MERGED,1336989,1336988,0,,,,,,,,,,,,
045511,GEAR,REVELYST INC,2023-12-31,2023Q4,SAME_GVKEY_AND_DATE_VALUES_MERGED,1336991,1336990,0,,,,,,,,,,,,
045713,TMDE,TMD ENERGY LTD,2024-09-30,2024Q3,SAME_GVKEY_AND_DATE_VALUES_MERGED,1338314,1338313,0,,,,,,,,,,,,
045713,TMDE,TMD ENERGY LTD,2024-12-31,2024Q4,SAME_GVKEY_AND_DATE_VALUES_MERGED,1338316,1338315,11,77.85900000000001,90.39500000000001,32.149,0.0,110.09700000000001,90.96300000000001,5.864,2.069,1.151,80.065,0.5680000000000001,
045713,TMDE,TMD ENERGY LTD,2025-03-31,2025Q1,SAME_GVKEY_AND_DATE_VALUES_MERGED,1338318,1338317,0,,,,,,,,,,,,
045713,TMDE,TMD ENERGY LTD,2025-06-30,2025Q2,SAME_GVKEY_AND_DATE_VALUES_MERGED,1338320,1338319,12,93.01400000000001,101.736,31.771,0.0,124.94200000000001,102.32900000000001,-1.9440000000000002,-5.510000000000001,-0.9880000000000001,92.253,0.5930000000000001,28.278000000000002
050266,CLIK,CLICK HOLDINGS LTD,2023-09-30,2023Q3,SAME_GVKEY_AND_DATE_VALUES_MERGED,1339115,1339114,0,,,,,,,,,,,,
050266,CLIK,CLICK HOLDINGS LTD,2023-12-31,2023Q4,SAME_GVKEY_AND_DATE_VALUES_MERGED,1339117,1339116,11,1.3900000000000001,1.185,0.256,0.0,1.6460000000000001,1.243,0.498,0.496,0.079,0.5720000000000001,0.058,
051514,STRZ,STARZ ENTERTAINMENT CORP,2025-03-31,2025Q1,SAME_GVKEY_AND_DATE_VALUES_MERGED,1344861,1344860,11,170.5,622.5,85.9,0.0,2173.2000000000003,1406.8,40.0,-154.0,0.0,100.60000000000001,745.5,
051514,STRZ,STARZ ENTERTAINMENT CORP,2025-06-30,2025Q2,SAME_GVKEY_AND_DATE_VALUES_MERGED,1344863,1344862,12,123.2,677.1,50.400000000000006,0.0,2091.6,1379.3,-20.5,-42.6,-0.1,98.30000000000001,665.5,268.369
051514,STRZ,STARZ ENTERTAINMENT CORP,2025-09-30,2025Q3,SAME_GVKEY_AND_DATE_VALUES_MERGED,1344865,1344864,12,113.7,599.8000000000001,50.300000000000004,0.0,1972.4,1309.2,-29.8,-52.2,0.4,102.4,659.8000000000001,245.991
051514,STRZ,STARZ ENTERTAINMENT CORP,2025-12-31,2025Q4,SAME_GVKEY_AND_DATE_VALUES_MERGED,1344867,1344866,12,132.20000000000002,539.4,90.80000000000001,0.0,1913.2,1267.2,4.7,-20.7,0.0,106.30000000000001,695.5,195.39000000000001
061034,TK,TEEKAY CORPORATION LTD,1999-03-31,1999Q1,SAME_GVKEY_AND_DATE_VALUES_MERGED,1352896,1352895,9,166.39600000000002,72.169,1274.539,,1452.22,674.83,10.617,1.872,,39.058,602.6610000000001,
061292,TBCOA,TRIATHLON BROADCST CO  -CL A,1996-03-31,1996Q1,SAME_GVKEY_AND_DATE_VALUES_MERGED,1358744,1358743,10,38.377,5.8180000000000005,2.809,,69.381,8.319,-0.184,-0.595,0.0,0.14800000000000002,0.0,
061355,CKFR,CHECKFREE CORP,1995-09-30,1995Q3,SAME_GVKEY_AND_DATE_VALUES_MERGED,1360159,1360158,10,89.205,8.511000000000001,12.773000000000001,,103.531,16.172,-0.403,-0.305,-0.137,1.1440000000000001,7.447,
061355,CKFR,CHECKFREE CORP,1995-12-31,1995Q4,SAME_GVKEY_AND_DATE_VALUES_MERGED,1360161,1360160,10,90.467,8.675,13.559000000000001,,115.64200000000001,16.317,-1.194,-0.007,0.115,1.161,7.282,
061361,CDSG,CHINA DONGSHENG INTL INC,2006-09-30,2006Q3,SAME_GVKEY_AND_DATE_VALUES_MERGED,1360429,1360427,12,0.371,0.866,0.042,0.0,0.42100000000000004,1.7730000000000001,0.157,0.154,0.0,0.13,0.0,0.3689
061361,CDSG,CHINA DONGSHENG INTL INC,2006-12-31,2006Q4,SAME_GVKEY_AND_DATE_VALUES_MERGED,1360431,1360430,9,1.212,15.677000000000001,26.407,0.0,32.065000000000005,15.778,,,,0.036000000000000004,0.101,2.6350000000000002
061430,SRS.1,ARV ASSISTED LIVING INC,1997-03-31,1997Q1,SAME_GVKEY_AND_DATE_VALUES_MERGED,1363267,1363266,10,36.847,13.793000000000001,113.852,,164.231,104.85000000000001,0.17500000000000002,-0.862,-0.35800000000000004,2.067,90.48100000000001,
061487,BANR,BANNER CORP,1999-03-31,1999Q1,SAME_GVKEY_AND_DATE_VALUES_MERGED,1364898,1364897,9,,,15.96,34.182,1631.9,1448.2920000000001,7.4,6.426,2.3970000000000002,201.767,284.952,
061498,HYSL,HYPERION SOLUTIONS CORP,1997-09-30,1997Q3,SAME_GVKEY_AND_DATE_VALUES_MERGED,1365540,1365539,10,56.359,21.438000000000002,11.811,,69.149,21.513,7.49,8.273,3.0220000000000002,0.5660000000000001,0.075,
061498,HYSL,HYPERION SOLUTIONS CORP,1997-12-31,1997Q4,SAME_GVKEY_AND_DATE_VALUES_MERGED,1365542,1365541,10,61.571000000000005,26.108,12.224,,77.74000000000001,26.151,9.18,10.234,3.766,0.47400000000000003,0.043000000000000003,
061498,HYSL,HYPERION SOLUTIONS CORP,1998-03-31,1998Q1,SAME_GVKEY_AND_DATE_VALUES_MERGED,1365544,1365543,10,166.17700000000002,30.149,12.975000000000001,,186.233,130.149,8.842,7.090000000000001,3.7190000000000003,0.314,100.0,
061523,ADAM.1,A D A M INC,1999-03-31,1999Q1,SAME_GVKEY_AND_DATE_VALUES_MERGED,1366211,1366210,9,7.567,1.1740000000000002,0.644,,8.97,1.1740000000000002,,-1.5290000000000001,0.0,0.0,0.0,
061545,ANVB,A NOVO BROADBAND INC,1999-12-31,1999Q4,SAME_GVKEY_AND_DATE_VALUES_MERGED,1366786,1366785,10,4.597,4.448,0.561,,5.28,4.473,0.657,0.637,0.251,2.236,0.007,
061670,ICUT,INTERNATIONAL CUTLERY LTD,1997-04-30,1997Q1,SAME_GVKEY_AND_DATE_VALUES_MERGED,1371501,1371500,10,1.1600000000000001,1.358,1.1880000000000002,,2.3970000000000002,1.358,-0.9800000000000001,-1.0,0.0,0.15,0.0,
061685,NUAN,NUANCE COMMUNICATIONS INC,2003-12-31,2003Q4,SAME_GVKEY_AND_DATE_VALUES_MERGED,1371981,1370376,11,94.679,50.374,6.977,243.26600000000002,401.94,98.714,1.199,0.5880000000000001,-0.742,0.904,27.859,
061718,ATAR.,ATARI INC,1999-09-30,1999Q3,SAME_GVKEY_AND_DATE_VALUES_MERGED,1373332,1373331,10,272.051,305.361,38.334,,384.257,306.771,-52.113,-57.676,-1.614,135.70600000000002,0.0,
061718,ATAR.,ATARI INC,1999-12-31,1999Q4,SAME_GVKEY_AND_DATE_VALUES_MERGED,1373334,1373333,10,211.91,210.10600000000002,29.445,,307.826,308.093,-62.827000000000005,-101.387,21.519000000000002,71.0,96.361,
061718,ATAR.,ATARI INC,2000-03-31,2000Q1,SAME_GVKEY_AND_DATE_VALUES_MERGED,1373336,1373335,10,107.41300000000001,212.247,25.761000000000003,,159.207,313.426,-106.694,-116.227,23.086000000000002,71.69800000000001,97.828,
061753,STRB,STRASBAUGH,2007-03-31,2007Q1,SAME_GVKEY_AND_DATE_VALUES_MERGED,1374829,1374828,3,,,,,,,0.28900000000000003,0.061000000000000006,0.027,,,
061766,ASTC,ASTROTECH CORP,1995-09-30,1995Q3,SAME_GVKEY_AND_DATE_VALUES_MERGED,1375383,1375382,10,12.659,5.4670000000000005,70.611,,86.70100000000001,88.41600000000001,-6.857,-11.233,0.016,0.12000000000000001,24.886000000000003,
062261,GMST,GEMSTAR-TV GUIDE INTL INC,2000-03-31,2000Q1,SAME_GVKEY_AND_DATE_VALUES_MERGED,1379552,1379175,10,358.34200000000004,44.425000000000004,5.1690000000000005,,467.17100000000005,81.51400000000001,55.373000000000005,43.318000000000005,15.987,0.0,0.0,
062100,WMDA,WATCHIT MEDIA INC,2001-03-31,2001Q1,SAME_GVKEY_AND_DATE_VALUES_MERGED,1381479,1381478,10,45.005,14.860000000000001,6.246,,58.212,17.332,-5.0920000000000005,-4.905,-3.454,0.227,1.0,
062341,CHCL,CHINA CONTINENTAL INC,1997-03-31,1997Q1,SAME_GVKEY_AND_DATE_VALUES_MERGED,1386868,1386867,10,71.55,15.767000000000001,0.53,,73.282,15.767000000000001,1.9260000000000002,1.335,0.154,1.0430000000000001,0.0,
062491,PCTY.1,PARTY CITY CORP,1998-09-30,1998Q3,SAME_GVKEY_AND_DATE_VALUES_MERGED,1389350,1389349,10,101.373,65.268,47.891000000000005,,169.42700000000002,125.36500000000001,-2.428,-3.575,-1.4140000000000001,0.318,55.203,
062491,PCTY.1,PARTY CITY CORP,1998-12-31,1998Q4,SAME_GVKEY_AND_DATE_VALUES_MERGED,1389352,1389351,0,,,,,,,,,,,,
062582,ALJJ,ALJ REGIONAL HOLDINGS INC,1995-09-30,1995Q3,SAME_GVKEY_AND_DATE_VALUES_MERGED,1390075,1390063,3,,,,,,,-0.5660000000000001,-0.527,0.0,,,
062582,ALJJ,ALJ REGIONAL HOLDINGS INC,1995-12-31,1995Q4,SAME_GVKEY_AND_DATE_VALUES_MERGED,1390106,1390081,10,0.8,0.542,2.531,,3.609,0.542,-0.767,-0.759,0.0,0.0,0.0,
062599,LU.1,LUCENT TECHNOLOGIES INC,1995-12-31,1995Q4,SAME_GVKEY_AND_DATE_VALUES_MERGED,1391900,1391899,10,10679.0,11063.0,4338.0,,19722.0,18288.0,1443.0,-1369.0,-372.0,3891.0,123.0,
062626,EPM,EVOLUTION PETROLEUM CORP,2003-09-30,2003Q3,SAME_GVKEY_AND_DATE_VALUES_MERGED,1392627,1392626,10,0.0,0.33,0.0,0.0,0.0,0.33,,-0.001,0.0,0.2,0.0,
062626,EPM,EVOLUTION PETROLEUM CORP,2003-12-31,2003Q4,SAME_GVKEY_AND_DATE_VALUES_MERGED,1392629,1392628,11,0.0,0.32,0.0,0.0,0.0,0.32,-0.051000000000000004,0.007,0.0,0.251,0.0,
062640,LORL,LORAL SPACE & COMMUNICATIONS,1996-03-31,1996Q1,SAME_GVKEY_AND_DATE_VALUES_MERGED,1393031,1393030,9,,0.0,0.0,,354.384,0.0,3.744,0.783,-0.687,0.0,0.0,
062762,9448B,NUTRITIONAL SOURCING CORP,2001-01-31,2000Q4,SAME_GVKEY_AND_DATE_VALUES_MERGED,1396353,1396352,10,106.301,113.2,118.598,,434.79,391.189,-1.157,-6.471,-3.194,0.649,217.39800000000002,
062822,DVID,DIGITAL VIDEO SYSTEMS INC,2000-03-31,2000Q1,SAME_GVKEY_AND_DATE_VALUES_MERGED,1397069,1397068,10,15.657,15.521,2.2270000000000003,,22.975,16.289,-1.07,-0.5870000000000001,0.013000000000000001,6.644,0.768,
063021,SEEK.,INFOSEEK CORP,1997-12-31,1997Q4,SAME_GVKEY_AND_DATE_VALUES_MERGED,1401366,1401365,10,38.878,19.557000000000002,10.283000000000001,,51.154,23.886000000000003,-4.327,-4.09,0.0,2.475,4.329000000000001,
063028,MTRE,MARKET & RESEARCH CORP,1999-12-31,1999Q4,SAME_GVKEY_AND_DATE_VALUES_MERGED,1401495,1401494,0,,,,,,,,,,,,
063109,PRAC,PRODUCTIVITY TECHNOLOGIES CP,1995-09-30,1995Q3,SAME_GVKEY_AND_DATE_VALUES_MERGED,1403837,1403836,2,,,,,,,,0.222,0.099,,,
063109,PRAC,PRODUCTIVITY TECHNOLOGIES CP,1995-12-31,1995Q4,SAME_GVKEY_AND_DATE_VALUES_MERGED,1403839,1403838,3,,,,,,,0.6890000000000001,0.222,0.096,,,
063109,PRAC,PRODUCTIVITY TECHNOLOGIES CP,1996-03-31,1996Q1,SAME_GVKEY_AND_DATE_VALUES_MERGED,1403841,1403840,3,,,,,,,0.435,0.34,0.18000000000000002,,,
063384,3BPOM,BPO MANAGEMENT SERVICES/DE,2007-03-31,2007Q1,SAME_GVKEY_AND_DATE_VALUES_MERGED,1409154,1409153,12,2.065,6.097,0.8340000000000001,4.115,8.123000000000001,6.772,-0.866,-1.358,0.0,1.5610000000000002,0.462,8.7052
063469,PCFC,PIONEER COMMERCIAL FUNDING,1997-03-31,1997Q1,SAME_GVKEY_AND_DATE_VALUES_MERGED,1411790,1411789,10,5.222,0.378,0.187,,5.434,2.178,-0.187,-0.661,0.001,0.0,1.8,
063475,LNDA,LINDATECH INC,1997-09-30,1997Q3,SAME_GVKEY_AND_DATE_VALUES_MERGED,1411912,1411911,10,1.812,0.16,0.115,,1.9620000000000002,0.16,0.062,0.301,0.108,0.0,0.0,
063475,LNDA,LINDATECH INC,1997-12-31,1997Q4,SAME_GVKEY_AND_DATE_VALUES_MERGED,1411914,1411913,10,1.489,0.34,0.114,,2.1550000000000002,0.34,0.015000000000000001,0.07200000000000001,0.026000000000000002,0.15,0.0,
063475,LNDA,LINDATECH INC,1998-03-31,1998Q1,SAME_GVKEY_AND_DATE_VALUES_MERGED,1411916,1411915,10,0.5640000000000001,0.13,0.0,,0.5890000000000001,0.13,0.742,0.8520000000000001,0.307,0.0,0.0,
063493,SNRR.1,SUNTERRA CORP,2003-12-31,2003Q4,SAME_GVKEY_AND_DATE_VALUES_MERGED,1412461,1412460,8,,,73.14,0.0,654.053,450.475,8.454,-91.25500000000001,0.7260000000000001,,248.92600000000002,
063590,BKRIY,BANK OF IRELAND GROUP PLC,2010-03-31,2010Q1,SAME_GVKEY_AND_DATE_VALUES_MERGED,1414563,1414562,0,,,,,,,,,,,,
063601,SPNT.,SHOPNET.COM INC,2000-09-30,2000Q3,SAME_GVKEY_AND_DATE_VALUES_MERGED,1415056,1415055,10,2.1950000000000003,1.445,1.611,,4.970000000000001,1.462,-0.617,-0.677,0.005,1.237,0.017,
063601,SPNT.,SHOPNET.COM INC,2000-12-31,2000Q4,SAME_GVKEY_AND_DATE_VALUES_MERGED,1415058,1415057,10,4.91,4.394,1.4120000000000001,,7.664000000000001,4.407,0.23600000000000002,-0.044000000000000004,-0.022000000000000002,3.1830000000000003,0.013000000000000001,
063630,MOKA,COFFEE PEOPLE INC,1997-09-30,1997Q3,SAME_GVKEY_AND_DATE_VALUES_MERGED,1415541,1415540,10,4.002,4.7170000000000005,7.626,,17.625,9.552,-0.226,-0.32,0.0,1.326,4.7490000000000006,
063630,MOKA,COFFEE PEOPLE INC,1997-12-31,1997Q4,SAME_GVKEY_AND_DATE_VALUES_MERGED,1415543,1415542,10,3.786,4.312,7.338,,17.023,8.747,0.198,0.099,-0.08900000000000001,1.3070000000000002,4.4350000000000005,
063740,OTGO,ORGANIC TO GO FOOD CORP,2000-03-31,2000Q1,SAME_GVKEY_AND_DATE_VALUES_MERGED,1419330,1419329,10,1.7750000000000001,0.17800000000000002,0.0,,1.7750000000000001,0.17800000000000002,-0.224,-0.198,0.0,0.0,0.0,
063775,CIC.1,CARSON INC  -CL A,1996-03-31,1996Q1,SAME_GVKEY_AND_DATE_VALUES_MERGED,1420264,1420263,10,25.921000000000003,11.964,11.986,,88.08200000000001,77.991,3.3930000000000002,1.693,0.8250000000000001,3.0100000000000002,63.778000000000006,
063821,AVSO.1,AVATECH SOLUTIONS INC-OLD,2001-09-30,2001Q3,SAME_GVKEY_AND_DATE_VALUES_MERGED,1421322,1421321,10,8.35,3.0020000000000002,0.999,,10.301,3.0020000000000002,-2.684,-3.927,0.0,0.0,0.0,
063821,AVSO.1,AVATECH SOLUTIONS INC-OLD,2001-12-31,2001Q4,SAME_GVKEY_AND_DATE_VALUES_MERGED,1421324,1421323,11,6.229,1.875,0.866,0.0,7.932,1.875,-1.742,-1.816,0.0,0.0,0.0,
063962,3AGTY,AGILITY CAPITAL INC,2000-12-31,2000Q4,SAME_GVKEY_AND_DATE_VALUES_MERGED,1425400,1425399,8,,0.5930000000000001,0.0,,6.557,0.5930000000000001,-8.57,13.115,0.0,,0.0,
064197,CGUE,CAREGUIDE INC,2007-03-31,2007Q1,SAME_GVKEY_AND_DATE_VALUES_MERGED,1431544,1431543,12,9.976,18.891000000000002,2.611,32.673,51.764,26.51,-2.224,-2.678,0.044000000000000004,8.0,6.601,35.795700000000004
064278,ELTK,ELTEK LTD,2000-03-31,2000Q1,SAME_GVKEY_AND_DATE_VALUES_MERGED,1432812,1432811,10,9.004,9.467,9.694,,18.701,12.350000000000001,0.681,0.535,0.0,3.2920000000000003,2.579,
064296,LYLP,LOYALTYPOINT INC,1995-12-31,1995Q4,SAME_GVKEY_AND_DATE_VALUES_MERGED,1433178,1433177,10,0.514,1.72,1.198,,2.6950000000000003,2.8770000000000002,-0.02,-0.003,0.0,0.9760000000000001,1.157,
064330,APPS.1,APPIANT TECHNOLOGIES INC,1997-12-31,1997Q4,SAME_GVKEY_AND_DATE_VALUES_MERGED,1434278,1434277,10,5.365,4.272,0.7030000000000001,,8.905000000000001,4.430000000000001,-0.8370000000000001,-4.914000000000001,-0.093,0.48800000000000004,0.158,
064344,MTN,VAIL RESORTS INC,1991-12-31,1991Q4,SAME_GVKEY_AND_DATE_VALUES_MERGED,1434758,1434757,0,,,,,,,,,,,,
064562,HSTXF,HELIOSTAR METALS LTD,2025-03-31,2025Q1,SAME_GVKEY_AND_DATE_VALUES_MERGED,1439270,1439269,9,61.313,19.880000000000003,40.845,0.0,117.226,55.684000000000005,,,,0.07300000000000001,0.034,173.1989
064562,HSTXF,HELIOSTAR METALS LTD,2025-06-30,2025Q2,SAME_GVKEY_AND_DATE_VALUES_MERGED,1439272,1439271,10,69.992,18.305,40.061,0.0,122.94300000000001,57.005,7.515000000000001,6.094,4.202,,,230.6412
064562,HSTXF,HELIOSTAR METALS LTD,2025-09-30,2025Q3,SAME_GVKEY_AND_DATE_VALUES_MERGED,1439274,1439273,10,77.934,31.234,40.502,0.0,129.881,62.382000000000005,4.033,5.239,3.983,,,327.7248
064808,SHSE,SUMMIT HLDG SOUTHEAST INC,1997-03-31,1997Q1,SAME_GVKEY_AND_DATE_VALUES_MERGED,1444444,1444443,8,,,1.4520000000000002,,446.617,420.201,3.204,2.402,0.66,2.875,29.8,
064886,3EFAX,EFAX.COM INC,1996-03-31,1996Q1,SAME_GVKEY_AND_DATE_VALUES_MERGED,1446128,1446127,3,,,,,,,-0.136,-0.21400000000000002,0.0,,,
065080,DLGO,DIALOG GROUP,2000-09-30,2000Q3,SAME_GVKEY_AND_DATE_VALUES_MERGED,1450943,1450942,10,2.951,3.681,1.941,3.524,8.457,4.768,,-0.666,0.0,1.879,1.087,
065080,DLGO,DIALOG GROUP,2000-12-31,2000Q4,SAME_GVKEY_AND_DATE_VALUES_MERGED,1450945,1450944,11,0.552,4.682,0.9900000000000001,0.0,1.6580000000000001,5.5520000000000005,-1.9100000000000001,-7.594,0.0,1.828,0.87,
065218,CGNT.1,COGENTIX MEDICAL INC,2015-03-31,2015Q1,SAME_GVKEY_AND_DATE_VALUES_MERGED,1454637,1454636,12,22.144000000000002,10.254000000000001,1.8130000000000002,18.75,56.753,34.005,-0.746,-2.3240000000000003,0.009000000000000001,0.0,22.529,43.1111
065229,FBDS,FUSS BRANDS CORP,2006-01-31,2005Q4,SAME_GVKEY_AND_DATE_VALUES_MERGED,1455084,1455083,0,,,,,,,,,,,,
065229,FBDS,FUSS BRANDS CORP,2006-04-30,2006Q1,SAME_GVKEY_AND_DATE_VALUES_MERGED,1455086,1455085,0,,,,,,,,,,,,
065312,ROBK,ROTATE BLACK INC,2008-09-30,2008Q3,SAME_GVKEY_AND_DATE_VALUES_MERGED,1457477,1457476,12,0.042,0.08600000000000001,0.063,0.0,0.48300000000000004,0.10200000000000001,-0.446,-0.919,0.0,0.005,0.016,11.455
065312,ROBK,ROTATE BLACK INC,2008-12-31,2008Q4,SAME_GVKEY_AND_DATE_VALUES_MERGED,1457479,1457478,12,0.05,1.713,0.058,0.0,8.754,3.333,-0.163,-0.17600000000000002,0.0,0.274,1.582,44.5291
065312,ROBK,ROTATE BLACK INC,2009-03-31,2009Q1,SAME_GVKEY_AND_DATE_VALUES_MERGED,1457481,1457480,12,0.096,1.9380000000000002,0.052000000000000005,0.0,9.115,3.6780000000000004,-0.256,-0.269,0.0,0.274,1.6960000000000002,19.1694
065322,PXPS,PRODUCTEXPRESS.COM EBUS SVC,1997-03-31,1997Q1,SAME_GVKEY_AND_DATE_VALUES_MERGED,1457676,1457675,10,0.273,0.35000000000000003,0.083,,0.528,0.46,-0.12100000000000001,-0.341,0.0,0.07,0.11,
065365,OMCC,OLD MARKET CAPITAL CORP,2025-03-31,2025Q1,SAME_GVKEY_AND_DATE_VALUES_MERGED,1458504,1458503,12,27.436,2.902,33.908,12.280000000000001,77.672,10.652000000000001,-1.4220000000000002,-1.081,0.028,0.35500000000000004,3.444,40.3099
065365,OMCC,OLD MARKET CAPITAL CORP,2025-06-30,2025Q2,SAME_GVKEY_AND_DATE_VALUES_MERGED,1458506,1458505,12,25.359,3.996,37.388000000000005,12.280000000000001,78.925,12.552000000000001,-0.9860000000000001,-0.739,0.019,0.34800000000000003,4.23,36.894
065365,OMCC,OLD MARKET CAPITAL CORP,2025-09-30,2025Q3,SAME_GVKEY_AND_DATE_VALUES_MERGED,1458508,1458507,12,22.557000000000002,4.9590000000000005,42.5,12.280000000000001,81.068,15.178,-0.9630000000000001,-0.789,0.008,0.41100000000000003,5.886,34.7883
065438,3NVSC,NEVSTAR GAMING & ENTMT CORP,1997-09-30,1997Q3,SAME_GVKEY_AND_DATE_VALUES_MERGED,1460179,1460178,7,,,10.083,,16.906000000000002,8.795,-0.676,-1.3010000000000002,0.0,,7.721,
065438,3NVSC,NEVSTAR GAMING & ENTMT CORP,1997-12-31,1997Q4,SAME_GVKEY_AND_DATE_VALUES_MERGED,1460181,1460180,7,,,13.049000000000001,,17.613,9.985000000000001,-0.139,-0.35000000000000003,0.0,,7.800000000000001,
065449,UFAB.1,UNIFAB INTERNATIONAL INC,2000-03-31,2000Q1,SAME_GVKEY_AND_DATE_VALUES_MERGED,1460362,1460361,10,33.045,36.834,31.708000000000002,,84.65100000000001,40.383,-2.164,-2.645,-0.782,24.720000000000002,0.0,
065502,BEST.1,BEST SOFTWARE INC,1997-03-31,1997Q1,SAME_GVKEY_AND_DATE_VALUES_MERGED,1462374,1462373,10,16.917,17.830000000000002,1.774,,21.16,20.162000000000003,1.524,1.649,-0.455,0.7040000000000001,0.65,
065570,AIPC,AMER ITALIAN PASTA CO  -CL A,1995-12-31,1995Q4,SAME_GVKEY_AND_DATE_VALUES_MERGED,1463861,1463860,10,24.537000000000003,17.905,105.379,,135.424,115.357,3.871,1.124,0.41700000000000004,3.109,97.452,
065753,HOMS.1,TIMIOS NATIONAL CORP,2007-09-30,2007Q3,SAME_GVKEY_AND_DATE_VALUES_MERGED,1468510,1468509,12,5.148000000000001,10.111,0.27,0.0,10.249,15.981000000000002,-0.42000000000000004,0.197,0.0,0.29300000000000004,5.87,2.1339
065753,HOMS.1,TIMIOS NATIONAL CORP,2007-12-31,2007Q4,SAME_GVKEY_AND_DATE_VALUES_MERGED,1468512,1468511,12,4.691,17.03,0.269,0.0,9.597000000000001,17.164,-0.522,-2.228,0.0,6.325,0.134,3.6574
065850,CTHRQ,CHARLES & COLVARD LTD,2017-09-30,2017Q3,SAME_GVKEY_AND_DATE_VALUES_MERGED,1470369,1470368,12,19.592000000000002,5.758,1.32,0.0,40.77,6.713,-0.17,-0.17,0.005,0.0,0.0,18.7877
065850,CTHRQ,CHARLES & COLVARD LTD,2017-12-31,2017Q4,SAME_GVKEY_AND_DATE_VALUES_MERGED,1470371,1470370,12,20.150000000000002,5.447,1.242,0.0,41.231,6.372,0.506,0.6880000000000001,0.004,0.0,0.0,29.133000000000003
065850,CTHRQ,CHARLES & COLVARD LTD,2018-03-31,2018Q1,SAME_GVKEY_AND_DATE_VALUES_MERGED,1470373,1470372,12,18.734,4.640000000000001,1.19,0.0,40.013000000000005,5.535,-0.5730000000000001,-0.5730000000000001,0.005,0.0,0.0,29.343400000000003
065850,CTHRQ,CHARLES & COLVARD LTD,2018-06-30,2018Q2,SAME_GVKEY_AND_DATE_VALUES_MERGED,1470375,1470374,12,17.055,4.79,1.1440000000000001,0.0,39.473,5.654,-1.0210000000000001,-1.0210000000000001,-0.323,0.0,0.0,23.224400000000003
065850,CTHRQ,CHARLES & COLVARD LTD,2018-09-30,2018Q3,SAME_GVKEY_AND_DATE_VALUES_MERGED,1470377,1470376,12,16.076,4.881,1.2,0.0,39.713,5.711,0.115,0.115,0.005,0.0,0.0,18.8529
065928,MWI.2,MEADOWCRAFT INC,1996-10-31,1996Q3,SAME_GVKEY_AND_DATE_VALUES_MERGED,1472322,1472321,10,35.864000000000004,46.127,42.407000000000004,,79.02900000000001,63.807,-1.8410000000000002,-2.826,0.0,25.058,17.68,
065928,MWI.2,MEADOWCRAFT INC,1997-01-31,1996Q4,SAME_GVKEY_AND_DATE_VALUES_MERGED,1472324,1472323,10,73.11,78.476,42.175000000000004,,116.007,94.92200000000001,7.043,5.8660000000000005,0.0,48.722,16.446,
065928,MWI.2,MEADOWCRAFT INC,1997-04-30,1997Q1,SAME_GVKEY_AND_DATE_VALUES_MERGED,1472326,1472325,10,85.266,72.413,41.128,,127.061,87.733,20.051000000000002,18.244,0.0,53.646,15.32,
066046,GWLKQ,GABRIEL TECHNOLOGIES CORP,2003-09-30,2003Q3,SAME_GVKEY_AND_DATE_VALUES_MERGED,1472391,1472386,11,0.0,0.002,0.0,0.0,0.0,13.832,0.0,0.0,0.0,0.0,0.0,
066046,GWLKQ,GABRIEL TECHNOLOGIES CORP,2003-12-31,2003Q4,SAME_GVKEY_AND_DATE_VALUES_MERGED,1472406,1472396,11,0.0,0.051000000000000004,0.0,0.0,0.0,13.88,0.0,-0.051000000000000004,0.0,0.0,0.0,
066031,FBLQ,FOOTBALL EQUITIES INC,2000-12-31,2000Q4,SAME_GVKEY_AND_DATE_VALUES_MERGED,1474186,1474185,10,1.468,3.37,0.373,,12.530000000000001,4.5360000000000005,-0.37,-0.311,0.0,1.5830000000000002,1.1660000000000001,
066049,PTACQ,PENTACON INC,1996-12-31,1996Q4,SAME_GVKEY_AND_DATE_VALUES_MERGED,1474479,1474478,10,26.632,9.502,1.5830000000000002,,28.519000000000002,20.889,5.2010000000000005,4.139,1.6280000000000001,0.201,11.387,
066100,SOYL,AMERICAN SOIL TECHNOLOGIES,2006-12-31,2006Q4,SAME_GVKEY_AND_DATE_VALUES_MERGED,1475401,1475400,12,0.5930000000000001,1.159,0.402,0.0,5.649,4.122,-0.48300000000000004,-0.539,0.0,0.497,2.963,7.1705000000000005
066371,IESC,IES HOLDINGS INC,1996-12-31,1996Q4,SAME_GVKEY_AND_DATE_VALUES_MERGED,1479821,1479820,10,11.23,6.559,1.4280000000000002,,13.226,7.875,5.021,4.981,1.9340000000000002,0.42800000000000005,1.2950000000000002,
066673,ICBC,INDEPENDENCE CMNTY BK CORP,2001-03-31,2001Q1,SAME_GVKEY_AND_DATE_VALUES_MERGED,1485807,1485806,8,,,84.72800000000001,,7010.867,6197.711,37.661,28.307000000000002,11.88,148.25,1172.1100000000001,
066697,INO,INOVIO PHARMACEUTICALS INC,2001-03-31,2001Q1,SAME_GVKEY_AND_DATE_VALUES_MERGED,1486455,1486454,11,8.249,1.512,0.904,0.0,11.486,1.596,0.8460000000000001,0.878,0.0,0.069,0.049,
100423,AHM.2,AMERSHAM PLC,1997-03-31,1997Q1,SAME_GVKEY_AND_DATE_VALUES_MERGED,1494430,1494429,0,,,,,,,,,,,,
100862,AHEXY,ADECCO GROUP AG,1994-12-31,1994Q4,SAME_GVKEY_AND_DATE_VALUES_MERGED,1496098,1496097,10,612.6990000000001,535.746,75.12100000000001,,988.3230000000001,788.465,81.547,33.719,22.066000000000003,183.00300000000001,225.685,
101475,AFLYY,AIR FRANCE KLM SA,2011-03-31,2011Q1,SAME_GVKEY_AND_DATE_VALUES_MERGED,1497785,1497784,11,12113.7,14707.771,18652.063000000002,598.523,41086.733,31291.953,-571.5740000000001,-761.6270000000001,-241.11100000000002,2578.4700000000003,12736.334,
102482,SGOLY,ST HELENA GOLD MINES,1992-09-30,1992Q3,SAME_GVKEY_AND_DATE_VALUES_MERGED,1498853,1498852,0,,,,,,,,,,,,
102482,SGOLY,ST HELENA GOLD MINES,1992-12-31,1992Q4,SAME_GVKEY_AND_DATE_VALUES_MERGED,1498855,1498854,10,23.334,27.515,593.6220000000001,,621.549,456.958,31.536,7.708,-0.002,2.92,429.444,
103123,PWG,POWERGEN PLC,1998-03-31,1998Q1,SAME_GVKEY_AND_DATE_VALUES_MERGED,1499547,1499546,0,,,,,,,,,,,,
103124,IPRPY,INTERNATIONAL POWER PLC,2001-03-31,2001Q1,SAME_GVKEY_AND_DATE_VALUES_MERGED,1499591,1499590,3,,,,,,,48.246,82.302,24.123,,,
104831,SPKKY,SPARK NEW ZEALAND LTD,1998-09-30,1998Q3,SAME_GVKEY_AND_DATE_VALUES_MERGED,1500256,1500255,10,673.7,1007.0,1855.2,,2600.2000000000003,1595.2,180.11700000000002,157.05700000000002,53.188,507.6,570.4,
104831,SPKKY,SPARK NEW ZEALAND LTD,1998-12-31,1998Q4,SAME_GVKEY_AND_DATE_VALUES_MERGED,1500258,1500257,10,770.7,1112.0,1931.1000000000001,,2780.0,1731.6000000000001,192.57600000000002,168.169,58.145,571.7,598.1,
104831,SPKKY,SPARK NEW ZEALAND LTD,1999-03-31,1999Q1,SAME_GVKEY_AND_DATE_VALUES_MERGED,1500260,1500259,10,795.0,1188.0,2019.0,,2870.0,1784.0,200.823,181.54000000000002,56.877,608.0,594.0,
104904,VNLPY,VERNALIS PLC,2014-09-30,2014Q3,SAME_GVKEY_AND_DATE_VALUES_MERGED,1500549,1500548,0,,,,,,,,,,,,
104904,VNLPY,VERNALIS PLC,2014-12-31,2014Q4,SAME_GVKEY_AND_DATE_VALUES_MERGED,1500551,1500550,11,119.173,7.981000000000001,2.532,0.0,138.747,13.844000000000001,-6.362,1.3010000000000002,-2.0180000000000002,0.0,0.0,
105851,ADSD,ADDISON-DAVIS DIAGNOSTICS,2002-09-30,2002Q3,SAME_GVKEY_AND_DATE_VALUES_MERGED,1502549,1502548,11,0.3,0.49400000000000005,0.014,0.0,0.314,0.49400000000000005,-2.557,-2.47,0.0,0.0,0.0,
105851,ADSD,ADDISON-DAVIS DIAGNOSTICS,2002-12-31,2002Q4,SAME_GVKEY_AND_DATE_VALUES_MERGED,1502551,1502550,11,0.301,0.549,0.0,0.0,0.301,0.549,-0.529,-0.535,0.0,0.3,0.0,
106881,ABIZQ,ADELPHIA BUSINESS SOLUTIONS,1998-03-31,1998Q1,SAME_GVKEY_AND_DATE_VALUES_MERGED,1505799,1505798,9,235.184,17.904,250.633,,634.893,546.6800000000001,-7.386,-19.116,0.0,,528.7760000000001,
107101,ULFS,ULTIMATE FRANCHISE SYSTEMS,1998-12-31,1998Q4,SAME_GVKEY_AND_DATE_VALUES_MERGED,1506215,1506214,10,1.758,3.9160000000000004,0.8210000000000001,,14.708,5.791,-0.5,-3.749,0.012,2.003,1.875,
108831,WPRT,WESTPORT FUEL SYSTEMS INC,2011-03-31,2011Q1,SAME_GVKEY_AND_DATE_VALUES_MERGED,1510942,1510941,12,235.11200000000002,54.245000000000005,12.083,8.202,273.386,77.23700000000001,-6.180000000000001,-9.843,2.307,15.288,10.012,1032.4446
109981,SFDL,SECURITY FEDERAL CORP,2012-03-31,2012Q1,SAME_GVKEY_AND_DATE_VALUES_MERGED,1514466,1514465,10,,,18.726000000000003,1.2,924.6370000000001,843.865,1.8050000000000002,0.678,0.248,28.701,114.409,26.496000000000002
111104,CTBG,COIL TUBING TECHNOLOGY INC,2001-09-30,2001Q3,SAME_GVKEY_AND_DATE_VALUES_MERGED,1518892,1518891,7,0.133,5.118,0.025,,1.749,5.266,,,,1.599,0.009000000000000001,
111104,CTBG,COIL TUBING TECHNOLOGY INC,2001-12-31,2001Q4,SAME_GVKEY_AND_DATE_VALUES_MERGED,1518894,1518893,11,0.0,3.689,0.0,0.0,0.641,5.876,-0.761,-0.791,0.0,0.28800000000000003,0.0,
113359,SPGR,SUPERIOR GALLERIES INC,2000-09-30,2000Q3,SAME_GVKEY_AND_DATE_VALUES_MERGED,1529013,1529012,10,9.83,6.769,0.20700000000000002,,10.315000000000001,9.21,-0.062,-0.264,0.005,3.491,2.431,
113359,SPGR,SUPERIOR GALLERIES INC,2000-12-31,2000Q4,SAME_GVKEY_AND_DATE_VALUES_MERGED,1529015,1529014,10,8.856,6.445,0.251,,9.418000000000001,8.839,-0.41400000000000003,-0.667,0.001,4.761,2.384,
113379,9660B,FOX SPORTS NETWORKS LLC,1998-09-30,1998Q3,SAME_GVKEY_AND_DATE_VALUES_MERGED,1529378,1529377,10,330.483,330.76500000000004,47.642,,1911.614,1801.428,17.82,-15.308000000000002,0.131,80.641,1336.4830000000002,
113379,9660B,FOX SPORTS NETWORKS LLC,1998-12-31,1998Q4,SAME_GVKEY_AND_DATE_VALUES_MERGED,1529380,1529379,10,315.12100000000004,275.069,49.306000000000004,,1891.9350000000002,1800.5410000000002,16.488,-17.047,0.42500000000000004,15.450000000000001,1401.891,
114380,FYNN,FYNTECHNICAL INNOVATIONS INC,2001-09-30,2001Q3,SAME_GVKEY_AND_DATE_VALUES_MERGED,1531434,1531433,11,0.10300000000000001,1.25,0.0,0.0,0.10300000000000001,1.25,-0.315,-0.315,0.0,0.25,0.0,
114380,FYNN,FYNTECHNICAL INNOVATIONS INC,2001-12-31,2001Q4,SAME_GVKEY_AND_DATE_VALUES_MERGED,1531436,1531435,11,0.001,1.2710000000000001,0.0,0.0,0.001,1.2710000000000001,-0.132,-0.132,0.0,0.0,0.0,
116284,CVVT,CHINA VALVES TECHNOLOGY INC,2010-12-31,2010Q4,SAME_GVKEY_AND_DATE_VALUES_MERGED,1537264,1537263,12,136.1,49.901,40.774,32.955,238.508,49.901,8.102,10.438,4.029,5.649,0.0,363.2892
117319,AVIX.1,AVIX TECHNOLOGIES INC -OLD,2009-03-31,2009Q1,SAME_GVKEY_AND_DATE_VALUES_MERGED,1541323,1541322,0,,,,,,,,,,,,
118574,EVRC,EVERCEL INC,2008-06-30,2008Q2,SAME_GVKEY_AND_DATE_VALUES_MERGED,1545476,1545475,0,,,,,,,,,,,,
118574,EVRC,EVERCEL INC,2008-09-30,2008Q3,SAME_GVKEY_AND_DATE_VALUES_MERGED,1545478,1545477,0,,,,,,,,,,,,
118574,EVRC,EVERCEL INC,2008-12-31,2008Q4,SAME_GVKEY_AND_DATE_VALUES_MERGED,1545480,1545479,0,,,,,,,,,,,,
118574,EVRC,EVERCEL INC,2009-03-31,2009Q1,SAME_GVKEY_AND_DATE_VALUES_MERGED,1545482,1545481,0,,,,,,,,,,,,
118574,EVRC,EVERCEL INC,2009-06-30,2009Q2,SAME_GVKEY_AND_DATE_VALUES_MERGED,1545484,1545483,0,,,,,,,,,,,,
118574,EVRC,EVERCEL INC,2009-09-30,2009Q3,SAME_GVKEY_AND_DATE_VALUES_MERGED,1545486,1545485,0,,,,,,,,,,,,
118574,EVRC,EVERCEL INC,2009-12-31,2009Q4,SAME_GVKEY_AND_DATE_VALUES_MERGED,1545488,1545487,0,,,,,,,,,,,,
118574,EVRC,EVERCEL INC,2010-03-31,2010Q1,SAME_GVKEY_AND_DATE_VALUES_MERGED,1545490,1545489,0,,,,,,,,,,,,
118574,EVRC,EVERCEL INC,2010-06-30,2010Q2,SAME_GVKEY_AND_DATE_VALUES_MERGED,1545492,1545491,0,,,,,,,,,,,,
118574,EVRC,EVERCEL INC,2010-09-30,2010Q3,SAME_GVKEY_AND_DATE_VALUES_MERGED,1545494,1545493,0,,,,,,,,,,,,
118574,EVRC,EVERCEL INC,2010-12-31,2010Q4,SAME_GVKEY_AND_DATE_VALUES_MERGED,1545496,1545495,0,,,,,,,,,,,,
120093,CNX,CNX RESOURCES CORP,1998-09-30,1998Q3,SAME_GVKEY_AND_DATE_VALUES_MERGED,1549635,1549634,2,,,,,,,,21.343,2.983,,,
120093,CNX,CNX RESOURCES CORP,1998-12-31,1998Q4,SAME_GVKEY_AND_DATE_VALUES_MERGED,1549637,1549636,10,615.1890000000001,1217.617,2687.012,,3863.3900000000003,3966.6110000000003,255.37,49.354,-0.5860000000000001,667.5120000000001,315.095,
121200,HOTJ,HOUSE OF TAYLOR JEWELRY INC,2005-03-31,2005Q1,SAME_GVKEY_AND_DATE_VALUES_MERGED,1553991,1553990,3,,,,,,,-0.305,-0.34900000000000003,0.0,,,
121553,ABLE,ABLE ENERGY INC,2000-09-30,2000Q3,SAME_GVKEY_AND_DATE_VALUES_MERGED,1555133,1555132,10,6.2250000000000005,5.783,6.337000000000001,,13.436,7.687,-0.7010000000000001,-0.628,-0.251,1.2790000000000001,1.756,
121553,ABLE,ABLE ENERGY INC,2000-12-31,2000Q4,SAME_GVKEY_AND_DATE_VALUES_MERGED,1555135,1555134,10,5.649,5.933000000000001,6.8100000000000005,,13.365,7.881,-0.381,-0.262,0.136,1.316,1.8,
121934,BHP1,PETROHAWK ENERGY CORP,2012-09-30,2012Q3,SAME_GVKEY_AND_DATE_VALUES_MERGED,1557629,1557628,11,832.479,1298.005,10051.42,932.802,12308.764000000001,6382.542,52.532000000000004,-54.998000000000005,-22.332,19.246000000000002,5034.238,
121934,BHP1,PETROHAWK ENERGY CORP,2012-12-31,2012Q4,SAME_GVKEY_AND_DATE_VALUES_MERGED,1557631,1557630,11,726.408,1185.573,10697.041000000001,932.802,12787.226,6298.33,110.756,-66.584,-26.592000000000002,19.467000000000002,5055.104,
121937,3IDVB,INDIAN VILLAGE BANCORP,1999-09-30,1999Q3,SAME_GVKEY_AND_DATE_VALUES_MERGED,1557642,1557641,9,,,1.0550000000000002,0.0,54.24,45.278,0.28200000000000003,0.17700000000000002,0.060000000000000005,3.5,12.0,
121937,3IDVB,INDIAN VILLAGE BANCORP,1999-12-31,1999Q4,SAME_GVKEY_AND_DATE_VALUES_MERGED,1557644,1557643,9,,,1.591,0.0,59.362,50.613,0.20700000000000002,0.048,0.038,2.7,14.5,
124314,PCSA.1,AIRGATE PCS INC,1999-12-31,1999Q4,SAME_GVKEY_AND_DATE_VALUES_MERGED,1565607,1565606,0,,,,,,,,,,,,
124634,AOXG,AOXING PHARMACEUTICAL CO INC,2004-09-30,2004Q3,SAME_GVKEY_AND_DATE_VALUES_MERGED,1567245,1567244,0,,,,,,,,,,,,
124634,AOXG,AOXING PHARMACEUTICAL CO INC,2004-12-31,2004Q4,SAME_GVKEY_AND_DATE_VALUES_MERGED,1567247,1567246,0,,,,,,,,,,,,
125434,CZLNF,CELANESE AG,2004-12-31,2004Q4,SAME_GVKEY_AND_DATE_VALUES_MERGED,1569886,1569885,0,,,,,,,,,,,,
126718,PFSW,PFSWEB INC,2001-03-31,2001Q1,SAME_GVKEY_AND_DATE_VALUES_MERGED,1577151,1577150,11,38.38,18.357,20.253,0.0,58.737,21.736,-3.841,-2.2030000000000003,-0.011000000000000001,0.3,2.1390000000000002,
126722,PIK.,WATER PIK TECHNOLOGIES INC,2003-12-31,2003Q4,SAME_GVKEY_AND_DATE_VALUES_MERGED,1577396,1577395,11,139.91,59.404,48.637,26.02,218.57600000000002,107.235,9.672,9.272,3.3030000000000004,3.879,42.589,
128079,CRDV,COMMUNITY REDEVELOPMENT INC,2002-01-31,2001Q4,SAME_GVKEY_AND_DATE_VALUES_MERGED,1580621,1580620,8,0.069,0.111,0.019,0.0,0.12100000000000001,0.111,,,,0.0,0.0,
129423,VRCM,VERSACOM INTL INC,2000-03-31,2000Q1,SAME_GVKEY_AND_DATE_VALUES_MERGED,1581992,1581991,10,0.0,0.004,0.0,,0.0,0.004,0.34500000000000003,0.34700000000000003,0.0,0.0,0.0,
129441,ZYXIQ,ZYNEX INC,2001-12-31,2001Q4,SAME_GVKEY_AND_DATE_VALUES_MERGED,1582080,1582079,11,0.0,0.934,0.0,0.0,0.0,0.9490000000000001,-0.037000000000000005,-0.052000000000000005,0.0,0.797,0.015000000000000001,
130040,CHRD.,CHORDIANT SOFTWARE INC,2003-12-31,2003Q4,SAME_GVKEY_AND_DATE_VALUES_MERGED,1583206,1583205,11,51.448,31.517000000000003,3.071,24.874000000000002,83.811,35.365,-2.6100000000000003,-3.387,0.55,0.0,0.0,
133049,5069B,UAGH INC,2006-09-30,2006Q3,SAME_GVKEY_AND_DATE_VALUES_MERGED,1586073,1586072,0,,,,,,,,,,,,
133049,5069B,UAGH INC,2006-12-31,2006Q4,SAME_GVKEY_AND_DATE_VALUES_MERGED,1586075,1586074,0,,,,,,,,,,,,
133944,OCLR,OCLARO INC,2003-09-30,2003Q3,SAME_GVKEY_AND_DATE_VALUES_MERGED,1590093,1590092,9,137.225,54.551,92.53,,296.48900000000003,111.36200000000001,-24.470000000000002,-49.082,0.04,,50.56,
133944,OCLR,OCLARO INC,2003-12-31,2003Q4,SAME_GVKEY_AND_DATE_VALUES_MERGED,1590095,1590094,11,153.77,36.935,95.437,52.147000000000006,313.421,105.494,-29.588,-25.066000000000003,-3.781,0.47100000000000003,50.621,
134867,BSIO,BSI2000 INC,2002-03-31,2002Q1,SAME_GVKEY_AND_DATE_VALUES_MERGED,1591591,1591590,11,0.0,1.0330000000000001,0.008,0.0,0.008,1.0330000000000001,-0.132,-0.14700000000000002,0.0,0.5810000000000001,0.0,
135708,NUFO,NEW FOCUS INC,1999-03-31,1999Q1,SAME_GVKEY_AND_DATE_VALUES_MERGED,1592822,1592821,3,,,,,,,-1.498,-1.594,0.002,,,
135969,UCO.1,UNIVERSAL COMPRESSION HLDGS,2005-03-31,2005Q1,SAME_GVKEY_AND_DATE_VALUES_MERGED,1593490,1593489,11,269.86,154.024,1325.7830000000001,401.278,2022.758,1161.086,34.690000000000005,-8.06,-3.5700000000000003,20.400000000000002,837.696,
136809,TZMT,TELZUIT MEDICAL TECH INC,2002-09-30,2002Q3,SAME_GVKEY_AND_DATE_VALUES_MERGED,1596053,1596052,8,0.517,2.746,0.41600000000000004,0.0,0.9430000000000001,2.746,,,,0.0,0.0,
136809,TZMT,TELZUIT MEDICAL TECH INC,2002-12-31,2002Q4,SAME_GVKEY_AND_DATE_VALUES_MERGED,1596055,1596054,11,0.789,3.052,0.519,0.0,1.3150000000000002,3.052,0.0,0.0,0.0,0.0,0.0,
137071,RHXI,RAHAXI INC,2001-09-30,2001Q3,SAME_GVKEY_AND_DATE_VALUES_MERGED,1597793,1597792,10,1.137,2.394,0.14500000000000002,,2.251,2.108,-2.0660000000000003,-2.068,0.0,1.6500000000000001,0.0,
137071,RHXI,RAHAXI INC,2001-12-31,2001Q4,SAME_GVKEY_AND_DATE_VALUES_MERGED,1597795,1597794,10,1.361,0.918,0.14200000000000002,,2.484,0.918,-0.138,-0.129,0.0,0.8450000000000001,0.0,
138210,CDWD,CLOUDWARD INC,2003-12-31,2003Q4,SAME_GVKEY_AND_DATE_VALUES_MERGED,1602836,1602834,11,17.490000000000002,6.292000000000001,1.897,0.0,19.468,7.548,-1.3940000000000001,-1.3860000000000001,0.0,0.496,0.559,
140069,ICLN.1,INTERCALLNET INC,2000-09-30,2000Q3,SAME_GVKEY_AND_DATE_VALUES_MERGED,1609186,1609185,10,0.047,0.0,0.0,,0.047,0.0,-0.003,-0.002,0.0,0.0,0.0,
140069,ICLN.1,INTERCALLNET INC,2000-12-31,2000Q4,SAME_GVKEY_AND_DATE_VALUES_MERGED,1609188,1609187,10,0.043000000000000003,0.002,0.0,,0.043000000000000003,0.002,-0.005,-0.005,0.0,0.0,0.0,
140568,CEMI,CHEMBIO DIAGNOSTICS INC,2000-12-31,2000Q4,SAME_GVKEY_AND_DATE_VALUES_MERGED,1610736,1610735,10,0.025,0.001,0.003,,0.028,0.001,-0.034,-0.034,0.0,0.0,0.0,
140568,CEMI,CHEMBIO DIAGNOSTICS INC,2001-03-31,2001Q1,SAME_GVKEY_AND_DATE_VALUES_MERGED,1610738,1610737,10,0.002,0.008,0.003,,0.005,0.008,-0.030000000000000002,-0.030000000000000002,0.001,0.0,0.0,
142460,BTU,PEABODY ENERGY CORP,2001-03-31,2001Q1,SAME_GVKEY_AND_DATE_VALUES_MERGED,1619518,1619517,10,629.955,776.985,4322.639,,5209.487,4536.791,36.391,166.30700000000002,39.007000000000005,36.305,1369.316,
142644,CTZN,CITIZENS FIRST BANCORP INC,2002-03-31,2002Q1,SAME_GVKEY_AND_DATE_VALUES_MERGED,1620171,1620170,9,,,10.0,0.0,946.356,794.916,6.183000000000001,4.037,1.362,18.0,133.41500000000002,
143748,BOREF,BOREALIS EXPLORATION LTD,2015-12-31,2015Q4,SAME_GVKEY_AND_DATE_VALUES_MERGED,1624150,1624149,12,1.2630000000000001,4.533,0.011000000000000001,0.0,14.816,5.849,-0.9680000000000001,2.225,0.0,0.0,0.0,22.75
143748,BOREF,BOREALIS EXPLORATION LTD,2016-03-31,2016Q1,SAME_GVKEY_AND_DATE_VALUES_MERGED,1624153,1624151,12,1.318,4.5440000000000005,0.01,0.0,15.166,6.362,-0.73,-5.413,0.0,0.0,0.0,29.0
143997,CESV,CHINA ENERGY SAVNGS TECH INC,2004-12-31,2004Q4,SAME_GVKEY_AND_DATE_VALUES_MERGED,1625501,1625500,11,44.24,8.35,0.516,0.0,52.04,8.363,6.006,6.351,0.0,0.006,0.013000000000000001,
144181,IMMG.1,IMPART MEDIA GROUP INC,2006-12-31,2006Q4,SAME_GVKEY_AND_DATE_VALUES_MERGED,1626863,1626862,12,6.7490000000000006,10.425,1.3090000000000002,2.359,15.097000000000001,10.649000000000001,-1.554,-1.788,0.0,1.044,0.224,8.3139
144183,GAU,GALIANO GOLD INC,2012-03-31,2012Q1,SAME_GVKEY_AND_DATE_VALUES_MERGED,1626883,1626882,12,198.5,4.814,27.808,0.0,226.935,13.551,-6.861000000000001,-7.261,0.0,0.0,0.0,284.053
144235,INTN,INTAC INTERNATIONAL,2004-12-31,2004Q4,SAME_GVKEY_AND_DATE_VALUES_MERGED,1626971,1626970,11,23.916,4.105,1.6680000000000001,12.778,41.690000000000005,4.105,5.473,5.444,0.602,0.0,0.0,
144398,PGSW,PEGASUS WIRELESS CORP,2004-09-30,2004Q3,SAME_GVKEY_AND_DATE_VALUES_MERGED,1627506,1627505,11,0.002,0.135,0.0,0.0,0.002,0.135,0.0,0.0,0.0,0.08700000000000001,0.0,
144398,PGSW,PEGASUS WIRELESS CORP,2004-12-31,2004Q4,SAME_GVKEY_AND_DATE_VALUES_MERGED,1627508,1627507,11,0.001,0.042,0.0,0.0,0.001,0.042,-0.021,-0.021,0.0,0.042,0.0,
144888,MIHL,MONTAGUE INTL HOLDING LTD,2004-03-31,2004Q1,SAME_GVKEY_AND_DATE_VALUES_MERGED,1630150,1630149,8,0.0,0.197,0.0,0.0,0.0,0.197,,,,0.132,0.0,
145042,ABCO,ADVISORY BOARD CO,2014-03-31,2014Q1,SAME_GVKEY_AND_DATE_VALUES_MERGED,1630909,1630908,12,506.201,566.113,102.45700000000001,129.424,1041.335,704.176,13.083,15.184000000000001,6.897,0.0,0.0,2333.6885
145313,HYDGQ,HYDROGEN CORP,2005-03-31,2005Q1,SAME_GVKEY_AND_DATE_VALUES_MERGED,1632620,1632619,11,0.056,0.08,0.0,0.0,0.056,0.08,-0.642,-0.898,0.0,0.0,0.0,
145578,CSSV,CASPIAN SERVICES INC,2004-12-31,2004Q4,SAME_GVKEY_AND_DATE_VALUES_MERGED,1634069,1634068,11,7.297000000000001,14.23,12.49,0.264,25.198,18.648,1.0290000000000001,0.7220000000000001,-0.07100000000000001,8.428,4.418,
146075,0086A,BERRY PLASTICS CORP,2006-12-31,2006Q4,SAME_GVKEY_AND_DATE_VALUES_MERGED,1636748,1636747,11,371.403,195.85000000000002,463.97700000000003,989.181,2568.656,2274.469,36.78,-17.615000000000002,-10.816,12.4,1860.4740000000002,
146201,ADYE,ARADYME CORP,2002-12-31,2002Q4,SAME_GVKEY_AND_DATE_VALUES_MERGED,1637753,1637752,11,0.0,0.013000000000000001,0.057,0.0,0.057,0.044000000000000004,-0.005,-0.006,0.0,0.011000000000000001,0.031,
146739,MDCRQ,MEDICOR LTD,2002-09-30,2002Q3,SAME_GVKEY_AND_DATE_VALUES_MERGED,1640039,1640038,11,0.002,0.029,0.0,0.0,0.002,0.029,-0.014,-0.019,0.0,0.0,0.0,
146868,VOIS.1,VOIS INC  -OLD,2006-12-31,2006Q4,SAME_GVKEY_AND_DATE_VALUES_MERGED,1640357,1640356,12,0.311,1.014,0.0,0.0,0.311,1.014,-0.05,-0.08600000000000001,0.0,0.5650000000000001,0.0,40.807500000000005
147391,IPCS,IPCS INC,2000-12-31,2000Q4,SAME_GVKEY_AND_DATE_VALUES_MERGED,1642559,1642558,10,176.692,31.360000000000003,126.80300000000001,,328.575,201.77700000000002,-16.469,-20.155,0.0,0.012,157.806,
147459,GBRC,GLOBAL RESOURCE CORP,2006-03-31,2006Q1,SAME_GVKEY_AND_DATE_VALUES_MERGED,1643211,1643210,12,0.0,0.603,0.0,0.0,0.0,0.603,-0.53,-0.528,0.0,0.10200000000000001,0.0,0.1515
147599,RKE,CAP ROCK ENERGY CORP,2001-03-31,2001Q1,SAME_GVKEY_AND_DATE_VALUES_MERGED,1643723,1643722,10,13.738000000000001,51.218,168.92000000000002,,221.19500000000002,215.52,2.322,-0.265,0.0,36.853,160.667,
148234,KADR,ARCADIA RESOURCES INC,2001-12-31,2001Q4,SAME_GVKEY_AND_DATE_VALUES_MERGED,1647252,1647251,11,0.048,0.17800000000000002,0.006,0.077,0.14300000000000002,0.17800000000000002,-0.033,-0.033,0.0,0.0,0.0,
148355,EXH1,UNIVERSAL COMPRESSION INC,2005-03-31,2005Q1,SAME_GVKEY_AND_DATE_VALUES_MERGED,1648959,1648942,11,269.86,154.024,1325.7830000000001,401.278,2022.758,1161.086,34.690000000000005,-8.06,-3.5700000000000003,20.400000000000002,837.696,
148370,0320B,ZIFF DAVIS MEDIA INC,2001-03-31,2001Q1,SAME_GVKEY_AND_DATE_VALUES_MERGED,1649752,1649751,10,93.799,120.703,80.634,,852.927,574.3620000000001,-33.207,-45.31,-0.7100000000000001,7.46,451.707,
148429,GBLP,GLOBAL PHARMATECH INC,2005-03-31,2005Q1,SAME_GVKEY_AND_DATE_VALUES_MERGED,1650329,1650328,11,3.483,3.6260000000000003,7.045,0.0,10.653,3.988,-0.437,-0.216,0.006,2.1750000000000003,0.36200000000000004,
148529,HESV,HOME ENERGY SAVINGS CORP,2003-09-30,2003Q3,SAME_GVKEY_AND_DATE_VALUES_MERGED,1651312,1651311,11,0.15,7.019,6.192,0.0,6.470000000000001,7.909000000000001,-2.069,-2.168,0.0,6.477,0.89,
148529,HESV,HOME ENERGY SAVINGS CORP,2003-12-31,2003Q4,SAME_GVKEY_AND_DATE_VALUES_MERGED,1651314,1651313,11,0.545,7.247000000000001,6.128,0.0,6.801,7.547000000000001,-0.759,-0.992,0.0,6.154,0.3,
149379,FTFT,FUTURE FINTECH GROUP INC,2003-12-31,2003Q4,SAME_GVKEY_AND_DATE_VALUES_MERGED,1653636,1653635,11,0.012,0.059000000000000004,0.0,0.0,0.012,0.059000000000000004,0.0,-0.002,0.0,0.035,0.0,
149738,CIT,CIT GROUP INC,2000-12-31,2000Q4,SAME_GVKEY_AND_DATE_VALUES_MERGED,1654995,1654994,9,,,7190.6,1964.6000000000001,48689.8,42682.6,920.6,257.5,97.4,20483.8,17731.3,
149820,CHDA,CHINA DIGITAL ANIMATION DEV,2008-09-30,2008Q3,SAME_GVKEY_AND_DATE_VALUES_MERGED,1655122,1655121,12,0.0,0.0,0.0,0.0,0.0,0.0,-0.012,-0.012,0.0,0.0,0.0,9.8
149820,CHDA,CHINA DIGITAL ANIMATION DEV,2008-12-31,2008Q4,SAME_GVKEY_AND_DATE_VALUES_MERGED,1655124,1655123,12,7.107,1.268,4.823,0.0,12.315000000000001,1.268,0.9770000000000001,0.9830000000000001,0.24400000000000002,0.0,0.0,24.05
150284,VSTA.1,VISTACARE INC,2003-12-31,2003Q4,SAME_GVKEY_AND_DATE_VALUES_MERGED,1657064,1657063,11,90.667,30.747,4.537,20.564,122.221,34.145,5.974,6.045,1.3130000000000002,0.08800000000000001,0.0,
150520,RKTE,REFLECTKOTE INC,2002-03-31,2002Q1,SAME_GVKEY_AND_DATE_VALUES_MERGED,1657751,1657750,11,0.007,0.009000000000000001,0.0,0.0,0.007,0.009000000000000001,-0.011000000000000001,-0.011000000000000001,0.0,0.0,0.0,
150644,AKMN,ASKMENOW INC,2001-12-31,2001Q4,SAME_GVKEY_AND_DATE_VALUES_MERGED,1657988,1657987,3,,,,,,,0.052000000000000005,0.052000000000000005,0.0,,,
150644,AKMN,ASKMENOW INC,2002-03-31,2002Q1,SAME_GVKEY_AND_DATE_VALUES_MERGED,1657990,1657989,11,13.292,13.834000000000001,0.464,0.0,13.826,14.128,-0.773,-0.773,0.0,12.539000000000001,0.17400000000000002,
150677,MCAMQ,MONEY CENTERS OF AMERICA INC,2005-03-31,2005Q1,SAME_GVKEY_AND_DATE_VALUES_MERGED,1658030,1658029,11,6.83,12.031,0.555,1.681,10.227,14.554,-0.229,-0.739,0.0,9.105,2.523,
156618,NAL,NEWALLIANCE BANCSHARES INC,2004-03-31,2004Q1,SAME_GVKEY_AND_DATE_VALUES_MERGED,1674330,1674329,8,,,33.696000000000005,0.0,4225.576,3813.047,10.051,2.9410000000000003,0.9640000000000001,,344.856,
157153,CMP,COMPASS MINERALS INTL INC,2020-12-31,2020Q4,SAME_GVKEY_AND_DATE_VALUES_MERGED,1676769,1676768,12,756.3000000000001,296.7,906.9000000000001,55.7,2261.5,1883.2,28.1,6.300000000000001,-8.4,25.6,1343.7,2095.9495
157153,CMP,COMPASS MINERALS INTL INC,2021-03-31,2021Q1,SAME_GVKEY_AND_DATE_VALUES_MERGED,1676771,1676770,12,817.6,393.90000000000003,845.0,56.400000000000006,1913.5,1789.7,76.0,57.900000000000006,16.0,0.0,1184.0,2131.0374
157153,CMP,COMPASS MINERALS INTL INC,2021-06-30,2021Q2,SAME_GVKEY_AND_DATE_VALUES_MERGED,1676773,1676772,12,883.3000000000001,427.70000000000005,833.8000000000001,58.2,1972.5,1785.9,0.9,-14.700000000000001,1.7000000000000002,0.0,1152.8,2016.9734
157153,CMP,COMPASS MINERALS INTL INC,2021-09-30,2021Q3,SAME_GVKEY_AND_DATE_VALUES_MERGED,1676775,1676774,10,531.4,195.4,830.5,,1630.9,1337.8,2.1,-8.1,-3.5,,935.4000000000001,2191.9184
157921,HTM,U S GEOTHERMAL INC,2012-03-31,2012Q1,SAME_GVKEY_AND_DATE_VALUES_MERGED,1679356,1679355,12,8.694,37.718,210.04500000000002,0.0,219.031,107.21300000000001,-1.921,-2.416,0.0,7.514,61.121,44.241600000000005
162146,CYRX,CRYOPORT INC,2016-03-31,2016Q1,SAME_GVKEY_AND_DATE_VALUES_MERGED,1696922,1696921,12,4.132000000000001,2.174,1.32,0.0,5.824,2.728,-2.624,-2.71,0.0,0.387,0.554,24.921000000000003
162907,SGI.1,SILICON GRAPHICS INTL CORP,2008-09-30,2008Q3,SAME_GVKEY_AND_DATE_VALUES_MERGED,1702768,1702767,12,301.517,66.018,6.907,0.0,322.594,71.05,-5.1930000000000005,-4.503,0.462,0.0,0.0,293.22090000000003
162907,SGI.1,SILICON GRAPHICS INTL CORP,2008-12-31,2008Q4,SAME_GVKEY_AND_DATE_VALUES_MERGED,1702770,1702769,12,265.611,49.296,6.941000000000001,0.0,285.493,54.004000000000005,-19.356,-19.784000000000002,-1.612,0.0,0.0,118.0227
163596,CEI.2,CAMBER ENERGY INC -OLD,2021-03-31,2021Q1,SAME_GVKEY_AND_DATE_VALUES_MERGED,1705045,1705044,12,0.655,134.25300000000001,0.07400000000000001,0.0,29.587,152.303,-1.861,-44.778,0.0,0.0,18.0,39.6447
163685,EGLE.3,EAGLE BULK SHIPPING INC,2005-03-31,2005Q1,SAME_GVKEY_AND_DATE_VALUES_MERGED,1706498,1706497,8,4.206,0.889,36.669000000000004,0.0,40.905,0.889,,,,0.0,0.0,
163806,NETE,NET ELEMENT INC,2010-03-31,2010Q1,SAME_GVKEY_AND_DATE_VALUES_MERGED,1707347,1707346,12,0.306,0.9440000000000001,0.007,0.0,0.313,0.9440000000000001,-0.3,-0.39,0.0,0.0,0.0,47.7794
164099,ATNY,API TECHNOLOGIES CORP,2011-02-28,2010Q4,SAME_GVKEY_AND_DATE_VALUES_MERGED,1710943,1710942,12,72.19800000000001,30.970000000000002,16.727,87.049,184.727,32.854,-0.8160000000000001,-10.529,0.0,9.961,1.54,197.7696
164099,ATNY,API TECHNOLOGIES CORP,2011-05-31,2011Q1,SAME_GVKEY_AND_DATE_VALUES_MERGED,1710945,1710944,12,157.883,29.514000000000003,16.431,90.301,273.172,31.446,-7.61,-17.338,-2.69,4.6160000000000005,1.9320000000000002,337.6055
164271,AMC1,AMC ENTERTAINMENT INC,2012-03-31,2012Q1,SAME_GVKEY_AND_DATE_VALUES_MERGED,1712586,1712585,11,403.75300000000004,581.4730000000001,883.697,1923.6670000000001,3637.992,3483.652,35.31,1.852,0.505,61.846000000000004,2146.908,
165361,GRBUQ,GREEN BUILDERS INC,2006-12-31,2006Q4,SAME_GVKEY_AND_DATE_VALUES_MERGED,1721410,1721408,10,,,0.098,0.0,37.373000000000005,36.598,-1.0030000000000001,-6.767,0.0,7.492,17.087,108.336
165510,SEED,ORIGIN AGRITECH LTD,2006-12-31,2006Q4,SAME_GVKEY_AND_DATE_VALUES_MERGED,1722151,1722150,12,129.269,111.131,16.114,1.397,167.143,111.683,-3.681,-4.5,-0.556,38.569,0.24100000000000002,256.5758
165653,8550B,DELTA TUCKER HOLDINGS INC,2010-03-31,2010Q1,SAME_GVKEY_AND_DATE_VALUES_MERGED,1723371,1723370,0,,,,,,,,,,,,
165675,VIAB,VIACOM INC,2009-12-31,2009Q4,SAME_GVKEY_AND_DATE_VALUES_MERGED,1723491,1723490,12,4430.0,3751.0,1179.0,11401.0,21900.0,13055.0,1152.0,977.0,316.0,123.0,6650.0,18150.75
165744,TCMIQ,TRIPLE CROWN MEDIA INC,2006-09-30,2006Q3,SAME_GVKEY_AND_DATE_VALUES_MERGED,1724589,1724588,12,25.109,40.764,12.914000000000001,93.418,178.506,165.121,2.285,-1.231,-0.48600000000000004,9.55,122.107,38.3761
165744,TCMIQ,TRIPLE CROWN MEDIA INC,2006-12-31,2006Q4,SAME_GVKEY_AND_DATE_VALUES_MERGED,1724591,1724590,11,35.755,47.982,12.652000000000001,88.39500000000001,186.133,172.011,6.0600000000000005,2.353,1.6640000000000001,12.100000000000001,121.90700000000001,
166491,IGC,IGC PHARMA INC,2025-03-31,2025Q1,SAME_GVKEY_AND_DATE_VALUES_MERGED,1729143,1729142,12,2.8960000000000004,2.257,3.318,0.0,8.747,2.4170000000000003,-1.4120000000000001,-1.197,0.0,0.098,0.14400000000000002,23.0502
166491,IGC,IGC PHARMA INC,2025-06-30,2025Q2,SAME_GVKEY_AND_DATE_VALUES_MERGED,1729145,1729144,12,2.153,1.725,3.113,0.0,7.9430000000000005,1.865,-1.905,-1.599,0.0,0.065,0.14,25.7471
166491,IGC,IGC PHARMA INC,2025-09-30,2025Q3,SAME_GVKEY_AND_DATE_VALUES_MERGED,1729147,1729146,12,2.004,1.514,2.188,0.0,9.743,1.651,-2.849,-1.8210000000000002,0.0,0.013000000000000001,0.137,38.337700000000005
166789,GFN,GENERAL FINANCE CORP/DE,2006-09-30,2006Q3,SAME_GVKEY_AND_DATE_VALUES_MERGED,1731211,1731210,12,67.391,2.797,0.003,0.0,67.818,2.797,-0.157,-0.045000000000000005,-0.043000000000000003,0.7000000000000001,0.0,77.175
166789,GFN,GENERAL FINANCE CORP/DE,2006-12-31,2006Q4,SAME_GVKEY_AND_DATE_VALUES_MERGED,1731213,1731212,12,68.11200000000001,3.797,0.003,0.0,69.128,3.797,-0.17200000000000001,0.251,0.08600000000000001,1.28,0.0,80.85000000000001
170353,DCIN,DIGITAL CINEMA DESTINATIONS,2010-09-30,2010Q3,SAME_GVKEY_AND_DATE_VALUES_MERGED,1731771,1731770,0,,,,,,,,,,,,
170353,DCIN,DIGITAL CINEMA DESTINATIONS,2010-12-31,2010Q4,SAME_GVKEY_AND_DATE_VALUES_MERGED,1731773,1731772,11,0.17900000000000002,0.256,1.0370000000000001,0.0,1.216,0.256,-0.224,-0.229,0.0,0.029,0.0,
170535,BRFH,BARFRESH FOOD GROUP INC,2015-03-31,2015Q1,SAME_GVKEY_AND_DATE_VALUES_MERGED,1733161,1733160,12,5.583,1.588,0.545,0.0,6.796,1.617,-1.167,-1.3050000000000002,0.0,1.03,0.029,47.409800000000004
174413,SVU.P,SUPERVALU INC -PRO FORMA,2005-02-28,2004Q4,SAME_GVKEY_AND_DATE_VALUES_MERGED,1744451,1744450,0,,,,,,,,,,,,
174449,ESXB,COMMUNITY BANKERS TRUST CORP,2007-03-31,2007Q1,SAME_GVKEY_AND_DATE_VALUES_MERGED,1744619,1744618,12,58.812000000000005,2.915,0.0,0.0,58.812000000000005,2.915,-0.191,0.508,0.266,0.0,0.0,57.1798
175236,ALO,ALIO GOLD INC,2012-03-31,2012Q1,SAME_GVKEY_AND_DATE_VALUES_MERGED,1752210,1752209,12,59.608000000000004,38.484,109.78800000000001,0.0,175.461,65.086,13.021,11.784,6.726,19.476000000000003,0.0,317.4774
175291,IBBD,IBROADBAND INC,2004-12-31,2004Q4,SAME_GVKEY_AND_DATE_VALUES_MERGED,1752697,1752696,11,0.10200000000000001,4.038,0.08,0.0,0.189,4.038,-1.1620000000000001,-1.2750000000000001,0.0,2.7670000000000003,0.0,
175686,PRIM,PRIMORIS SERVICES CORP,2008-03-31,2008Q1,SAME_GVKEY_AND_DATE_VALUES_MERGED,1756394,1756393,12,41.124,0.628,0.0,0.0,41.124,0.628,8.212,9.977,0.195,0.0,0.0,41.601400000000005
175741,APLP,ARCHROCK PARTNERS LP,2005-03-31,2005Q1,SAME_GVKEY_AND_DATE_VALUES_MERGED,1757690,1757689,0,,,,,,,,,,,,
176138,SNEN,SINOENERGY CORP,2006-12-31,2006Q4,SAME_GVKEY_AND_DATE_VALUES_MERGED,1761110,1761109,11,11.483,11.179,3.556,0.676,27.833000000000002,11.179,0.995,0.9700000000000001,-0.109,3.16,0.0,
176304,RTCJF,BAIJIAYUN GROUP LTD,2022-09-30,2022Q3,SAME_GVKEY_AND_DATE_VALUES_MERGED,1763577,1763576,0,,,,,,,,,,,,
176304,RTCJF,BAIJIAYUN GROUP LTD,2022-12-31,2022Q4,SAME_GVKEY_AND_DATE_VALUES_MERGED,1763579,1763578,0,,,,,,,,,,,,
176346,PFIE,PROFIRE ENERGY INC,2016-03-31,2016Q1,SAME_GVKEY_AND_DATE_VALUES_MERGED,1764135,1764134,12,37.055,1.85,8.233,0.998,47.268,2.483,-0.667,-0.937,-0.17200000000000001,0.0,0.0,51.658300000000004
177190,RIVF,RIVULET ENTERTAINMENT INC,2023-09-30,2023Q3,SAME_GVKEY_AND_DATE_VALUES_MERGED,1775985,1775984,12,0.001,0.221,0.001,0.0,0.002,0.221,-0.132,-0.134,0.0,0.0,0.0,5.367500000000001
177190,RIVF,RIVULET ENTERTAINMENT INC,2023-12-31,2023Q4,SAME_GVKEY_AND_DATE_VALUES_MERGED,1775987,1775986,12,0.0,0.35000000000000003,0.001,0.0,0.001,0.35000000000000003,-0.127,-0.13,0.0,0.111,0.0,4.3197
177870,BLOG,BLADELOGIC INC,2006-12-31,2006Q4,SAME_GVKEY_AND_DATE_VALUES_MERGED,1783606,1783605,3,,,,,,,-0.185,0.033,0.059000000000000004,,,
177895,GTATQ,GT ADVANCED TECHNOLOGIES INC,2012-03-31,2012Q1,SAME_GVKEY_AND_DATE_VALUES_MERGED,1783995,1783994,12,814.5,628.085,99.982,102.152,1132.5900000000001,801.0360000000001,116.662,115.296,36.223,3.75,71.25,978.5974
178084,CZZ,COSAN LTD,2013-03-31,2013Q1,SAME_GVKEY_AND_DATE_VALUES_MERGED,1786183,1786182,12,3242.848,2303.501,4168.403,1506.3780000000002,16722.569,10143.66,131.73000000000002,124.12,9.235000000000001,1065.597,4782.362,5161.4745
178089,PTSXQ,POINT.360,2006-09-30,2006Q3,SAME_GVKEY_AND_DATE_VALUES_MERGED,1786227,1786226,0,,,,,,,,,,,,
178089,PTSXQ,POINT.360,2006-12-31,2006Q4,SAME_GVKEY_AND_DATE_VALUES_MERGED,1786229,1786228,11,11.033000000000001,9.708,12.850000000000001,9.253,33.482,19.506,0.003,-0.656,-0.342,2.533,3.157,
178728,HOLX.P,HOLOGIC INC-PRO FORMA,2006-09-30,2006Q3,SAME_GVKEY_AND_DATE_VALUES_MERGED,1791795,1791794,3,,,,,,,50.117000000000004,47.749,19.1,,,
178795,GRO.5,AGRIA CORP -ADS,2010-09-30,2010Q3,SAME_GVKEY_AND_DATE_VALUES_MERGED,1792446,1792445,0,,,,,,,,,,,,
178795,GRO.5,AGRIA CORP -ADS,2010-12-31,2010Q4,SAME_GVKEY_AND_DATE_VALUES_MERGED,1792448,1792447,11,89.27600000000001,23.332,0.9460000000000001,1.536,245.114,23.332,-7.244000000000001,7.61,1.0570000000000002,9.031,0.0,
178906,AEHL,ANTELOPE ENTERPRISE HOLDINGS,2024-12-31,2024Q4,SAME_GVKEY_AND_DATE_VALUES_MERGED,1794679,1794678,12,26.909000000000002,10.693000000000001,5.464,0.0,38.006,11.765,-4.929,-4.051,0.009000000000000001,5.535,1.072,8.694
178939,CDIIQ,CD INTERNATIONAL ENTERPRISES,2008-12-31,2008Q4,SAME_GVKEY_AND_DATE_VALUES_MERGED,1795329,1795328,12,59.742000000000004,22.228,44.047000000000004,0.0,107.379,22.414,-4.736000000000001,-12.164,-0.108,0.934,0.186,34.120000000000005
179077,FOR,FORESTAR GROUP INC,2017-12-31,2017Q4,SAME_GVKEY_AND_DATE_VALUES_MERGED,1797170,1797169,10,,,4.941,0.0,761.912,156.28,2.379,-10.332,12.467,0.29000000000000004,108.13900000000001,922.658
179077,FOR,FORESTAR GROUP INC,2018-06-30,2018Q2,SAME_GVKEY_AND_DATE_VALUES_MERGED,1797173,1797172,9,,,4.785,0.0,810.859,190.672,7.095000000000001,10.435,0.149,,110.515,870.2343000000001
179077,FOR,FORESTAR GROUP INC,2018-09-30,2018Q3,SAME_GVKEY_AND_DATE_VALUES_MERGED,1797175,1797174,6,,,1.8,0.0,893.1,218.60000000000002,,29.6,,,111.7,
179300,AACG,ATA CREATIVITY GLOBAL -ADS,2017-03-31,2017Q1,SAME_GVKEY_AND_DATE_VALUES_MERGED,1800809,1800808,11,42.995000000000005,14.968,7.5360000000000005,4.7250000000000005,75.52300000000001,18.506,-1.8760000000000001,-1.905,3.2,0.501,0.0,
179360,ATRN.1,ATRINSIC INC -OLD,2013-09-30,2013Q3,SAME_GVKEY_AND_DATE_VALUES_MERGED,1801214,1801213,0,,,,,,,,,,,,
179360,ATRN.1,ATRINSIC INC -OLD,2013-12-31,2013Q4,SAME_GVKEY_AND_DATE_VALUES_MERGED,1801216,1801215,0,,,,,,,,,,,,
180177,PSOF,PANSOFT COMPANY LIMITED,2009-09-30,2009Q3,SAME_GVKEY_AND_DATE_VALUES_MERGED,1808634,1808633,12,16.649,0.8300000000000001,0.7120000000000001,0.0,17.379,0.8490000000000001,0.687,0.7220000000000001,0.034,0.0,0.0,36.9784
180177,PSOF,PANSOFT COMPANY LIMITED,2009-12-31,2009Q4,SAME_GVKEY_AND_DATE_VALUES_MERGED,1808636,1808635,12,20.074,2.149,0.6900000000000001,0.0,20.764,2.149,2.0820000000000003,2.149,0.21400000000000002,0.0,0.0,28.2776
180474,ZWS,ZURN ELKAY WATER SOLUTI CORP,2020-03-31,2020Q1,SAME_GVKEY_AND_DATE_VALUES_MERGED,1811054,1811053,12,1264.3,455.5,449.90000000000003,1321.9,3627.1000000000004,2313.4,95.10000000000001,35.0,6.4,89.2,1460.1000000000001,2714.0297
180474,ZWS,ZURN ELKAY WATER SOLUTI CORP,2020-06-30,2020Q2,SAME_GVKEY_AND_DATE_VALUES_MERGED,1811056,1811055,12,1015.3000000000001,403.0,444.40000000000003,1323.5,3367.2000000000003,2013.5,68.10000000000001,53.0,17.2,89.0,1208.8,3517.0933
180474,ZWS,ZURN ELKAY WATER SOLUTI CORP,2020-09-30,2020Q3,SAME_GVKEY_AND_DATE_VALUES_MERGED,1811058,1811057,12,1015.5,360.0,483.70000000000005,1326.2,3405.4,2007.0,79.2,61.5,16.1,15.3,1250.9,3588.2003
181269,GPRE,GREEN PLAINS INC,2008-03-31,2008Q1,SAME_GVKEY_AND_DATE_VALUES_MERGED,1814094,1814093,11,5.285,26.856,241.163,0.0,254.17600000000002,107.56700000000001,-1.953,-2.017,0.0,1.8430000000000002,80.711,
181790,UPIN,UNIVERSAL POWER INDUSTRY CP,2013-09-30,2013Q3,SAME_GVKEY_AND_DATE_VALUES_MERGED,1815770,1815769,0,,,,,,,,,,,,
181790,UPIN,UNIVERSAL POWER INDUSTRY CP,2013-12-31,2013Q4,SAME_GVKEY_AND_DATE_VALUES_MERGED,1815772,1815771,0,,,,,,,,,,,,
181790,UPIN,UNIVERSAL POWER INDUSTRY CP,2014-03-31,2014Q1,SAME_GVKEY_AND_DATE_VALUES_MERGED,1815774,1815773,0,,,,,,,,,,,,
181970,RNGE,RANGE IMPACT INC,2021-03-31,2021Q1,SAME_GVKEY_AND_DATE_VALUES_MERGED,1816784,1816782,12,0.887,0.033,0.0,0.0,0.897,0.033,-0.659,-0.36100000000000004,0.0,0.033,0.0,9.151200000000001
181970,RNGE,RANGE IMPACT INC,2021-06-30,2021Q2,SAME_GVKEY_AND_DATE_VALUES_MERGED,1816786,1816785,11,0.321,0.033,0.0,0.0,0.331,0.033,-0.612,-0.612,0.0,,0.0,10.596300000000001
181970,RNGE,RANGE IMPACT INC,2021-09-30,2021Q3,SAME_GVKEY_AND_DATE_VALUES_MERGED,1816788,1816787,11,0.057,0.156,0.0,0.0,0.068,0.156,-0.504,-0.504,0.0,,0.0,13.568000000000001
182826,DMKPQ,DMK PHARMACEUTICALS CORP,2014-03-31,2014Q1,SAME_GVKEY_AND_DATE_VALUES_MERGED,1819944,1819943,12,5.418,2.934,0.092,0.0,15.122,2.934,-1.715,-1.552,0.0,0.42200000000000004,0.0,66.7927
182897,BVTK,BRAVATEK SOLUTIONS INC,2017-03-31,2017Q1,SAME_GVKEY_AND_DATE_VALUES_MERGED,1820392,1820391,11,0.0,5.174,0.029,0.0,0.046,5.174,,0.262,0.0,2.581,0.0,0.2054
183123,NTFL,NETWORK 1 FINANCIAL GRP INC,2008-09-30,2008Q3,SAME_GVKEY_AND_DATE_VALUES_MERGED,1821979,1821978,11,1.1760000000000002,0.004,0.0,0.0,1.1760000000000002,0.004,-0.031,-0.024,0.0,0.0,0.0,
183123,NTFL,NETWORK 1 FINANCIAL GRP INC,2008-12-31,2008Q4,SAME_GVKEY_AND_DATE_VALUES_MERGED,1821981,1821980,11,1.104,0.003,0.0,0.0,1.104,0.003,-0.075,-0.07,0.0,0.0,0.0,
184157,MSGN,MSG NETWORKS INC,2010-09-30,2010Q3,SAME_GVKEY_AND_DATE_VALUES_MERGED,1833921,1833920,11,574.2900000000001,330.579,407.377,742.4920000000001,2151.245,1012.3620000000001,26.258000000000003,26.086000000000002,6.822,,5.251,1599.6976
184157,MSGN,MSG NETWORKS INC,2010-12-31,2010Q4,SAME_GVKEY_AND_DATE_VALUES_MERGED,1833923,1833922,11,575.566,346.305,472.821,742.4920000000001,2197.8070000000002,1026.883,52.440000000000005,52.185,19.463,,4.92,1955.5161
184165,3CRGC,CONTINENTAL RESOURCES GRP,2011-03-31,2011Q1,SAME_GVKEY_AND_DATE_VALUES_MERGED,1834012,1834011,12,17.714000000000002,0.215,0.032,0.0,17.791,0.215,-2.321,-5.405,0.0,0.05,0.0,70.1393
184399,PEP.R,PEPSICO INC-PROFORMA2,2008-12-31,2008Q4,SAME_GVKEY_AND_DATE_VALUES_MERGED,1836716,1836715,3,,,,,,,8111.0,7431.0,1993.0,,,
184548,SRXH,SRX GLOBAL INC,2024-12-31,2024Q4,SAME_GVKEY_AND_DATE_VALUES_MERGED,1838310,1838309,12,15.001000000000001,7.148000000000001,0.202,0.405,15.801,7.1530000000000005,-1.649,-1.5110000000000001,0.006,2.476,0.005,4.3005
184548,SRXH,SRX GLOBAL INC,2025-03-31,2025Q1,SAME_GVKEY_AND_DATE_VALUES_MERGED,1838312,1838311,12,14.529,7.319,0.168,0.405,15.288,7.324000000000001,-1.088,-0.9620000000000001,0.002,1.2750000000000001,0.005,4.3361
184789,MRZM,MARIZYME INC,2012-03-31,2012Q1,SAME_GVKEY_AND_DATE_VALUES_MERGED,1841408,1841407,12,10.278,21.138,1.7120000000000002,37.424,69.266,27.673000000000002,-3.101,-3.1340000000000003,-0.659,0.011000000000000001,4.0040000000000004,40.9074
185950,TLSSD,TRANSPORTATION & LOG SYS INC,2017-03-31,2017Q1,SAME_GVKEY_AND_DATE_VALUES_MERGED,1849414,1849403,12,0.016,0.07300000000000001,0.0,0.0,0.016,0.07300000000000001,-0.027,-0.027,0.0,0.001,0.0,2.3029
185699,GAGA,LE GAGA HOLDINGS LTD  -ADR,2011-09-30,2011Q3,SAME_GVKEY_AND_DATE_VALUES_MERGED,1851549,1851548,11,111.12100000000001,7.822,112.50200000000001,0.0,235.51700000000002,19.788,14.109,13.728000000000002,0.041,0.0,11.966000000000001,
185699,GAGA,LE GAGA HOLDINGS LTD  -ADR,2011-12-31,2011Q4,SAME_GVKEY_AND_DATE_VALUES_MERGED,1851551,1851550,11,113.644,7.993,117.132,0.0,248.10600000000002,20.05,11.175,11.247,0.457,0.0,12.057,
185699,GAGA,LE GAGA HOLDINGS LTD  -ADR,2012-03-31,2012Q1,SAME_GVKEY_AND_DATE_VALUES_MERGED,1851553,1851552,11,106.173,8.51,118.418,0.0,249.01000000000002,20.559,0.9680000000000001,-0.42500000000000004,0.203,1.588,12.049000000000001,
185944,MOBI.2,SKY-MOBI LTD  -ADR,2014-03-31,2014Q1,SAME_GVKEY_AND_DATE_VALUES_MERGED,1854091,1854090,11,116.536,29.233,1.223,0.0,126.384,29.233,-0.168,0.917,0.17200000000000001,0.0,0.0,
186953,NSPR,INSPIREMD INC,2011-09-30,2011Q3,SAME_GVKEY_AND_DATE_VALUES_MERGED,1862764,1862763,12,11.530000000000001,3.5980000000000003,0.34600000000000003,0.0,12.07,3.855,-2.15,-2.258,0.025,0.183,0.0,143.6138
186953,NSPR,INSPIREMD INC,2011-12-31,2011Q4,SAME_GVKEY_AND_DATE_VALUES_MERGED,1862766,1862765,12,9.83,3.4410000000000003,0.42000000000000004,0.0,10.465,3.7110000000000003,-8.237,-8.276,-0.043000000000000003,0.094,0.0,148.6302
193157,INLB,ITEM 9 LABS CORP,2011-12-31,2011Q4,SAME_GVKEY_AND_DATE_VALUES_MERGED,1876286,1876285,11,0.0,0.005,0.0,0.0,0.0,0.005,-0.011000000000000001,-0.011000000000000001,0.0,0.0,0.0,
220748,EIDSY,EIDOS PLC,2001-09-30,2001Q3,SAME_GVKEY_AND_DATE_VALUES_MERGED,1885229,1885228,10,87.778,26.376,6.722,1.57,110.527,30.353,-20.111,-18.665,0.0,,3.9770000000000003,
220748,EIDSY,EIDOS PLC,2001-12-31,2001Q4,SAME_GVKEY_AND_DATE_VALUES_MERGED,1885231,1885230,0,,,,,,,,,,,,
220748,EIDSY,EIDOS PLC,2002-03-31,2002Q1,SAME_GVKEY_AND_DATE_VALUES_MERGED,1885233,1885232,11,125.59400000000001,32.058,7.559,3.637,140.904,36.332,11.992,20.136,0.0,0.124,0.335,
221777,RANGY,RANDGOLD & EXPLORATION CO,1999-03-31,1999Q1,SAME_GVKEY_AND_DATE_VALUES_MERGED,1886078,1886077,0,,,,,,,,,,,,
230796,ACTI,ACTIVIDENTITY CORP,2003-12-31,2003Q4,SAME_GVKEY_AND_DATE_VALUES_MERGED,1888198,1888197,11,238.29600000000002,15.094000000000001,4.498,15.322000000000001,267.101,20.009,-8.115,-9.269,0.154,0.0,0.0,
266257,MFIC,MIDCAP FINANCIAL INVSMT CORP,2022-03-31,2022Q1,SAME_GVKEY_AND_DATE_VALUES_MERGED,1896211,1896210,10,,,0.0,0.0,2600.121,1595.289,41.169000000000004,4.239,0.0,0.0,1550.6080000000002,841.4133
266257,MFIC,MIDCAP FINANCIAL INVSMT CORP,2022-06-30,2022Q2,SAME_GVKEY_AND_DATE_VALUES_MERGED,1896213,1896212,10,,,0.0,0.0,2635.081,1649.094,39.870000000000005,5.659000000000001,0.0,0.0,1597.563,684.0996
266257,MFIC,MIDCAP FINANCIAL INVSMT CORP,2022-09-30,2022Q3,SAME_GVKEY_AND_DATE_VALUES_MERGED,1896215,1896214,10,,,0.0,0.0,2566.03,1554.9940000000001,42.865,15.994000000000002,0.0,0.0,1504.4,668.9092
266257,MFIC,MIDCAP FINANCIAL INVSMT CORP,2022-12-31,2022Q4,SAME_GVKEY_AND_DATE_VALUES_MERGED,1896217,1896216,10,,,0.0,0.0,2525.516,1537.41,50.771,1.2870000000000001,0.0,0.0,1483.394,746.1414000000001
272961,MFGP,MICRO FOCUS INTL PLC,2018-01-31,2017Q4,SAME_GVKEY_AND_DATE_VALUES_MERGED,1897678,1897677,0,,,,,,,,,,,,
272961,MFGP,MICRO FOCUS INTL PLC,2018-04-30,2018Q1,SAME_GVKEY_AND_DATE_VALUES_MERGED,1897680,1897679,11,1926.1080000000002,2180.077,183.56900000000002,7695.796,17228.402000000002,9073.405,227.16400000000002,-100.9,-700.9,46.967,4864.073,
330227,CTRM,CASTOR MARITIME INC,2019-03-31,2019Q1,SAME_GVKEY_AND_DATE_VALUES_MERGED,1904070,1904069,12,3.081,0.435,6.922000000000001,0.0,10.242,0.435,0.049,0.056,0.0,0.0,0.0,13.128200000000001
330227,CTRM,CASTOR MARITIME INC,2019-06-30,2019Q2,SAME_GVKEY_AND_DATE_VALUES_MERGED,1904072,1904071,12,3.369,0.29200000000000004,6.848000000000001,0.0,10.360000000000001,0.29200000000000004,0.251,0.261,0.0,0.0,0.0,10.248000000000001
001010,4165A,ACF INDUSTRIES INC,1969-04-30,1969Q1,SAME_PERIOD_DIFFERENT_DATE_FIRST_ROW_WINS,512,511,3,,,,,,,49.75,8.91,4.401,,,
001044,AMK.3,AMK CORP,1967-01-31,1966Q4,SAME_PERIOD_DIFFERENT_DATE_FIRST_ROW_WINS,2523,2522,0,,,,,,,,,,,,
001050,CECO,CECO ENVIRONMENTAL CORP,1992-05-31,1992Q1,SAME_PERIOD_DIFFERENT_DATE_FIRST_ROW_WINS,3045,3044,10,0.078,0.902,0.024,,5.2,1.1260000000000001,-0.028,-0.043000000000000003,0.0,0.8260000000000001,0.224,
001197,AEENQ,AILEEN INC,1968-02-29,1967Q4,SAME_PERIOD_DIFFERENT_DATE_FIRST_ROW_WINS,4898,4892,0,,,,,,,,,,,,
001109,AHIX,ALUF HOLDINGS INC,1988-04-30,1988Q1,SAME_PERIOD_DIFFERENT_DATE_FIRST_ROW_WINS,7067,7066,0,,,,,,,,,,,,
001228,ALAN,ALANCO TECHNOLOGIES INC,1991-11-30,1991Q3,SAME_PERIOD_DIFFERENT_DATE_FIRST_ROW_WINS,13515,13514,10,0.017,1.7570000000000001,0.043000000000000003,,10.033000000000001,1.7570000000000001,-0.251,-0.251,0.0,0.28800000000000003,0.0,
001228,ALAN,ALANCO TECHNOLOGIES INC,1992-02-29,1991Q4,SAME_PERIOD_DIFFERENT_DATE_FIRST_ROW_WINS,13517,13516,10,0.031,1.854,0.039,,10.622,1.854,-0.185,-0.168,0.0,0.28700000000000003,0.0,
001228,ALAN,ALANCO TECHNOLOGIES INC,1992-05-31,1992Q1,SAME_PERIOD_DIFFERENT_DATE_FIRST_ROW_WINS,13519,13518,10,0.0,1.885,7.704000000000001,,8.107000000000001,1.885,-2.041,-2.137,0.0,0.268,0.0,
001240,ABS.1,ALBERTSON'S INC,1972-04-30,1972Q1,SAME_PERIOD_DIFFERENT_DATE_FIRST_ROW_WINS,14682,14681,2,,,,,,,,2.694,1.199,,,
001258,CGYNQ,CAPCO ENERGY INC,2000-05-31,2000Q1,SAME_PERIOD_DIFFERENT_DATE_FIRST_ROW_WINS,16331,16330,0,,,,,,,,,,,,
001275,ALGH.,ALLEGHENY & WESTERN ENER-OLD,1983-11-30,1983Q3,SAME_PERIOD_DIFFERENT_DATE_FIRST_ROW_WINS,17417,17416,10,13.811,5.026,14.023000000000001,,28.248,9.133000000000001,0.777,1.077,0.461,0.0,0.0,
001275,ALGH.,ALLEGHENY & WESTERN ENER-OLD,1984-02-29,1983Q4,SAME_PERIOD_DIFFERENT_DATE_FIRST_ROW_WINS,17419,17418,10,0.16,7.894,14.447000000000001,,32.51,12.276,1.03,2.025,0.906,0.0,0.0,
001331,APNI,ALPINE GROUP INC,2000-04-30,2000Q1,SAME_PERIOD_DIFFERENT_DATE_FIRST_ROW_WINS,20613,20612,0,,,,,,,,,,,,
001530,3ANUCE,AMERICAN NUCLEAR CORP,1992-05-31,1992Q1,SAME_PERIOD_DIFFERENT_DATE_FIRST_ROW_WINS,32594,32593,0,,,,,,,,,,,,
001662,AGTT,ANGSTROM TECHNOLOGIES INC,1986-01-31,1985Q4,SAME_PERIOD_DIFFERENT_DATE_FIRST_ROW_WINS,42292,42289,10,4.78,1.459,1.862,,7.03,2.726,-0.20400000000000001,-0.108,0.006,1.0290000000000001,1.23,
001674,NTEX,ANTEX CORP,1986-01-31,1985Q4,SAME_PERIOD_DIFFERENT_DATE_FIRST_ROW_WINS,42871,42870,10,5.723,2.471,1.9700000000000002,,8.113,4.106,-0.23500000000000001,-0.164,0.006,1.183,1.5350000000000001,
001705,SSHZ,SINO SHIPPING HOLDINGS INC,2008-04-30,2008Q1,SAME_PERIOD_DIFFERENT_DATE_FIRST_ROW_WINS,45258,45257,0,,,,,,,,,,,,
001714,7266B,ARAPAHO PETROLEUM INC,1983-05-31,1983Q1,SAME_PERIOD_DIFFERENT_DATE_FIRST_ROW_WINS,45830,45829,0,,,,,,,,,,,,
001721,ARCH.2,ARCH PETROLEUM INC,1988-01-31,1987Q4,SAME_PERIOD_DIFFERENT_DATE_FIRST_ROW_WINS,46203,46202,10,0.503,1.6460000000000001,1.212,,3.257,1.6460000000000001,0.059000000000000004,-0.015000000000000001,-0.006,1.244,0.0,
001827,ACND.1,ATCO INDS,1980-04-30,1980Q1,SAME_PERIOD_DIFFERENT_DATE_FIRST_ROW_WINS,52852,52851,0,,,,,,,,,,,,
001876,ACT.1,AUTO-TRAIN CORP,1977-04-30,1977Q1,SAME_PERIOD_DIFFERENT_DATE_FIRST_ROW_WINS,55741,55740,10,4.492,11.781,23.053,,28.006,19.914,0.768,0.545,0.166,2.576,7.825,
001912,AVRY.1,AVERY INC,1986-01-31,1985Q4,SAME_PERIOD_DIFFERENT_DATE_FIRST_ROW_WINS,57613,57612,10,6.809,8.235000000000001,7.039000000000001,,23.645,9.32,-0.66,-0.17400000000000002,0.0,4.6930000000000005,0.788,
001912,AVRY.1,AVERY INC,1986-04-30,1986Q1,SAME_PERIOD_DIFFERENT_DATE_FIRST_ROW_WINS,57615,57614,10,11.974,5.258,4.267,,16.471,5.7940000000000005,-1.0450000000000002,-4.275,0.398,2.289,0.257,
014740,MXF,MEXICO FUND INC,1991-02-28,1990Q4,SAME_PERIOD_DIFFERENT_DATE_FIRST_ROW_WINS,63710,63656,0,,,,,,,,,,,,
014740,MXF,MEXICO FUND INC,1991-05-31,1991Q1,SAME_PERIOD_DIFFERENT_DATE_FIRST_ROW_WINS,63724,63711,0,,,,,,,,,,,,
002028,VSIH,VSI HOLDINGS INC,1996-01-31,1995Q4,SAME_PERIOD_DIFFERENT_DATE_FIRST_ROW_WINS,66727,66726,0,,,,,,,,,,,,
002084,BAUK,BAUKOL-NOONAN INC,1985-04-30,1985Q1,SAME_PERIOD_DIFFERENT_DATE_FIRST_ROW_WINS,70644,70643,0,,,,,,,,,,,,
002087,BYFL,BAY FINANCIAL CORP,1987-11-30,1987Q3,SAME_PERIOD_DIFFERENT_DATE_FIRST_ROW_WINS,71262,71261,7,,,269.82300000000004,,295.51300000000003,247.09300000000002,-4.33,-3.4330000000000003,0.0,,235.86,
002087,BYFL,BAY FINANCIAL CORP,1988-02-29,1987Q4,SAME_PERIOD_DIFFERENT_DATE_FIRST_ROW_WINS,71264,71263,7,,,278.474,,303.223,261.03000000000003,-5.74,-6.623,0.0,,248.994,
002087,BYFL,BAY FINANCIAL CORP,1988-05-31,1988Q1,SAME_PERIOD_DIFFERENT_DATE_FIRST_ROW_WINS,71266,71265,0,,,,,,,,,,,,
002140,BPSI,BELL PETROLEUM SERVICES INC,1985-04-30,1985Q1,SAME_PERIOD_DIFFERENT_DATE_FIRST_ROW_WINS,74591,74590,10,8.414,2.851,10.979000000000001,,19.651,8.438,-1.203,-1.493,-0.547,0.35900000000000004,5.587000000000001,
002164,3BENT,BENNETT PETROLEUM CORP,1987-11-30,1987Q3,SAME_PERIOD_DIFFERENT_DATE_FIRST_ROW_WINS,76081,76080,0,,,,,,,,,,,,
002184,BBY,BEST BUY CO INC,1990-05-31,1990Q1,SAME_PERIOD_DIFFERENT_DATE_FIRST_ROW_WINS,77129,77128,10,135.989,59.394000000000005,27.848000000000003,,165.341,100.385,-1.437,-1.992,-0.77,1.872,35.133,
002236,3BTEL,BIOTEL INC,2003-11-30,2003Q3,SAME_PERIOD_DIFFERENT_DATE_FIRST_ROW_WINS,80390,80389,0,,,,,,,,,,,,
002236,3BTEL,BIOTEL INC,2004-02-29,2003Q4,SAME_PERIOD_DIFFERENT_DATE_FIRST_ROW_WINS,80392,80391,0,,,,,,,,,,,,
002236,3BTEL,BIOTEL INC,2004-05-31,2004Q1,SAME_PERIOD_DIFFERENT_DATE_FIRST_ROW_WINS,80394,80393,0,,,,,,,,,,,,
002249,3BIOT.,BIOTECHNICA INTL INC,1992-10-31,1992Q3,SAME_PERIOD_DIFFERENT_DATE_FIRST_ROW_WINS,81193,81192,10,11.665000000000001,9.353,9.107000000000001,,23.289,10.951,-1.364,-1.5010000000000001,0.0,3.6950000000000003,0.643,
002249,3BIOT.,BIOTECHNICA INTL INC,1993-01-31,1992Q4,SAME_PERIOD_DIFFERENT_DATE_FIRST_ROW_WINS,81195,81194,10,18.005000000000003,17.73,10.913,,31.533,19.3,0.10700000000000001,-0.10500000000000001,0.0,6.534000000000001,0.615,
002264,LEXPQ,LEXINGTON PRECISION CORP,1989-05-31,1989Q1,SAME_PERIOD_DIFFERENT_DATE_FIRST_ROW_WINS,82456,82454,10,24.061,14.465,17.373,,64.881,58.292,0.9670000000000001,-0.376,-0.060000000000000005,3.99,43.716,
014750,NPI,NUVEEN PREM INCOME MUN FD,1992-02-29,1991Q4,SAME_PERIOD_DIFFERENT_DATE_FIRST_ROW_WINS,82543,82527,0,,,,,,,,,,,,
014750,NPI,NUVEEN PREM INCOME MUN FD,1992-05-31,1992Q1,SAME_PERIOD_DIFFERENT_DATE_FIRST_ROW_WINS,82565,82549,0,,,,,,,,,,,,
002265,BCO.1,BLESSINGS CORP,1980-04-30,1980Q1,SAME_PERIOD_DIFFERENT_DATE_FIRST_ROW_WINS,82611,82610,10,13.708,4.237,11.653,,27.522000000000002,13.884,0.8470000000000001,0.523,0.20500000000000002,0.11900000000000001,9.239,
002269,HRB,BLOCK H & R INC,2021-10-31,2021Q3,SAME_PERIOD_DIFFERENT_DATE_FIRST_ROW_WINS,83004,83003,0,,,,,,,,,,,,
002269,HRB,BLOCK H & R INC,2022-01-31,2021Q4,SAME_PERIOD_DIFFERENT_DATE_FIRST_ROW_WINS,83006,83005,0,,,,,,,,,,,,
002269,HRB,BLOCK H & R INC,2022-04-30,2022Q1,SAME_PERIOD_DIFFERENT_DATE_FIRST_ROW_WINS,83008,83007,0,,,,,,,,,,,,
002277,BRRE,BLUE RIDGE REAL ESTATE CO,2002-01-31,2001Q4,SAME_PERIOD_DIFFERENT_DATE_FIRST_ROW_WINS,83681,83680,10,3.6540000000000004,5.613,19.682000000000002,,23.336000000000002,13.74,0.218,0.117,0.047,0.7220000000000001,6.729,
002278,BBX.1,BLUEBIRD INC,1967-10-31,1967Q3,SAME_PERIOD_DIFFERENT_DATE_FIRST_ROW_WINS,83804,83802,0,,,,,,,,,,,,
002278,BBX.1,BLUEBIRD INC,1968-01-31,1967Q4,SAME_PERIOD_DIFFERENT_DATE_FIRST_ROW_WINS,83806,83805,0,,,,,,,,,,,,
002283,BBKS,BOBBIE BROOKS INC,1985-03-31,1985Q1,SAME_PERIOD_DIFFERENT_DATE_FIRST_ROW_WINS,84236,82646,3,,,,,,,0.7220000000000001,0.5670000000000001,0.0,,,
002336,BVI.2,BOW VALLEY ENERGY INC,1978-05-31,1978Q1,SAME_PERIOD_DIFFERENT_DATE_FIRST_ROW_WINS,87133,87132,10,56.708000000000006,46.483000000000004,258.66900000000004,,332.683,291.53200000000004,8.604000000000001,5.66,1.875,15.981000000000002,211.966,
002340,ENTP,ENTRPRIZE CORP,1997-05-31,1997Q1,SAME_PERIOD_DIFFERENT_DATE_FIRST_ROW_WINS,87631,87630,0,,,,,,,,,,,,
002433,BNSSA,BNS HOLDING CO,2007-01-31,2006Q4,SAME_PERIOD_DIFFERENT_DATE_FIRST_ROW_WINS,92433,92430,12,67.482,42.031,33.104,28.559,146.115,124.47500000000001,1.572,-1.333,-0.47100000000000003,1.1440000000000001,82.444,41.2896
002434,BWN.1,BROWN CO,1975-11-30,1975Q3,SAME_PERIOD_DIFFERENT_DATE_FIRST_ROW_WINS,92497,92496,10,128.31300000000002,57.212,154.191,,288.947,159.767,31.805000000000003,11.482000000000001,4.363,9.89,90.049,
002447,JABI,JAB INTERNATIONAL INC,1985-10-31,1985Q3,SAME_PERIOD_DIFFERENT_DATE_FIRST_ROW_WINS,93727,93726,10,0.10300000000000001,0.08800000000000001,3.347,,3.5010000000000003,0.124,-0.18000000000000002,-0.17700000000000002,0.0,0.026000000000000002,0.033,
002447,JABI,JAB INTERNATIONAL INC,1986-01-31,1985Q4,SAME_PERIOD_DIFFERENT_DATE_FIRST_ROW_WINS,93729,93728,10,0.11900000000000001,0.08800000000000001,0.062,,2.565,0.091,-0.157,-1.004,0.0,0.0,0.0,
002484,0015B,BURLINGTON COAT FACTORY INVS,1988-10-31,1988Q3,SAME_PERIOD_DIFFERENT_DATE_FIRST_ROW_WINS,95340,95339,10,285.411,184.031,88.492,,375.507,202.952,3.612,4.9910000000000005,0.53,31.585,15.465,
002484,0015B,BURLINGTON COAT FACTORY INVS,2010-05-31,2010Q1,SAME_PERIOD_DIFFERENT_DATE_FIRST_ROW_WINS,95435,95434,0,,,,,,,,,,,,
002497,MTZ,MASTEC INC,1994-04-30,1994Q1,SAME_PERIOD_DIFFERENT_DATE_FIRST_ROW_WINS,96305,96304,0,,,,,,,,,,,,
002538,CDI,CDI CORP,1988-04-30,1988Q1,SAME_PERIOD_DIFFERENT_DATE_FIRST_ROW_WINS,99165,99164,10,126.768,54.517,33.734,,175.76000000000002,115.99900000000001,6.763,5.905,2.253,0.0,46.129000000000005,
002560,CAVN.,CVN COMPANIES INC,1987-11-30,1987Q3,SAME_PERIOD_DIFFERENT_DATE_FIRST_ROW_WINS,100981,100980,10,228.484,140.043,33.297000000000004,,297.956,154.18800000000002,10.745000000000001,10.615,4.2,9.200000000000001,10.487,
002560,CAVN.,CVN COMPANIES INC,1988-02-29,1987Q4,SAME_PERIOD_DIFFERENT_DATE_FIRST_ROW_WINS,100983,100982,10,189.286,97.36500000000001,36.554,,260.363,110.909,9.695,10.392000000000001,4.09,20.0,10.219000000000001,
002570,CSG.5,DECORP INC,1977-04-30,1977Q1,SAME_PERIOD_DIFFERENT_DATE_FIRST_ROW_WINS,101614,101613,0,,,,,,,,,,,,
002624,CLQ.1,CALIFORNIA LIFE CORP,1968-11-30,1968Q3,SAME_PERIOD_DIFFERENT_DATE_FIRST_ROW_WINS,105404,105403,2,,,,,,,,0.2,0.079,,,
002624,CLQ.1,CALIFORNIA LIFE CORP,1969-02-28,1968Q4,SAME_PERIOD_DIFFERENT_DATE_FIRST_ROW_WINS,105406,105405,0,,,,,,,,,,,,
002624,CLQ.1,CALIFORNIA LIFE CORP,1969-05-31,1969Q1,SAME_PERIOD_DIFFERENT_DATE_FIRST_ROW_WINS,105408,105407,2,,,,,,,,0.21000000000000002,0.085,,,
002631,CLNP.,CALLON PETROLEUM CO,1984-05-31,1984Q1,SAME_PERIOD_DIFFERENT_DATE_FIRST_ROW_WINS,105926,105925,0,,,,,,,,,,,,
002633,CZM.1,CALMAT CO,1983-04-30,1983Q1,SAME_PERIOD_DIFFERENT_DATE_FIRST_ROW_WINS,105957,105956,10,87.486,35.868,250.031,,380.75600000000003,188.43200000000002,0.8450000000000001,-1.8840000000000001,-0.752,5.163,91.117,
002688,CHO.3,CANADIAN HOMESTEAD OILS LTD,1975-05-31,1975Q1,SAME_PERIOD_DIFFERENT_DATE_FIRST_ROW_WINS,107744,107743,10,6.282,3.951,21.607,,28.312,9.039,1.238,0.677,0.166,0.4,2.587,
002756,3CARJ,CARDIS CORP,1983-01-31,1982Q4,SAME_PERIOD_DIFFERENT_DATE_FIRST_ROW_WINS,110546,110545,3,,,,,,,0.0,0.0,0.0,,,
002770,CKB.2,CARLING O'KEEFE LTD,1968-10-31,1968Q3,SAME_PERIOD_DIFFERENT_DATE_FIRST_ROW_WINS,110863,110862,3,,,,,,,6.766,8.011000000000001,3.806,,,
002770,CKB.2,CARLING O'KEEFE LTD,1969-01-31,1968Q4,SAME_PERIOD_DIFFERENT_DATE_FIRST_ROW_WINS,110865,110864,3,,,,,,,3.8680000000000003,5.212000000000001,2.212,,,
002770,CKB.2,CARLING O'KEEFE LTD,1969-04-30,1969Q1,SAME_PERIOD_DIFFERENT_DATE_FIRST_ROW_WINS,110867,110866,3,,,,,,,5.075,6.452,2.676,,,
002791,TAST1,CARROLS CORP,1987-05-31,1987Q1,SAME_PERIOD_DIFFERENT_DATE_FIRST_ROW_WINS,112584,112583,0,,,,,,,,,,,,
002951,DLPX,DELPHAX TECHNOLOGIES INC,1985-01-31,1984Q4,SAME_PERIOD_DIFFERENT_DATE_FIRST_ROW_WINS,124432,124430,10,3.748,2.898,0.778,,4.526,3.053,-0.5890000000000001,-0.646,0.0,1.552,0.124,
003011,CHIR.1,CHIRON CORP,1989-04-30,1989Q1,SAME_PERIOD_DIFFERENT_DATE_FIRST_ROW_WINS,128707,128706,10,55.158,8.25,23.788,,81.834,10.838000000000001,-4.8260000000000005,-4.001,0.0,1.931,0.019,
003015,CCN.2,CHRIS-CRAFT INDS,1967-11-30,1967Q3,SAME_PERIOD_DIFFERENT_DATE_FIRST_ROW_WINS,128938,128937,0,,,,,,,,,,,,
003015,CCN.2,CHRIS-CRAFT INDS,1968-02-29,1967Q4,SAME_PERIOD_DIFFERENT_DATE_FIRST_ROW_WINS,128940,128939,0,,,,,,,,,,,,
003054,CCTYQ,CIRCUIT CITY STORES INC,1978-05-31,1978Q1,SAME_PERIOD_DIFFERENT_DATE_FIRST_ROW_WINS,132281,132280,10,25.071,15.275,3.568,,28.639000000000003,19.974,0.764,0.683,0.324,0.17800000000000002,3.452,
003081,CNV.1,CITY INVESTING CO,1970-04-30,1970Q1,SAME_PERIOD_DIFFERENT_DATE_FIRST_ROW_WINS,133899,133898,5,,,,,,,34.421,28.983,11.084000000000001,65.9,347.369,
003089,CLRN.,CLARION CAPITAL CORP,1989-05-31,1989Q1,SAME_PERIOD_DIFFERENT_DATE_FIRST_ROW_WINS,134336,134335,6,,,,,30.110000000000003,12.67,18.197,17.995,4.196000000000001,,8.040000000000001,
003281,9389A,ANDREWS GROUP INC,1985-04-30,1985Q1,SAME_PERIOD_DIFFERENT_DATE_FIRST_ROW_WINS,147242,147225,10,12.633000000000001,10.498000000000001,25.011000000000003,,41.796,23.862000000000002,0.48400000000000004,0.065,0.0,4.747,11.447000000000001,
003288,CHCR,COMPREHENSIVE CARE CORP,2007-05-31,2007Q1,SAME_PERIOD_DIFFERENT_DATE_FIRST_ROW_WINS,148097,148096,0,,,,,,,,,,,,
003345,MPEH,MPEL HOLDINGS CORP,1986-11-30,1986Q3,SAME_PERIOD_DIFFERENT_DATE_FIRST_ROW_WINS,150692,150691,0,,,,,,,,,,,,
003345,MPEH,MPEL HOLDINGS CORP,1987-02-28,1986Q4,SAME_PERIOD_DIFFERENT_DATE_FIRST_ROW_WINS,150694,150693,10,0.869,1.667,0.26,,1.167,2.277,-1.052,-1.088,-0.001,0.45,0.61,
003375,CIS.,CONCORD FABRICS INC  -CL A,1970-11-30,1970Q3,SAME_PERIOD_DIFFERENT_DATE_FIRST_ROW_WINS,152555,152554,2,,,,,,,,0.10700000000000001,0.055,,,
003375,CIS.,CONCORD FABRICS INC  -CL A,1971-02-28,1970Q4,SAME_PERIOD_DIFFERENT_DATE_FIRST_ROW_WINS,152557,152556,2,,,,,,,,0.742,0.389,,,
003493,CKI.1,COOK INTERNATIONAL INC,1980-05-31,1980Q1,SAME_PERIOD_DIFFERENT_DATE_FIRST_ROW_WINS,159218,159217,10,0.35000000000000003,40.418,6.498,,120.563,79.967,1.57,2.891,1.6340000000000001,2.321,29.154,
003600,3CBAG,CRESTED CORP,2003-05-31,2003Q1,SAME_PERIOD_DIFFERENT_DATE_FIRST_ROW_WINS,165701,165700,0,,,,,,,,,,,,
003636,3CRTLA,CRYSTAL MOUNTAIN  -CL A,1983-02-28,1982Q4,SAME_PERIOD_DIFFERENT_DATE_FIRST_ROW_WINS,167980,167979,10,1.183,0.49300000000000005,1.879,,3.093,0.9,0.9820000000000001,0.9750000000000001,0.075,0.17400000000000002,0.343,
003636,3CRTLA,CRYSTAL MOUNTAIN  -CL A,1983-05-31,1983Q1,SAME_PERIOD_DIFFERENT_DATE_FIRST_ROW_WINS,167982,167981,10,1.0330000000000001,0.317,1.788,,2.841,0.738,-0.124,-0.092,-0.003,0.149,0.338,
003642,CBO,CULBRO CORP,1991-02-28,1990Q4,SAME_PERIOD_DIFFERENT_DATE_FIRST_ROW_WINS,168663,168662,10,183.8,77.789,114.37700000000001,,381.733,258.337,5.1690000000000005,1.014,0.395,18.05,157.502,
003654,CDD.1,CUNNINGHAM DRUG STORES INC,1977-11-30,1977Q3,SAME_PERIOD_DIFFERENT_DATE_FIRST_ROW_WINS,169641,169640,10,0.01,21.225,11.273,,49.658,23.085,0.049,0.012,0.005,1.53,0.918,
003673,CMED.1,COLORADO MEDTECH INC,1992-10-31,1992Q3,SAME_PERIOD_DIFFERENT_DATE_FIRST_ROW_WINS,170379,170378,0,,,,,,,,,,,,
003698,DMH.,DMH CORP,1968-01-31,1967Q4,SAME_PERIOD_DIFFERENT_DATE_FIRST_ROW_WINS,171400,171399,0,,,,,,,,,,,,
003708,WEN,WENDY'S CO,1994-04-30,1994Q1,SAME_PERIOD_DIFFERENT_DATE_FIRST_ROW_WINS,171988,171987,0,,,,,,,,,,,,
003731,6794B,APPAREL GROUP LTD,1979-04-30,1979Q1,SAME_PERIOD_DIFFERENT_DATE_FIRST_ROW_WINS,172858,172857,10,20.929000000000002,6.091,3.323,,24.659000000000002,11.777000000000001,0.306,0.054,0.092,0.384,5.686,
003862,AMCVQ,AMERICAN CLASSIC VOYAGES CO,1987-10-31,1987Q3,SAME_PERIOD_DIFFERENT_DATE_FIRST_ROW_WINS,181348,181347,0,,,,,,,,,,,,
003862,AMCVQ,AMERICAN CLASSIC VOYAGES CO,1988-01-31,1987Q4,SAME_PERIOD_DIFFERENT_DATE_FIRST_ROW_WINS,181350,181349,0,,,,,,,,,,,,
003862,AMCVQ,AMERICAN CLASSIC VOYAGES CO,1988-04-30,1988Q1,SAME_PERIOD_DIFFERENT_DATE_FIRST_ROW_WINS,181352,181351,0,,,,,,,,,,,,
003879,2358B,DERAND REAL ESTATE INVT TR,1987-04-30,1987Q1,SAME_PERIOD_DIFFERENT_DATE_FIRST_ROW_WINS,182328,182327,9,,0.894,0.0,,6.0,3.865,-0.059000000000000004,-0.113,0.0,0.7150000000000001,2.843,
003969,DIOD,DIODES INC,1990-04-30,1990Q1,SAME_PERIOD_DIFFERENT_DATE_FIRST_ROW_WINS,187831,187830,10,6.867,1.7790000000000001,1.405,,8.493,3.209,-0.038,-0.055,0.0,0.376,1.153,
004074,DREW.,DREWRY PHOTOCOLOR CORP,1989-04-30,1989Q1,SAME_PERIOD_DIFFERENT_DATE_FIRST_ROW_WINS,193802,193801,0,,,,,,,,,,,,
004123,DYNX.1,DYNATEC INTERNATIONAL INC,1986-10-31,1986Q3,SAME_PERIOD_DIFFERENT_DATE_FIRST_ROW_WINS,196802,196792,10,2.934,1.214,0.897,,4.4030000000000005,1.9120000000000001,0.182,0.112,0.062,0.811,0.37,
004123,DYNX.1,DYNATEC INTERNATIONAL INC,1987-01-31,1986Q4,SAME_PERIOD_DIFFERENT_DATE_FIRST_ROW_WINS,196808,196807,10,2.8240000000000003,1.214,0.899,,4.315,1.868,0.014,-0.049,-0.005,0.809,0.331,
004123,DYNX.1,DYNATEC INTERNATIONAL INC,1987-04-30,1987Q1,SAME_PERIOD_DIFFERENT_DATE_FIRST_ROW_WINS,196822,196821,10,2.801,1.752,0.873,,5.006,2.374,0.149,0.125,0.014,0.9560000000000001,0.334,
004207,ECK.1,ECKERD CORP,1967-10-31,1967Q3,SAME_PERIOD_DIFFERENT_DATE_FIRST_ROW_WINS,202810,202809,0,,,,,,,,,,,,
004207,ECK.1,ECKERD CORP,1968-01-31,1967Q4,SAME_PERIOD_DIFFERENT_DATE_FIRST_ROW_WINS,202812,202811,2,,,,,,,,3.652,1.5030000000000001,,,
004207,ECK.1,ECKERD CORP,1968-04-30,1968Q1,SAME_PERIOD_DIFFERENT_DATE_FIRST_ROW_WINS,202814,202813,0,,,,,,,,,,,,
004238,ELCH.1,EL CHICO RESTAURANTS INC,1992-05-31,1992Q1,SAME_PERIOD_DIFFERENT_DATE_FIRST_ROW_WINS,204477,204476,10,10.747,8.435,21.067,,32.499,9.82,-0.10600000000000001,-3.1350000000000002,-1.109,0.18100000000000002,1.215,
004263,3EADY,ELECTRO AUDIO DYNAMICS,1968-10-31,1968Q3,SAME_PERIOD_DIFFERENT_DATE_FIRST_ROW_WINS,205704,205703,0,,,,,,,,,,,,
004263,3EADY,ELECTRO AUDIO DYNAMICS,1969-01-31,1968Q4,SAME_PERIOD_DIFFERENT_DATE_FIRST_ROW_WINS,205706,205705,0,,,,,,,,,,,,
004270,EPIX.,EPI INTL INC,1987-11-30,1987Q3,SAME_PERIOD_DIFFERENT_DATE_FIRST_ROW_WINS,206016,206015,3,,,,,,,0.5680000000000001,0.47100000000000003,0.077,,,
004270,EPIX.,EPI INTL INC,1988-02-29,1987Q4,SAME_PERIOD_DIFFERENT_DATE_FIRST_ROW_WINS,206018,206017,10,7.859,6.109,0.543,,8.547,6.312,0.34600000000000003,0.17600000000000002,-0.14500000000000002,4.235,0.128,
004270,EPIX.,EPI INTL INC,1988-05-31,1988Q1,SAME_PERIOD_DIFFERENT_DATE_FIRST_ROW_WINS,206020,206019,10,7.7620000000000005,6.676,0.8280000000000001,,8.66,7.288,-0.8440000000000001,-1.012,-0.138,4.828,0.5890000000000001,
004290,ERAI,ELECTRONIC RESEARCH ASSOC,1978-05-31,1978Q1,SAME_PERIOD_DIFFERENT_DATE_FIRST_ROW_WINS,207003,207002,10,0.543,0.673,0.126,,0.7030000000000001,0.9640000000000001,-0.641,-0.5690000000000001,0.0,0.108,0.29100000000000004,
004357,4230B,ENERGY MANAGEMENT CORP,1986-11-30,1986Q3,SAME_PERIOD_DIFFERENT_DATE_FIRST_ROW_WINS,210663,210662,0,,,,,,,,,,,,
004357,4230B,ENERGY MANAGEMENT CORP,1987-02-28,1986Q4,SAME_PERIOD_DIFFERENT_DATE_FIRST_ROW_WINS,210665,210664,0,,,,,,,,,,,,
004414,7556A,ENVIRONMENTAL SYSTEMS CO,1991-10-31,1991Q3,SAME_PERIOD_DIFFERENT_DATE_FIRST_ROW_WINS,213582,213581,10,90.882,32.724000000000004,62.131,,216.263,109.111,14.228000000000002,7.0360000000000005,2.302,9.71,61.323,
004431,EFG.2,EQUITEC FINANCIAL GROUP INC,1988-04-30,1988Q1,SAME_PERIOD_DIFFERENT_DATE_FIRST_ROW_WINS,215018,215017,0,,,,,,,,,,,,
004509,FGI.1,FGI INVESTORS INC,1981-11-30,1981Q3,SAME_PERIOD_DIFFERENT_DATE_FIRST_ROW_WINS,219920,219919,9,,0.24600000000000002,0.0,,15.464,0.24600000000000002,-0.034,0.013000000000000001,0.003,0.0,0.0,
004576,FFIH,FARM FISH INC,1984-04-30,1984Q1,SAME_PERIOD_DIFFERENT_DATE_FIRST_ROW_WINS,223689,223688,10,2.056,4.288,4.565,,6.899,5.932,-0.463,-0.5710000000000001,-0.035,3.1260000000000003,1.6440000000000001,
004595,FJCC,FEDDERS CORP,1991-11-30,1991Q3,SAME_PERIOD_DIFFERENT_DATE_FIRST_ROW_WINS,224728,224727,10,103.48,114.86200000000001,68.179,,209.815,171.89600000000002,-6.966,-10.223,-3.899,69.685,48.436,
004595,FJCC,FEDDERS CORP,1992-02-29,1991Q4,SAME_PERIOD_DIFFERENT_DATE_FIRST_ROW_WINS,224730,224729,10,128.082,142.817,67.223,,233.684,199.342,-1.487,-5.466,-2.267,85.185,47.993,
004692,FCY.2,FIRST CITY INDUSTRIES INC,1979-04-30,1979Q1,SAME_PERIOD_DIFFERENT_DATE_FIRST_ROW_WINS,230919,230918,9,,12.32,0.0,,44.762,19.859,0.668,1.008,0.561,11.3,7.539000000000001,
004747,FP.1,FISCHER & PORTER CO,1974-04-30,1974Q1,SAME_PERIOD_DIFFERENT_DATE_FIRST_ROW_WINS,234795,234794,10,67.17,31.527,14.067,,82.11800000000001,49.776,4.797000000000001,0.5650000000000001,0.11900000000000001,13.181000000000001,17.736,
004836,FGI.,FOOTHILL GROUP INC  -CL A,1983-05-31,1983Q1,SAME_PERIOD_DIFFERENT_DATE_FIRST_ROW_WINS,240420,240419,9,,199.104,2.194,,283.86,239.81400000000002,6.589,0.20900000000000002,0.027,112.76700000000001,34.233000000000004,
004970,3GOXC,GALAXY OIL CO,1980-05-31,1980Q1,SAME_PERIOD_DIFFERENT_DATE_FIRST_ROW_WINS,248074,248073,10,8.539,6.482,33.682,,43.272000000000006,18.901,0.369,0.022000000000000002,-0.015000000000000001,1.52,11.771,
004994,GBE.1,GARBER (A L) INC,1969-05-31,1969Q1,SAME_PERIOD_DIFFERENT_DATE_FIRST_ROW_WINS,249615,249614,5,,,,,,,0.313,0.126,0.08,0.612,0.875,
005004,GLJ.1,GATES LEARJET CORP,1981-04-30,1981Q1,SAME_PERIOD_DIFFERENT_DATE_FIRST_ROW_WINS,249960,249959,10,245.00500000000002,182.372,57.034000000000006,,320.735,223.602,8.336,4.415,1.361,6.877000000000001,39.632000000000005,
005059,3GHOEQ,GENERAL HOMES CORP,1983-02-28,1982Q4,SAME_PERIOD_DIFFERENT_DATE_FIRST_ROW_WINS,253404,253403,7,,,6.216,,236.39800000000002,188.199,32.291000000000004,28.853,12.481,,165.424,
005151,GFS.A,GIANT FOOD INC  -CL A,1972-05-31,1972Q1,SAME_PERIOD_DIFFERENT_DATE_FIRST_ROW_WINS,259873,259872,0,,,,,,,,,,,,
005245,GLD.3,GOULD INC,1967-10-31,1967Q3,SAME_PERIOD_DIFFERENT_DATE_FIRST_ROW_WINS,265630,265629,2,,,,,,,,1.965,0.917,,,
005245,GLD.3,GOULD INC,1968-01-31,1967Q4,SAME_PERIOD_DIFFERENT_DATE_FIRST_ROW_WINS,265632,265631,2,,,,,,,,1.8290000000000002,0.889,,,
005245,GLD.3,GOULD INC,1968-04-30,1968Q1,SAME_PERIOD_DIFFERENT_DATE_FIRST_ROW_WINS,265634,265633,3,,,,,,,8.426,2.801,1.278,,,
005345,GRIF.,GRIFFIN TECHNOLOGY INC,1987-10-31,1987Q3,SAME_PERIOD_DIFFERENT_DATE_FIRST_ROW_WINS,271225,271224,10,10.338000000000001,6.648000000000001,3.1790000000000003,,14.351,10.348,0.383,0.257,0.01,0.032,3.681,
005345,GRIF.,GRIFFIN TECHNOLOGY INC,1988-01-31,1987Q4,SAME_PERIOD_DIFFERENT_DATE_FIRST_ROW_WINS,271227,271226,10,8.142000000000001,4.705,3.5090000000000003,,12.366000000000001,8.407,0.031,-0.046,-0.001,0.036000000000000004,3.668,
005373,GUR.1,GUERDON INDUSTRIES INC,1970-04-30,1970Q1,SAME_PERIOD_DIFFERENT_DATE_FIRST_ROW_WINS,272167,272166,5,,,,,,,10.821,1.9200000000000002,0.863,1.411,6.71,
005395,GYRO,GYRODYNE LLC,2007-04-30,2007Q1,SAME_PERIOD_DIFFERENT_DATE_FIRST_ROW_WINS,273771,273770,0,,,,,,,,,,,,
005405,3HIAI,HIA INC,1985-02-28,1984Q4,SAME_PERIOD_DIFFERENT_DATE_FIRST_ROW_WINS,274295,274294,10,4.805000000000001,4.676,0.904,,6.288,6.096,-0.19,-0.299,0.0,2.728,1.4200000000000002,
005442,HWG,HALLWOOD GROUP INC,1983-11-30,1983Q3,SAME_PERIOD_DIFFERENT_DATE_FIRST_ROW_WINS,276294,276293,8,,,0.0,,52.073,13.430000000000001,0.67,1.2530000000000001,1.016,0.5860000000000001,11.648,
005555,HDYN.,HEALTHDYNE INC,1983-04-30,1983Q1,SAME_PERIOD_DIFFERENT_DATE_FIRST_ROW_WINS,283152,283151,0,,,,,,,,,,,,
005558,9668B,HECHINGER CO  -CL A,1998-01-31,1997Q4,SAME_PERIOD_DIFFERENT_DATE_FIRST_ROW_WINS,283322,283321,0,,,,,,,,,,,,
005564,HMYRQ,HEILIG-MEYERS CO,1986-05-31,1986Q1,SAME_PERIOD_DIFFERENT_DATE_FIRST_ROW_WINS,284019,284018,10,243.16000000000003,135.517,65.47200000000001,,326.51500000000004,201.94400000000002,11.494,7.96,3.5820000000000003,76.949,62.808,
005568,KHC,KRAFT HEINZ CO,2013-04-30,2013Q1,SAME_PERIOD_DIFFERENT_DATE_FIRST_ROW_WINS,284657,284656,12,5135.562,4786.872,2458.801,3079.25,12939.007000000001,10060.657000000001,429.963,272.527,71.641,2160.393,3848.3390000000004,23266.011300000002
005703,HZN.1,HORIZON CORP,1986-05-31,1986Q1,SAME_PERIOD_DIFFERENT_DATE_FIRST_ROW_WINS,292702,292701,0,,,,,,,,,,,,
005781,HI.1,HUNT INTL RESOURCES CORP,1976-02-29,1975Q4,SAME_PERIOD_DIFFERENT_DATE_FIRST_ROW_WINS,295073,294990,5,,,,,,,0.5840000000000001,-13.496,-7.058000000000001,163.53400000000002,46.713,
005781,HI.1,HUNT INTL RESOURCES CORP,1976-05-31,1976Q1,SAME_PERIOD_DIFFERENT_DATE_FIRST_ROW_WINS,295199,295083,10,267.245,249.577,115.227,,413.482,306.17400000000004,7.140000000000001,1.119,1.5370000000000001,151.669,47.319,
005750,HOV,HOVNANIAN ENTRPRS INC  -CL A,1994-02-28,1993Q4,SAME_PERIOD_DIFFERENT_DATE_FIRST_ROW_WINS,295400,295399,7,,,86.483,,539.602,368.601,16.645,16.645,5.277,,298.591,
005840,IMG.1,IMC MAGNETICS CORP,1978-02-28,1977Q4,SAME_PERIOD_DIFFERENT_DATE_FIRST_ROW_WINS,301011,301010,10,14.904,4.8020000000000005,6.171,,21.362000000000002,11.657,3.5090000000000003,0.91,0.4,0.6900000000000001,6.737,
005846,3ANDA,ANDATCO INC  -CL A,1997-01-31,1996Q4,SAME_PERIOD_DIFFERENT_DATE_FIRST_ROW_WINS,301301,301300,3,,,,,,,0.23500000000000001,-0.11,0.0,,,
005950,IINT.,INFORMATION INTERNATIONAL,1993-04-30,1993Q1,SAME_PERIOD_DIFFERENT_DATE_FIRST_ROW_WINS,307271,307270,10,23.652,17.0,3.351,,33.023,17.319,-1.2990000000000002,-1.068,-0.149,0.9630000000000001,0.0,
005964,ITC.1,INGREDIENT TECHNOLOGY CORP,1978-05-31,1978Q1,SAME_PERIOD_DIFFERENT_DATE_FIRST_ROW_WINS,307914,307913,7,36.83,19.371000000000002,8.382,,47.95,20.236,,,,3.326,0.7250000000000001,
006033,ITDN,INTERDYNE CO,1989-10-31,1989Q3,SAME_PERIOD_DIFFERENT_DATE_FIRST_ROW_WINS,312296,312295,0,,,,,,,,,,,,
006226,FJ,FORT JAMES CORP,1990-04-30,1990Q1,SAME_PERIOD_DIFFERENT_DATE_FIRST_ROW_WINS,325250,325249,10,1454.367,811.801,3491.938,,5818.395,3241.6400000000003,142.89600000000002,95.238,44.411,156.086,1771.1850000000002,
006239,LUK2,JEFFERIES GROUP LLC,2010-02-28,2009Q4,SAME_PERIOD_DIFFERENT_DATE_FIRST_ROW_WINS,325869,325868,0,,,,,,,,,,,,
006249,JI,JENSEN INDUSTRIES,1976-05-31,1976Q1,SAME_PERIOD_DIFFERENT_DATE_FIRST_ROW_WINS,326221,326220,10,5.197,1.5710000000000002,1.522,,7.026000000000001,1.6600000000000001,1.065,1.094,0.518,0.009000000000000001,0.0,
006282,CMCSK1,COMCAST JOIN HOLDINGS,1995-05-31,1995Q1,SAME_PERIOD_DIFFERENT_DATE_FIRST_ROW_WINS,327548,327324,7,,,205.33,,799.7710000000001,534.3340000000001,7.312,-9.079,0.0,,481.358,
006308,ANTP,PHAZAR CORP,2009-11-30,2009Q3,SAME_PERIOD_DIFFERENT_DATE_FIRST_ROW_WINS,330249,330248,12,7.031000000000001,0.803,1.104,0.0,8.282,0.803,-0.14400000000000002,-0.136,-0.036000000000000004,0.0,0.0,7.429
006308,ANTP,PHAZAR CORP,2010-02-28,2009Q4,SAME_PERIOD_DIFFERENT_DATE_FIRST_ROW_WINS,330251,330250,12,6.596,0.912,1.173,0.0,8.266,0.912,-0.24100000000000002,-0.24300000000000002,-0.082,0.0,0.0,7.7117
006308,ANTP,PHAZAR CORP,2010-05-31,2010Q1,SAME_PERIOD_DIFFERENT_DATE_FIRST_ROW_WINS,330253,330252,12,7.21,1.5830000000000002,1.1700000000000002,0.0,8.612,1.5830000000000002,-0.8460000000000001,-0.863,-0.29400000000000004,0.0,0.0,7.142600000000001
006404,KCH.1,KETCHUM & CO,1988-01-31,1987Q4,SAME_PERIOD_DIFFERENT_DATE_FIRST_ROW_WINS,337117,337116,10,46.785000000000004,33.066,3.29,,53.907000000000004,47.426,-1.247,-2.021,0.10200000000000001,0.615,14.360000000000001,
006404,KCH.1,KETCHUM & CO,1988-04-30,1988Q1,SAME_PERIOD_DIFFERENT_DATE_FIRST_ROW_WINS,337119,337118,10,43.083000000000006,23.956,3.101,,49.815000000000005,44.595,-0.607,-1.227,0.034,0.635,20.606,
006435,KMB,KIMBERLY-CLARK CORP,1968-04-30,1968Q1,SAME_PERIOD_DIFFERENT_DATE_FIRST_ROW_WINS,338995,338994,3,,,,,,,80.07300000000001,23.839000000000002,8.292,,,
006513,KZ.,KYSOR INDUSTRIAL CORP,1978-05-31,1978Q1,SAME_PERIOD_DIFFERENT_DATE_FIRST_ROW_WINS,343860,343859,10,42.039,14.73,22.371000000000002,,69.282,36.891,3.5100000000000002,3.254,1.401,1.6820000000000002,20.357,
006539,9901B,LPA HOLDING CORP,1992-11-30,1992Q3,SAME_PERIOD_DIFFERENT_DATE_FIRST_ROW_WINS,345629,345628,1,,,,,,59.86,,,,,,
006539,9901B,LPA HOLDING CORP,1993-02-28,1992Q4,SAME_PERIOD_DIFFERENT_DATE_FIRST_ROW_WINS,345632,345631,1,,,,,,58.342000000000006,,,,,,
006541,LQI.,LA QUINTA INNS INC,1989-05-31,1989Q1,SAME_PERIOD_DIFFERENT_DATE_FIRST_ROW_WINS,345865,345864,10,51.223,65.052,511.526,,602.284,455.61600000000004,11.166,3.236,0.623,34.751000000000005,360.651,
006682,JEF,JEFFERIES FINANCIAL GRP INC,2019-02-28,2018Q4,SAME_PERIOD_DIFFERENT_DATE_FIRST_ROW_WINS,353322,353321,9,,,,1705.105,48959.345,38858.023,411.591,49.317,2.302,20116.179,7685.908,6046.8045
006714,LIVE.1,LIVE ENTERTAINMENT,1987-05-31,1987Q1,SAME_PERIOD_DIFFERENT_DATE_FIRST_ROW_WINS,354445,354444,10,109.944,45.186,22.124000000000002,,133.118,95.158,1.554,0.371,0.27,0.9400000000000001,49.331,
006932,MGEE,MGE ENERGY INC,1970-01-31,1969Q4,SAME_PERIOD_DIFFERENT_DATE_FIRST_ROW_WINS,368084,368083,0,,,,,,,,,,,,
006936,MPET,MAGELLAN PETROLEUM CORP,1987-10-31,1987Q3,SAME_PERIOD_DIFFERENT_DATE_FIRST_ROW_WINS,368250,368246,10,5.505,3.984,29.264000000000003,,34.769,10.020000000000001,1.459,1.116,0.333,2.1990000000000003,3.8400000000000003,
006936,MPET,MAGELLAN PETROLEUM CORP,1988-01-31,1987Q4,SAME_PERIOD_DIFFERENT_DATE_FIRST_ROW_WINS,368255,368251,10,3.9010000000000002,3.664,30.727,,34.628,8.409,0.896,0.627,0.257,1.7650000000000001,1.957,
006936,MPET,MAGELLAN PETROLEUM CORP,1988-04-30,1988Q1,SAME_PERIOD_DIFFERENT_DATE_FIRST_ROW_WINS,368260,368256,10,2.8600000000000003,1.247,32.632000000000005,,35.492000000000004,7.246,1.044,0.885,0.278,0.0,2.503,
006948,AMGIA,ASCENT MEDIA GROUP INC,1982-11-30,1982Q3,SAME_PERIOD_DIFFERENT_DATE_FIRST_ROW_WINS,369015,369014,10,2.717,1.0150000000000001,2.818,,5.6850000000000005,1.34,0.248,0.267,0.125,0.0,0.0,
006948,AMGIA,ASCENT MEDIA GROUP INC,1983-02-28,1982Q4,SAME_PERIOD_DIFFERENT_DATE_FIRST_ROW_WINS,369017,369016,10,3.105,1.122,2.7430000000000003,,5.8580000000000005,1.469,0.194,0.085,0.041,0.0,0.0,
006971,MAJR.,MAJOR REALTY CORP,1985-05-31,1985Q1,SAME_PERIOD_DIFFERENT_DATE_FIRST_ROW_WINS,369662,369661,8,,,14.024000000000001,,33.284,23.78,1.985,1.6580000000000001,0.468,0.758,22.012,
007022,MCS,MARCUS CORP,2015-05-31,2015Q1,SAME_PERIOD_DIFFERENT_DATE_FIRST_ROW_WINS,372526,372525,12,45.573,125.244,680.1170000000001,43.72,809.042,462.807,11.183,5.706,2.565,22.795,247.98600000000002,540.0388
007053,UPRD,UPWARD TECHNOLOGY CORP,1992-05-31,1992Q1,SAME_PERIOD_DIFFERENT_DATE_FIRST_ROW_WINS,373686,373685,10,0.224,0.001,0.0,,0.224,0.001,-0.004,-0.002,0.0,0.0,0.0,
007223,MEGQE,MEGATRONICS INC,1985-11-30,1985Q3,SAME_PERIOD_DIFFERENT_DATE_FIRST_ROW_WINS,385617,385616,3,,,,,,,0.044000000000000004,0.033,-0.005,,,
007223,MEGQE,MEGATRONICS INC,1986-02-28,1985Q4,SAME_PERIOD_DIFFERENT_DATE_FIRST_ROW_WINS,385619,385618,10,1.943,0.42400000000000004,0.743,,2.954,0.554,-0.08600000000000001,-0.08800000000000001,0.0,0.039,0.082,
007223,MEGQE,MEGATRONICS INC,1986-05-31,1986Q1,SAME_PERIOD_DIFFERENT_DATE_FIRST_ROW_WINS,385621,385620,0,,,,,,,,,,,,
007246,3BGNCE,BOGEN CORP,1986-05-31,1986Q1,SAME_PERIOD_DIFFERENT_DATE_FIRST_ROW_WINS,387215,387214,10,1.044,0.08800000000000001,0.038,,1.1540000000000001,0.08800000000000001,-0.02,0.013000000000000001,0.0,0.0,0.0,
007276,MXP.,MESA INC,1969-04-30,1969Q1,SAME_PERIOD_DIFFERENT_DATE_FIRST_ROW_WINS,389424,389423,3,,,,,,,7.920000000000001,7.619000000000001,2.338,,,
007440,5628C,MINSTAR INC,1980-10-31,1980Q3,SAME_PERIOD_DIFFERENT_DATE_FIRST_ROW_WINS,399632,399631,0,,,,,,,,,,,,
007440,5628C,MINSTAR INC,1981-01-31,1980Q4,SAME_PERIOD_DIFFERENT_DATE_FIRST_ROW_WINS,399634,399633,0,,,,,,,,,,,,
007440,5628C,MINSTAR INC,1981-04-30,1981Q1,SAME_PERIOD_DIFFERENT_DATE_FIRST_ROW_WINS,399636,399635,0,,,,,,,,,,,,
007505,FAUL,FAULDING INC,1989-11-30,1989Q3,SAME_PERIOD_DIFFERENT_DATE_FIRST_ROW_WINS,403225,403224,10,17.974,7.977,10.074,,31.989,10.709,-0.685,-0.42500000000000004,0.0,0.0,2.732,
007548,MRLTZ,MYM LIQUIDATING TRUST,1991-05-31,1991Q1,SAME_PERIOD_DIFFERENT_DATE_FIRST_ROW_WINS,405749,405748,0,,,,,,,,,,,,
007572,MGI.4,MGI PROPERTIES,1971-02-28,1970Q4,SAME_PERIOD_DIFFERENT_DATE_FIRST_ROW_WINS,407575,407574,0,,,,,,,,,,,,
007750,THC,TENET HEALTHCARE CORP,2003-05-31,2003Q1,SAME_PERIOD_DIFFERENT_DATE_FIRST_ROW_WINS,419090,419089,0,,,,,,,,,,,,
007888,SYSM,SYSTEMED INC/DE,1988-04-30,1988Q1,SAME_PERIOD_DIFFERENT_DATE_FIRST_ROW_WINS,427584,427583,0,,,,,,,,,,,,
007889,SHRT.1,SHIRT SHED INC,1974-10-31,1974Q3,SAME_PERIOD_DIFFERENT_DATE_FIRST_ROW_WINS,427653,427652,0,,,,,,,,,,,,
007889,SHRT.1,SHIRT SHED INC,1975-01-31,1974Q4,SAME_PERIOD_DIFFERENT_DATE_FIRST_ROW_WINS,427655,427654,0,,,,,,,,,,,,
007889,SHRT.1,SHIRT SHED INC,1975-04-30,1975Q1,SAME_PERIOD_DIFFERENT_DATE_FIRST_ROW_WINS,427657,427656,0,,,,,,,,,,,,
008107,OILQE,OIL SECURITIES INC,1984-05-31,1984Q1,SAME_PERIOD_DIFFERENT_DATE_FIRST_ROW_WINS,444252,444251,0,,,,,,,,,,,,
008219,OXM,OXFORD INDUSTRIES INC,2008-05-31,2008Q1,SAME_PERIOD_DIFFERENT_DATE_FIRST_ROW_WINS,451133,451132,0,,,,,,,,,,,,
008226,3OZIT,OZITE CORP/TX,1989-10-31,1989Q3,SAME_PERIOD_DIFFERENT_DATE_FIRST_ROW_WINS,451446,451445,2,,,,,,,,-4.055000000000001,-0.873,,,
008226,3OZIT,OZITE CORP/TX,1990-01-31,1989Q4,SAME_PERIOD_DIFFERENT_DATE_FIRST_ROW_WINS,451448,451447,3,,,,,,,2.8960000000000004,-3.076,-0.6910000000000001,,,
008240,PHH.1,PHH CORP,1997-04-30,1997Q1,SAME_PERIOD_DIFFERENT_DATE_FIRST_ROW_WINS,452189,452188,0,,,,,,,,,,,,
008387,GDP,GOODRICH PETROLEUM CORP,1982-04-30,1982Q1,SAME_PERIOD_DIFFERENT_DATE_FIRST_ROW_WINS,461100,461099,0,,,,,,,,,,,,
008511,4442B,PETROLEUM ACREAGE CORP-TX,1981-11-30,1981Q3,SAME_PERIOD_DIFFERENT_DATE_FIRST_ROW_WINS,469089,469088,10,7.981000000000001,1.5090000000000001,0.008,,8.023,1.5090000000000001,-0.153,0.09000000000000001,0.035,1.35,0.0,
008511,4442B,PETROLEUM ACREAGE CORP-TX,1982-02-28,1981Q4,SAME_PERIOD_DIFFERENT_DATE_FIRST_ROW_WINS,469091,469090,10,8.17,1.7810000000000001,0.014,,8.278,1.7810000000000001,-0.069,0.004,0.003,1.5,0.0,
008515,PHIG,PHI GRP INC,1999-04-30,1999Q1,SAME_PERIOD_DIFFERENT_DATE_FIRST_ROW_WINS,469476,469475,10,85.188,34.158,144.56,,231.57500000000002,134.994,2.182,-3.7350000000000003,-1.5650000000000002,5.891,74.405,
008577,DUK1,PIEDMONT NATURAL GAS CO,1978-01-31,1977Q4,SAME_PERIOD_DIFFERENT_DATE_FIRST_ROW_WINS,473679,473678,10,34.819,23.753,112.5,,153.57,102.708,6.712000000000001,5.377000000000001,2.587,7.243,71.544,
008585,5841A,PILLSBURY CO,1989-02-28,1988Q4,SAME_PERIOD_DIFFERENT_DATE_FIRST_ROW_WINS,474430,474429,0,,,,,,,,,,,,
008585,5841A,PILLSBURY CO,1989-05-31,1989Q1,SAME_PERIOD_DIFFERENT_DATE_FIRST_ROW_WINS,474432,474431,0,,,,,,,,,,,,
008633,POLY,PLANTRONICS INC,1983-11-30,1983Q3,SAME_PERIOD_DIFFERENT_DATE_FIRST_ROW_WINS,477457,477456,10,76.646,15.439,38.689,,120.71900000000001,33.437000000000005,4.1610000000000005,4.034,1.7750000000000001,0.5840000000000001,11.872,
008633,POLY,PLANTRONICS INC,1984-02-29,1983Q4,SAME_PERIOD_DIFFERENT_DATE_FIRST_ROW_WINS,477459,477458,10,78.846,16.056,39.32,,123.022,33.687000000000005,4.331,4.227,1.86,0.5690000000000001,11.505,
008633,POLY,PLANTRONICS INC,1984-05-31,1984Q1,SAME_PERIOD_DIFFERENT_DATE_FIRST_ROW_WINS,477461,477460,10,90.29400000000001,32.235,39.120000000000005,,141.894,51.539,4.315,-3.878,-4.001,10.204,15.188,
008782,3APGC,PALMER (ARNOLD) GOLF CO,1996-02-29,1995Q4,SAME_PERIOD_DIFFERENT_DATE_FIRST_ROW_WINS,485345,485344,10,15.567,14.294,1.1880000000000002,,18.560000000000002,18.894000000000002,-3.226,-3.504,0.0,10.167,4.6000000000000005,
008925,RADN,RADYNE CORP,1994-10-31,1994Q3,SAME_PERIOD_DIFFERENT_DATE_FIRST_ROW_WINS,495294,495293,10,1.687,4.461,0.194,,1.891,4.461,0.228,0.221,0.0,2.5940000000000003,0.0,
008925,RADN,RADYNE CORP,1995-01-31,1994Q4,SAME_PERIOD_DIFFERENT_DATE_FIRST_ROW_WINS,495296,495295,0,,,,,,,,,,,,
008926,BRD.3,RAGAN (BRAD) INC,1986-04-30,1986Q1,SAME_PERIOD_DIFFERENT_DATE_FIRST_ROW_WINS,495418,495417,10,77.637,35.337,12.353,,91.453,44.417,-1.0310000000000001,0.796,0.301,5.795,9.08,
008944,5853B,RAND INFORMATION SYS,1987-11-30,1987Q3,SAME_PERIOD_DIFFERENT_DATE_FIRST_ROW_WINS,496226,496225,0,,,,,,,,,,,,
008944,5853B,RAND INFORMATION SYS,1988-02-29,1987Q4,SAME_PERIOD_DIFFERENT_DATE_FIRST_ROW_WINS,496228,496227,0,,,,,,,,,,,,
009000,RDL.2,REDLAW INC,1978-10-31,1978Q3,SAME_PERIOD_DIFFERENT_DATE_FIRST_ROW_WINS,499148,499147,10,16.435000000000002,7.1770000000000005,4.316,,24.727,12.286000000000001,0.7020000000000001,0.681,0.302,1.909,3.9330000000000003,
009000,RDL.2,REDLAW INC,1979-01-31,1978Q4,SAME_PERIOD_DIFFERENT_DATE_FIRST_ROW_WINS,499150,499149,10,15.641,7.844,4.385,,23.973000000000003,11.258000000000001,0.657,0.5920000000000001,0.29500000000000004,3.536,2.222,
009111,FA1,REXNORD HOLDINGS INC-OLD,1986-10-31,1986Q3,SAME_PERIOD_DIFFERENT_DATE_FIRST_ROW_WINS,504570,504569,7,300.346,155.214,172.71300000000002,,824.4870000000001,438.81300000000005,,,,10.796000000000001,185.196,
009132,RHT.1,RICHTON INTERNATIONAL CORP,1994-04-30,1994Q1,SAME_PERIOD_DIFFERENT_DATE_FIRST_ROW_WINS,505941,505940,10,16.353,14.940000000000001,0.759,,21.841,19.829,-0.066,-0.228,-0.08800000000000001,8.92,4.889,
009167,3QNTX,QINTEX ENTERTAINMENT INC,1987-10-31,1987Q3,SAME_PERIOD_DIFFERENT_DATE_FIRST_ROW_WINS,507640,507639,0,,,,,,,,,,,,
009167,3QNTX,QINTEX ENTERTAINMENT INC,1988-01-31,1987Q4,SAME_PERIOD_DIFFERENT_DATE_FIRST_ROW_WINS,507642,507641,0,,,,,,,,,,,,
009167,3QNTX,QINTEX ENTERTAINMENT INC,1988-04-30,1988Q1,SAME_PERIOD_DIFFERENT_DATE_FIRST_ROW_WINS,507644,507643,0,,,,,,,,,,,,
009177,EDVC,ENDEVCO INC,2001-05-31,2001Q1,SAME_PERIOD_DIFFERENT_DATE_FIRST_ROW_WINS,508348,508347,0,,,,,,,,,,,,
009224,SKLNQ,SAFETY-KLEEN CORP,1996-11-30,1996Q3,SAME_PERIOD_DIFFERENT_DATE_FIRST_ROW_WINS,511257,511256,3,,,,,,,14.899000000000001,5.615,1.2,,,
009225,ROL,ROLLINS INC,1972-10-31,1972Q3,SAME_PERIOD_DIFFERENT_DATE_FIRST_ROW_WINS,511316,511315,5,,,,,,,6.179,5.554,2.553,9.097000000000001,33.746,
009225,ROL,ROLLINS INC,1973-01-31,1972Q4,SAME_PERIOD_DIFFERENT_DATE_FIRST_ROW_WINS,511318,511317,5,,,,,,,6.097,5.496,2.748,6.644,33.991,
009225,ROL,ROLLINS INC,1973-04-30,1973Q1,SAME_PERIOD_DIFFERENT_DATE_FIRST_ROW_WINS,511320,511319,10,44.86,17.711000000000002,29.627000000000002,,119.21300000000001,55.339000000000006,10.979000000000001,10.277000000000001,4.477,4.836,33.904,
009234,ROP.1,ROPER CORP,1976-10-31,1976Q3,SAME_PERIOD_DIFFERENT_DATE_FIRST_ROW_WINS,511909,511908,9,145.674,57.592000000000006,56.627,,203.15900000000002,123.602,11.158000000000001,1.925,0.9420000000000001,,64.535,
009234,ROP.1,ROPER CORP,1977-01-31,1976Q4,SAME_PERIOD_DIFFERENT_DATE_FIRST_ROW_WINS,511911,511910,9,136.71200000000002,47.565000000000005,53.994,,193.49200000000002,113.622,12.107000000000001,3.3280000000000003,1.822,,63.669000000000004,
009279,RPAML,ROYAL PALM BEACH COLONY  -LP,1985-01-31,1984Q4,SAME_PERIOD_DIFFERENT_DATE_FIRST_ROW_WINS,514396,514395,7,,,20.0,,30.727,17.338,-1.401,-1.363,-0.40700000000000003,,15.306000000000001,
009279,RPAML,ROYAL PALM BEACH COLONY  -LP,1985-04-30,1985Q1,SAME_PERIOD_DIFFERENT_DATE_FIRST_ROW_WINS,514398,514397,9,,4.494,19.331,,29.560000000000002,17.931,-1.667,-1.9320000000000002,-0.078,2.0060000000000002,12.897,
009281,ADMH,ADMIRALTY HOLDING,2001-05-31,2001Q1,SAME_PERIOD_DIFFERENT_DATE_FIRST_ROW_WINS,514658,514657,0,,,,,,,,,,,,
009617,5885C,SERVO CORP OF AMERICA,1970-01-31,1969Q4,SAME_PERIOD_DIFFERENT_DATE_FIRST_ROW_WINS,515400,515370,0,,,,,,,,,,,,
009301,RYK,RYKOFF-SEXTON INC,1995-10-31,1995Q3,SAME_PERIOD_DIFFERENT_DATE_FIRST_ROW_WINS,516332,516331,10,370.39500000000004,243.90900000000002,203.578,,604.089,389.36600000000004,2.567,4.795,1.9180000000000001,73.0,132.568,
009301,RYK,RYKOFF-SEXTON INC,1996-01-31,1995Q4,SAME_PERIOD_DIFFERENT_DATE_FIRST_ROW_WINS,516334,516333,10,372.747,266.079,208.93900000000002,,631.731,416.719,5.984,0.891,0.34700000000000003,115.888,137.89100000000002,
009301,RYK,RYKOFF-SEXTON INC,1996-04-30,1996Q1,SAME_PERIOD_DIFFERENT_DATE_FIRST_ROW_WINS,516336,516335,10,373.046,282.73900000000003,177.918,,611.856,419.356,-3.325,-37.913000000000004,-15.067,113.708,135.08100000000002,
009303,RFDS,RYMER FOODS INC,1984-01-31,1983Q4,SAME_PERIOD_DIFFERENT_DATE_FIRST_ROW_WINS,516596,516595,10,28.565,23.797,3.415,,61.055,56.204,2.689,1.5630000000000002,0.8300000000000001,15.110000000000001,31.189,
009434,3SVINV,SAVIN CORP,1985-04-30,1985Q1,SAME_PERIOD_DIFFERENT_DATE_FIRST_ROW_WINS,525323,525322,0,,,,,,,,,,,,
009438,4615B,SAXTON PRODUCTS INC,1985-05-31,1985Q1,SAME_PERIOD_DIFFERENT_DATE_FIRST_ROW_WINS,525541,525540,10,4.022,3.7110000000000003,1.1440000000000001,,5.348,3.9570000000000003,-0.47200000000000003,-0.497,-0.10400000000000001,1.6440000000000001,0.24600000000000002,
009503,4716B,SCOPE INC,1984-11-30,1984Q3,SAME_PERIOD_DIFFERENT_DATE_FIRST_ROW_WINS,528833,528826,3,,,,,,,0.21100000000000002,0.21200000000000002,0.022000000000000002,,,
009503,4716B,SCOPE INC,1985-02-28,1984Q4,SAME_PERIOD_DIFFERENT_DATE_FIRST_ROW_WINS,528846,528845,3,,,,,,,-0.15,-0.194,-0.019,,,
009538,SEB,SEABOARD CORP,1986-05-31,1986Q1,SAME_PERIOD_DIFFERENT_DATE_FIRST_ROW_WINS,531167,531166,10,155.936,79.034,61.556000000000004,,279.40000000000003,160.392,2.182,6.378,3.531,36.862,55.056000000000004,
009548,VO.3,SEAGRAM CO LTD,1995-10-31,1995Q3,SAME_PERIOD_DIFFERENT_DATE_FIRST_ROW_WINS,531848,531847,10,6079.0,3788.0,2747.0,,20495.0,9591.0,21.0,-61.0,-6.0,1112.0,2947.0,
009548,VO.3,SEAGRAM CO LTD,1996-01-31,1995Q4,SAME_PERIOD_DIFFERENT_DATE_FIRST_ROW_WINS,531850,531849,10,6640.0,3854.0,3596.0,,21355.0,10183.0,234.0,161.0,80.0,936.0,2889.0,
009567,SEWY,SEAWAY FOOD TOWN INC,1988-11-30,1988Q3,SAME_PERIOD_DIFFERENT_DATE_FIRST_ROW_WINS,533557,533556,10,60.052,47.645,55.119,,117.11500000000001,86.36200000000001,2.472,2.156,0.8190000000000001,2.343,34.895,
009602,SRM.1,SENSORMATIC ELECTRONICS,1991-11-30,1991Q3,SAME_PERIOD_DIFFERENT_DATE_FIRST_ROW_WINS,535272,535271,7,,,74.022,,435.166,196.663,11.806000000000001,10.484,2.4,,151.03300000000002,
009602,SRM.1,SENSORMATIC ELECTRONICS,1992-02-29,1991Q4,SAME_PERIOD_DIFFERENT_DATE_FIRST_ROW_WINS,535274,535273,7,,,81.70100000000001,,447.5,197.232,8.149000000000001,7.8740000000000006,1.8,,146.321,
009602,SRM.1,SENSORMATIC ELECTRONICS,1992-05-31,1992Q1,SAME_PERIOD_DIFFERENT_DATE_FIRST_ROW_WINS,535276,535275,8,,,83.543,,461.75100000000003,206.061,13.521,13.852,3.2,16.595000000000002,133.979,
009611,SCI,SERVICE CORP INTERNATIONAL,1989-04-30,1989Q1,SAME_PERIOD_DIFFERENT_DATE_FIRST_ROW_WINS,535683,535682,6,,76.89200000000001,499.26500000000004,,1871.817,1355.4,,,,11.005,454.947,
009669,SYNP.,SYNPRO ENVIRONMENT SVCS,1988-11-30,1988Q3,SAME_PERIOD_DIFFERENT_DATE_FIRST_ROW_WINS,539120,539119,0,,,,,,,,,,,,
009669,SYNP.,SYNPRO ENVIRONMENT SVCS,1989-02-28,1988Q4,SAME_PERIOD_DIFFERENT_DATE_FIRST_ROW_WINS,539122,539121,0,,,,,,,,,,,,
009678,LOTS,LOTSOFF CORP,1983-11-30,1983Q3,SAME_PERIOD_DIFFERENT_DATE_FIRST_ROW_WINS,539415,539414,3,,,,,,,0.327,0.393,0.157,,,
009774,0173A,SMITHFIELD FOODS INC -OLD,2014-04-30,2014Q1,SAME_PERIOD_DIFFERENT_DATE_FIRST_ROW_WINS,544883,544882,0,,,,,,,,,,,,
009889,SWF,SOUTHWEST FOREST INDUSTRIES,1969-04-30,1969Q1,SAME_PERIOD_DIFFERENT_DATE_FIRST_ROW_WINS,552606,552605,5,,,,,,,4.3660000000000005,3.133,1.0010000000000001,11.3,43.978,
009906,NCE2,SOUTHWESTERN PUBLIC SVC CO,1974-11-30,1974Q3,SAME_PERIOD_DIFFERENT_DATE_FIRST_ROW_WINS,553978,553977,4,,,444.60400000000004,,489.113,,,,,55.886,184.77100000000002,
009906,NCE2,SOUTHWESTERN PUBLIC SVC CO,1975-02-28,1974Q4,SAME_PERIOD_DIFFERENT_DATE_FIRST_ROW_WINS,553980,553979,4,,,452.687,,500.83000000000004,,,,,30.287000000000003,229.716,
010123,3TUBY,TUBBY'S INC,1989-02-28,1988Q4,SAME_PERIOD_DIFFERENT_DATE_FIRST_ROW_WINS,566414,566413,2,,,,,,,,0.066,0.016,,,
010123,3TUBY,TUBBY'S INC,1989-05-31,1989Q1,SAME_PERIOD_DIFFERENT_DATE_FIRST_ROW_WINS,566416,566415,3,,,,,,,-0.111,-0.18100000000000002,-0.054,,,
010238,SCOR.1,SYNCOR INTL CORP/DE,1994-05-31,1994Q1,SAME_PERIOD_DIFFERENT_DATE_FIRST_ROW_WINS,573238,573237,0,,,,,,,,,,,,
010255,SYI.1,SYSTEM INDUSTRIES INC,1982-10-31,1982Q3,SAME_PERIOD_DIFFERENT_DATE_FIRST_ROW_WINS,574238,574237,3,,,,,,,0.44,0.517,0.251,,,
010255,SYI.1,SYSTEM INDUSTRIES INC,1983-01-31,1982Q4,SAME_PERIOD_DIFFERENT_DATE_FIRST_ROW_WINS,574240,574239,3,,,,,,,0.448,0.504,0.21200000000000002,,,
010353,TISI,TEAM INC,2016-05-31,2016Q1,SAME_PERIOD_DIFFERENT_DATE_FIRST_ROW_WINS,579842,579841,0,,,,,,,,,,,,
010573,TIMM,TIMBERLINE MINERALS,1990-11-30,1990Q3,SAME_PERIOD_DIFFERENT_DATE_FIRST_ROW_WINS,594629,594628,10,0.009000000000000001,0.9740000000000001,2.839,,2.8600000000000003,1.0,-0.47700000000000004,-0.498,0.0,0.9740000000000001,0.026000000000000002,
010573,TIMM,TIMBERLINE MINERALS,1991-02-28,1990Q4,SAME_PERIOD_DIFFERENT_DATE_FIRST_ROW_WINS,594631,594630,10,0.009000000000000001,1.036,2.849,,2.869,1.062,-0.031,-0.052000000000000005,0.0,1.036,0.026000000000000002,
010573,TIMM,TIMBERLINE MINERALS,1991-05-31,1991Q1,SAME_PERIOD_DIFFERENT_DATE_FIRST_ROW_WINS,594633,594632,10,0.021,1.322,2.865,,2.898,1.349,-0.233,-0.258,0.0,1.217,0.027,
010743,OIL.7,TRITON ENERGY LTD,1995-05-31,1995Q1,SAME_PERIOD_DIFFERENT_DATE_FIRST_ROW_WINS,604810,604809,0,,,,,,,,,,,,
010744,TGL.1,TRITON GROUP LTD  -OLD,1985-05-31,1985Q1,SAME_PERIOD_DIFFERENT_DATE_FIRST_ROW_WINS,604893,604892,7,155.821,88.729,100.73100000000001,,309.111,241.25400000000002,,,,8.0,140.77100000000002,
010774,2888A,TWENTIETH CENTURY-FOX FILM,1981-11-30,1981Q3,SAME_PERIOD_DIFFERENT_DATE_FIRST_ROW_WINS,606210,606209,10,274.813,204.321,42.379000000000005,,899.6740000000001,356.793,8.073,12.84,9.641,0.0,104.337,
010774,2888A,TWENTIETH CENTURY-FOX FILM,1982-02-28,1981Q4,SAME_PERIOD_DIFFERENT_DATE_FIRST_ROW_WINS,606212,606211,10,283.22200000000004,213.23000000000002,45.766000000000005,,891.211,431.607,-7.064,-3.0370000000000004,2.019,0.0,173.042,
010787,TYC,TYCO INTERNATIONAL PLC,1989-11-30,1989Q3,SAME_PERIOD_DIFFERENT_DATE_FIRST_ROW_WINS,607026,607025,10,700.014,490.615,286.46700000000004,,1355.862,809.8710000000001,57.462,46.477000000000004,17.406000000000002,156.943,290.897,
010787,TYC,TYCO INTERNATIONAL PLC,1990-02-28,1989Q4,SAME_PERIOD_DIFFERENT_DATE_FIRST_ROW_WINS,607028,607027,10,688.32,491.747,297.403,,1363.064,789.9010000000001,48.667,40.138000000000005,13.832,145.94400000000002,270.265,
010787,TYC,TYCO INTERNATIONAL PLC,1990-05-31,1990Q1,SAME_PERIOD_DIFFERENT_DATE_FIRST_ROW_WINS,607030,607029,10,732.4240000000001,512.6510000000001,303.66900000000004,,1416.556,809.182,64.2,55.065000000000005,19.831,119.492,269.776,
010847,UMX.,UNIMAX CORP,1979-11-30,1979Q3,SAME_PERIOD_DIFFERENT_DATE_FIRST_ROW_WINS,607310,607301,0,,,,,,,,,,,,
010847,UMX.,UNIMAX CORP,1980-02-29,1979Q4,SAME_PERIOD_DIFFERENT_DATE_FIRST_ROW_WINS,607340,607326,0,,,,,,,,,,,,
010807,2912B,UMF SYSTEMS INC,1988-04-30,1988Q1,SAME_PERIOD_DIFFERENT_DATE_FIRST_ROW_WINS,608743,608742,10,0.185,0.07300000000000001,0.0,,0.307,0.094,0.005,0.008,-0.005,0.05,0.0,
010918,UNT.1,UNITED NATIONAL CORP,1980-02-29,1979Q4,SAME_PERIOD_DIFFERENT_DATE_FIRST_ROW_WINS,617322,617321,9,,6.996,51.154,,63.249,57.02,0.649,-0.232,-0.218,3.3000000000000003,44.858000000000004,
010938,BSIN,BIG SKY INDUSTRIAL INC,2003-05-31,2003Q1,SAME_PERIOD_DIFFERENT_DATE_FIRST_ROW_WINS,618240,618239,0,,,,,,,,,,,,
010939,3ESPO,ESPERO ENERGY CORP,1982-05-31,1982Q1,SAME_PERIOD_DIFFERENT_DATE_FIRST_ROW_WINS,618362,618361,0,,,,,,,,,,,,
010960,USMX.1,USMX INC,1987-05-31,1987Q1,SAME_PERIOD_DIFFERENT_DATE_FIRST_ROW_WINS,619179,619178,7,4.928,0.14,1.228,,6.162,0.14,,,,0.0,0.0,
011010,CANRQ,CANARGO ENERGY CORP,1994-11-30,1994Q3,SAME_PERIOD_DIFFERENT_DATE_FIRST_ROW_WINS,622891,622890,10,1.03,0.55,0.882,,4.352,0.7250000000000001,-0.562,-0.556,0.0,0.29500000000000004,0.0,
011070,AROX,ALDEROX INC,1983-11-30,1983Q3,SAME_PERIOD_DIFFERENT_DATE_FIRST_ROW_WINS,626707,626706,10,1.5310000000000001,2.426,0.9560000000000001,,2.7110000000000003,4.4430000000000005,-0.5900000000000001,-0.665,0.0,1.439,2.017,
011070,AROX,ALDEROX INC,1984-02-29,1983Q4,SAME_PERIOD_DIFFERENT_DATE_FIRST_ROW_WINS,626709,626708,10,1.362,1.5470000000000002,0.909,,2.5060000000000002,1.5590000000000002,-0.599,-0.625,0.0,0.299,0.012,
011091,VR.2,VALLEY RESOURCES INC,1977-11-30,1977Q3,SAME_PERIOD_DIFFERENT_DATE_FIRST_ROW_WINS,627669,627668,10,5.265000000000001,5.848,18.301000000000002,,24.453,16.375,-0.17300000000000001,-0.321,-0.18000000000000002,2.91,8.23,
011091,VR.2,VALLEY RESOURCES INC,1978-02-28,1977Q4,SAME_PERIOD_DIFFERENT_DATE_FIRST_ROW_WINS,627671,627670,10,6.376,7.6850000000000005,18.227,,25.443,16.907,0.9710000000000001,0.8470000000000001,0.261,2.81,8.23,
011264,WBA,WALGREENS BOOTS ALLIANCE INC,1974-11-30,1974Q3,SAME_PERIOD_DIFFERENT_DATE_FIRST_ROW_WINS,637576,637575,2,,,,,,,,1.885,0.5640000000000001,,,
011310,ZRBA,ZAREBA SYSTEMS INC,1990-10-31,1990Q3,SAME_PERIOD_DIFFERENT_DATE_FIRST_ROW_WINS,641216,641215,7,5.683,1.5110000000000001,1.012,,6.95,1.594,,,,0.24400000000000002,0.026000000000000002,
011310,ZRBA,ZAREBA SYSTEMS INC,1991-01-31,1990Q4,SAME_PERIOD_DIFFERENT_DATE_FIRST_ROW_WINS,641218,641217,10,5.274,1.689,1.077,,6.563000000000001,1.732,-0.5780000000000001,-0.994,-0.35400000000000004,0.009000000000000001,0.026000000000000002,
011349,WDTR,WELDOTRON CORP,1986-05-31,1986Q1,SAME_PERIOD_DIFFERENT_DATE_FIRST_ROW_WINS,643683,643682,6,26.713,10.655000000000001,3.369,,34.120000000000005,16.624000000000002,,,,,5.352,
011511,WSM,WILLIAMS-SONOMA INC,1985-04-30,1985Q1,SAME_PERIOD_DIFFERENT_DATE_FIRST_ROW_WINS,653234,653233,10,17.852,7.4990000000000006,5.795,,24.027,9.228,0.29600000000000004,0.279,0.117,0.343,1.729,
011543,6100B,WINJAK INC  -CL A,1976-02-29,1975Q4,SAME_PERIOD_DIFFERENT_DATE_FIRST_ROW_WINS,655146,655145,10,44.693000000000005,9.551,6.5760000000000005,,52.281000000000006,19.551000000000002,4.183,4.386,2.228,0.0,10.0,
011669,ZLC,ZALE CORP,1993-10-31,1993Q3,SAME_PERIOD_DIFFERENT_DATE_FIRST_ROW_WINS,662256,662255,10,872.676,190.851,34.118,,1002.248,654.543,0.267,-6.123,0.024,3.863,348.036,
011669,ZLC,ZALE CORP,1994-01-31,1993Q4,SAME_PERIOD_DIFFERENT_DATE_FIRST_ROW_WINS,662258,662257,3,,,,,,,59.512,52.415,14.873000000000001,,,
011669,ZLC,ZALE CORP,1994-04-30,1994Q1,SAME_PERIOD_DIFFERENT_DATE_FIRST_ROW_WINS,662260,662259,3,,,,,,,0.752,-6.356,-1.8980000000000001,,,
011747,TMG.1,TRANSMONTAIGNE INC,1997-10-31,1997Q3,SAME_PERIOD_DIFFERENT_DATE_FIRST_ROW_WINS,666099,666097,10,152.684,53.25,119.405,,292.409,142.215,4.995,3.867,1.47,0.0,88.965,
011747,TMG.1,TRANSMONTAIGNE INC,1998-01-31,1997Q4,SAME_PERIOD_DIFFERENT_DATE_FIRST_ROW_WINS,666101,666100,10,146.092,47.038000000000004,156.53400000000002,,323.587,171.52800000000002,4.6240000000000006,2.818,1.1,0.0,124.49000000000001,
011747,TMG.1,TRANSMONTAIGNE INC,1998-04-30,1998Q1,SAME_PERIOD_DIFFERENT_DATE_FIRST_ROW_WINS,666103,666102,10,140.01000000000002,45.617000000000004,167.76600000000002,,323.305,175.501,3.927,1.8350000000000002,1.322,0.0,128.97,
011806,KPT.2,KENNER PARKER TOYS INC,1985-05-31,1985Q1,SAME_PERIOD_DIFFERENT_DATE_FIRST_ROW_WINS,668687,668686,10,305.173,143.423,83.753,,430.211,154.49,-54.544000000000004,-30.439,-14.068000000000001,37.143,8.331,
011818,BSC.1,BEAR STEARNS COMPANIES INC,1987-10-31,1987Q3,SAME_PERIOD_DIFFERENT_DATE_FIRST_ROW_WINS,669155,669154,8,,,129.876,,31902.906000000003,30939.859,185.255,-4.783,-5.196000000000001,23868.906000000003,386.34200000000004,
011818,BSC.1,BEAR STEARNS COMPANIES INC,1988-01-31,1987Q4,SAME_PERIOD_DIFFERENT_DATE_FIRST_ROW_WINS,669157,669156,8,,,144.29500000000002,,30262.406000000003,29276.122000000003,209.56400000000002,51.159,14.355,22256.004,386.348,
011818,BSC.1,BEAR STEARNS COMPANIES INC,1988-04-30,1988Q1,SAME_PERIOD_DIFFERENT_DATE_FIRST_ROW_WINS,669159,669158,8,,,172.15,,32170.809,31146.123000000003,237.65300000000002,82.271,24.525000000000002,21791.305,385.85400000000004,
011834,SBNR,SUNBELT NURSERY GROUP INC/DE,1995-10-31,1995Q3,SAME_PERIOD_DIFFERENT_DATE_FIRST_ROW_WINS,669854,669853,10,30.098000000000003,26.061,13.804,,63.505,37.008,-3.66,-4.017,0.0,2.633,10.081000000000001,
011834,SBNR,SUNBELT NURSERY GROUP INC/DE,1996-01-31,1995Q4,SAME_PERIOD_DIFFERENT_DATE_FIRST_ROW_WINS,669856,669855,10,28.723000000000003,28.197000000000003,11.731,,40.675000000000004,40.639,-5.69,-26.46,0.0,0.658,11.473,
011866,FOAM,LAMONTS APPAREL INC,1990-01-31,1989Q4,SAME_PERIOD_DIFFERENT_DATE_FIRST_ROW_WINS,671050,671049,10,80.745,21.176000000000002,89.063,,187.02,168.632,4.7860000000000005,0.23600000000000002,0.067,0.859,143.79600000000002,
012105,5784B,NORCAP FINANCIAL CORP,1989-11-30,1989Q3,SAME_PERIOD_DIFFERENT_DATE_FIRST_ROW_WINS,679940,679939,0,,,,,,,,,,,,
012124,MS,MORGAN STANLEY,1995-02-28,1994Q4,SAME_PERIOD_DIFFERENT_DATE_FIRST_ROW_WINS,680932,680931,0,,,,,,,,,,,,
012210,AUTO.2,AUTOINFO INC,1996-03-31,1996Q1,SAME_PERIOD_DIFFERENT_DATE_FIRST_ROW_WINS,685456,681013,7,,,0.519,,64.177,32.521,1.3070000000000002,0.48500000000000004,0.083,,30.897000000000002,
012243,CEMC,CENTURY MEDICORP,1988-11-30,1988Q3,SAME_PERIOD_DIFFERENT_DATE_FIRST_ROW_WINS,687258,687257,0,,,,,,,,,,,,
012243,CEMC,CENTURY MEDICORP,1989-02-28,1988Q4,SAME_PERIOD_DIFFERENT_DATE_FIRST_ROW_WINS,687260,687259,0,,,,,,,,,,,,
012253,ROIX,RESPONSE ONCOLOGY,1991-04-30,1991Q1,SAME_PERIOD_DIFFERENT_DATE_FIRST_ROW_WINS,687826,687825,10,4.335,1.653,1.062,,5.773000000000001,1.6740000000000002,-0.332,-0.28,0.0,0.08600000000000001,0.021,
012381,AVAN.1,AVANT IMMUNOTHERAPEUTICS-OLD,1992-04-30,1992Q1,SAME_PERIOD_DIFFERENT_DATE_FIRST_ROW_WINS,693953,693952,10,24.238,3.358,1.9280000000000002,,27.023,3.358,-1.863,-1.5530000000000002,0.0,0.0,0.0,
012405,AVSS,AVESIS INC,1999-05-31,1999Q1,SAME_PERIOD_DIFFERENT_DATE_FIRST_ROW_WINS,695830,695829,10,3.197,1.546,0.466,,3.8970000000000002,1.566,0.322,0.331,0.013000000000000001,0.01,0.02,
012412,3BPCO,BONNEVILLE PACIFIC CORP,1991-04-30,1991Q1,SAME_PERIOD_DIFFERENT_DATE_FIRST_ROW_WINS,696316,696315,0,,,,,,,,,,,,
012469,CYTB,CRYSTAL BRANDS,1986-05-31,1986Q1,SAME_PERIOD_DIFFERENT_DATE_FIRST_ROW_WINS,699595,699594,10,194.904,52.903000000000006,55.671,,294.538,106.69300000000001,4.9430000000000005,2.128,0.903,11.639000000000001,50.314,
012508,3AOGAE,APPALACHIAN OIL & GAS CO INC,1985-11-30,1985Q3,SAME_PERIOD_DIFFERENT_DATE_FIRST_ROW_WINS,701722,701721,10,0.5800000000000001,1.073,3.0130000000000003,,5.1450000000000005,2.375,-0.028,-0.051000000000000004,-0.003,0.079,1.302,
012508,3AOGAE,APPALACHIAN OIL & GAS CO INC,1986-02-28,1985Q4,SAME_PERIOD_DIFFERENT_DATE_FIRST_ROW_WINS,701724,701723,10,0.64,0.7000000000000001,0.808,,2.386,1.9540000000000002,-0.28400000000000003,-0.434,-0.009000000000000001,0.067,1.234,
012550,SMTQQ,SMITH TECHNOLOGY CORP,1996-02-29,1995Q4,SAME_PERIOD_DIFFERENT_DATE_FIRST_ROW_WINS,702956,702955,0,,,,,,,,,,,,
012559,FSYS,FUEL SYSTEMS SOLUTIONS INC,2003-04-30,2003Q1,SAME_PERIOD_DIFFERENT_DATE_FIRST_ROW_WINS,704205,704204,0,,,,,,,,,,,,
012560,LXUH,PRIMESOURCE HEALTHCARE INC,2000-10-31,2000Q3,SAME_PERIOD_DIFFERENT_DATE_FIRST_ROW_WINS,704328,704327,10,4.109,5.994000000000001,0.431,,4.751,5.994000000000001,-0.741,-0.874,0.0,2.958,0.0,
012680,IMJX,IMAGEXPRES CORP,1989-04-30,1989Q1,SAME_PERIOD_DIFFERENT_DATE_FIRST_ROW_WINS,711415,711414,0,,,,,,,,,,,,
012794,3FMTGE,FARRAGUT MORTGAGE CO INC,1986-04-30,1986Q1,SAME_PERIOD_DIFFERENT_DATE_FIRST_ROW_WINS,718169,718168,8,,,0.47600000000000003,,54.984,52.46,5.519,2.1590000000000003,1.1300000000000001,50.271,0.0,
012807,GTII,GLOBAL TECH INDS GROUP INC,2000-05-31,2000Q1,SAME_PERIOD_DIFFERENT_DATE_FIRST_ROW_WINS,719145,719144,0,,,,,,,,,,,,
012822,FDRC,FEDERAL RESOURCES CORP,1986-04-30,1986Q1,SAME_PERIOD_DIFFERENT_DATE_FIRST_ROW_WINS,720011,720010,10,0.433,1.0150000000000001,5.244000000000001,,5.747,7.916,-0.319,-0.779,-0.019,0.341,6.9,
012843,CVII.1,CONVERSION INDS INC,1990-11-30,1990Q3,SAME_PERIOD_DIFFERENT_DATE_FIRST_ROW_WINS,721325,721324,10,4.917,6.134,12.954,,21.955000000000002,10.17,-1.325,-2.761,0.35100000000000003,2.43,2.919,
013015,MEGZ,MEGAHERTZ HOLDING CORP,1988-10-31,1988Q3,SAME_PERIOD_DIFFERENT_DATE_FIRST_ROW_WINS,728614,728613,10,1.21,0.674,0.542,,2.13,0.878,0.063,0.095,0.0,0.48900000000000005,0.20400000000000001,
013015,MEGZ,MEGAHERTZ HOLDING CORP,1989-01-31,1988Q4,SAME_PERIOD_DIFFERENT_DATE_FIRST_ROW_WINS,728616,728615,10,0.9550000000000001,0.534,0.518,,1.985,0.8380000000000001,-0.18100000000000002,-0.10600000000000001,0.0,0.28300000000000003,0.304,
013015,MEGZ,MEGAHERTZ HOLDING CORP,1989-04-30,1989Q1,SAME_PERIOD_DIFFERENT_DATE_FIRST_ROW_WINS,728618,728617,10,1.5470000000000002,0.41100000000000003,0.528,,2.6340000000000003,0.624,0.10600000000000001,0.003,0.0,0.092,0.21300000000000002,
013016,DTLN,DATA TRANSMISSION NETWORK,1986-05-31,1986Q1,SAME_PERIOD_DIFFERENT_DATE_FIRST_ROW_WINS,728646,728645,10,1.5530000000000002,0.096,0.249,,1.8880000000000001,0.534,-0.78,-0.887,-0.082,0.0,0.3,
013069,3GSCDE,GASCARD INC/DE,1988-11-30,1988Q3,SAME_PERIOD_DIFFERENT_DATE_FIRST_ROW_WINS,730908,730907,10,1.499,0.925,0.527,,2.208,0.925,-0.28,-0.276,0.0,0.01,0.0,
013069,3GSCDE,GASCARD INC/DE,1989-02-28,1988Q4,SAME_PERIOD_DIFFERENT_DATE_FIRST_ROW_WINS,730910,730909,10,1.4260000000000002,1.106,0.5760000000000001,,2.1870000000000003,1.106,-0.201,-0.202,0.0,0.0,0.0,
013069,3GSCDE,GASCARD INC/DE,1989-05-31,1989Q1,SAME_PERIOD_DIFFERENT_DATE_FIRST_ROW_WINS,730913,730911,10,1.597,1.372,0.669,,2.289,1.372,-0.153,-0.164,0.0,0.0,0.0,
013117,AMMRQ,AMRE INC,1992-04-30,1992Q1,SAME_PERIOD_DIFFERENT_DATE_FIRST_ROW_WINS,732468,732467,0,,,,,,,,,,,,
013187,EACO.1,EACO CORP-OLD,2009-11-30,2009Q3,SAME_PERIOD_DIFFERENT_DATE_FIRST_ROW_WINS,736281,736280,12,0.055,13.029,10.547,0.0,11.936,16.272000000000002,-0.167,-0.386,0.0,12.411000000000001,0.0,0.391
013187,EACO.1,EACO CORP-OLD,2010-02-28,2009Q4,SAME_PERIOD_DIFFERENT_DATE_FIRST_ROW_WINS,736283,736282,12,0.093,13.530000000000001,10.466000000000001,0.0,11.939,16.69,-0.20400000000000001,-0.41500000000000004,0.0,12.903,0.0,0.5474
013312,BHP,BHP GROUP LTD,1999-11-30,1999Q3,SAME_PERIOD_DIFFERENT_DATE_FIRST_ROW_WINS,741245,741244,3,,,,,,,430.42400000000004,419.34900000000005,33.677,,,
013312,BHP,BHP GROUP LTD,2000-02-29,1999Q4,SAME_PERIOD_DIFFERENT_DATE_FIRST_ROW_WINS,741247,741246,0,,,,,,,,,,,,
013312,BHP,BHP GROUP LTD,2000-03-31,2000Q1,SAME_PERIOD_DIFFERENT_DATE_FIRST_ROW_WINS,741248,711310,0,,,,,,,,,,,,
013379,MHDG.,MARK HOLDINGS INC,1993-10-31,1993Q3,SAME_PERIOD_DIFFERENT_DATE_FIRST_ROW_WINS,745244,745243,10,1.87,0.6970000000000001,0.079,,1.9740000000000002,0.6970000000000001,-0.10300000000000001,-0.10300000000000001,0.0,0.0,0.0,
013379,MHDG.,MARK HOLDINGS INC,1994-01-31,1993Q4,SAME_PERIOD_DIFFERENT_DATE_FIRST_ROW_WINS,745246,745245,0,,,,,,,,,,,,
013379,MHDG.,MARK HOLDINGS INC,1994-04-30,1994Q1,SAME_PERIOD_DIFFERENT_DATE_FIRST_ROW_WINS,745248,745247,0,,,,,,,,,,,,
013392,NWBD,NEW WORLD BRANDS INC,2006-05-31,2006Q1,SAME_PERIOD_DIFFERENT_DATE_FIRST_ROW_WINS,745985,745984,11,0.366,0.376,0.0,0.0,0.392,0.601,-0.28900000000000003,-0.255,0.0,0.197,0.225,
013437,GNXE,GENER8XION ENTERTAINMENT INC,2003-02-28,2002Q4,SAME_PERIOD_DIFFERENT_DATE_FIRST_ROW_WINS,748504,748503,0,,,,,,,,,,,,
013468,MYCO.1,MYCOGEN CORP,1994-11-30,1994Q3,SAME_PERIOD_DIFFERENT_DATE_FIRST_ROW_WINS,749673,749672,3,,,,,,,-7.5440000000000005,-7.015000000000001,0.0,,,
013468,MYCO.1,MYCOGEN CORP,1995-02-28,1994Q4,SAME_PERIOD_DIFFERENT_DATE_FIRST_ROW_WINS,749675,749674,3,,,,,,,-1.21,-0.8390000000000001,0.0,,,
013483,ECGN,ECOGEN INC,1995-01-31,1994Q4,SAME_PERIOD_DIFFERENT_DATE_FIRST_ROW_WINS,750699,750698,10,15.764000000000001,7.317,1.814,,18.231,8.571,-2.349,-11.397,0.0,0.0,0.0,
013638,TIGR.1,TIGER DIRECT INC,1988-05-31,1988Q1,SAME_PERIOD_DIFFERENT_DATE_FIRST_ROW_WINS,758864,758863,10,0.468,0.083,0.07400000000000001,,0.661,0.22,0.29700000000000004,0.28400000000000003,0.0,0.015000000000000001,0.137,
013657,AIQ.1,ALLIANCE HEALTHCARE SVCS INC,1989-04-30,1989Q1,SAME_PERIOD_DIFFERENT_DATE_FIRST_ROW_WINS,759675,759674,0,,,,,,,,,,,,
013712,6685B,ALERIS CORP,1986-05-31,1986Q1,SAME_PERIOD_DIFFERENT_DATE_FIRST_ROW_WINS,761423,761422,3,,,,,,,-0.47900000000000004,-0.681,0.0,,,
013731,5772B,MALIBU CAPITAL CORP,1986-11-30,1986Q3,SAME_PERIOD_DIFFERENT_DATE_FIRST_ROW_WINS,762303,762302,3,,,,,,,0.01,0.009000000000000001,0.004,,,
013731,5772B,MALIBU CAPITAL CORP,1987-02-28,1986Q4,SAME_PERIOD_DIFFERENT_DATE_FIRST_ROW_WINS,762305,762304,10,0.115,0.216,0.066,,1.1700000000000002,0.545,-0.08900000000000001,-0.08900000000000001,-0.041,0.0,0.0,
013789,AIRM,AIR METHODS CORP,1990-10-31,1990Q3,SAME_PERIOD_DIFFERENT_DATE_FIRST_ROW_WINS,764341,764340,10,10.96,0.731,0.8510000000000001,,12.579,1.0450000000000002,-1.2,-0.9760000000000001,0.0,0.459,0.314,
013789,AIRM,AIR METHODS CORP,1991-01-31,1990Q4,SAME_PERIOD_DIFFERENT_DATE_FIRST_ROW_WINS,764343,764342,10,9.745000000000001,0.554,0.754,,11.282,0.804,-1.2990000000000002,-1.08,0.0,0.36000000000000004,0.25,
013789,AIRM,AIR METHODS CORP,1991-04-30,1991Q1,SAME_PERIOD_DIFFERENT_DATE_FIRST_ROW_WINS,764345,764344,10,8.8,1.901,0.383,,9.585,2.092,-1.278,-3.0250000000000004,0.0,0.281,0.191,
013843,WEGI,WINDSWEPT ENVIRONMENTAL GRP,2000-10-31,2000Q3,SAME_PERIOD_DIFFERENT_DATE_FIRST_ROW_WINS,766444,766443,10,4.178,5.162,1.532,,5.944,7.994000000000001,0.115,0.031,0.0,1.119,2.8320000000000003,
013843,WEGI,WINDSWEPT ENVIRONMENTAL GRP,2001-01-31,2000Q4,SAME_PERIOD_DIFFERENT_DATE_FIRST_ROW_WINS,766446,766445,10,6.227,5.149,1.4360000000000002,,7.884,7.9830000000000005,1.7610000000000001,1.6860000000000002,0.48000000000000004,0.768,2.834,
013843,WEGI,WINDSWEPT ENVIRONMENTAL GRP,2001-04-30,2001Q1,SAME_PERIOD_DIFFERENT_DATE_FIRST_ROW_WINS,766448,766447,10,7.256,6.703,1.345,,8.806000000000001,8.83,0.5660000000000001,0.49200000000000005,0.066,1.699,2.1270000000000002,
013850,3TONS,TONS OF TOYS INC,1988-05-31,1988Q1,SAME_PERIOD_DIFFERENT_DATE_FIRST_ROW_WINS,766591,766590,0,,,,,,,,,,,,
013914,3CLCP,CALCOMP TECHNOLOGY INC,1996-05-31,1996Q1,SAME_PERIOD_DIFFERENT_DATE_FIRST_ROW_WINS,768719,768718,10,30.452,31.727,3.6310000000000002,,43.078,35.27,-1.699,-1.5430000000000001,0.0,13.535,0.8410000000000001,
013936,ANTS,ANTS SOFTWARE INC,2001-04-30,2001Q1,SAME_PERIOD_DIFFERENT_DATE_FIRST_ROW_WINS,769571,769570,0,,,,,,,,,,,,
013937,3CTIA,COMMUNICATIONS TRANSMISSION,1990-05-31,1990Q1,SAME_PERIOD_DIFFERENT_DATE_FIRST_ROW_WINS,769632,769631,0,,,,,,,,,,,,
014002,3NRCNA,NORTHLAND CRANBERRIES  -CL A,1994-11-30,1994Q3,SAME_PERIOD_DIFFERENT_DATE_FIRST_ROW_WINS,771829,771828,3,,,,,,,9.823,8.836,3.4730000000000003,,,
014002,3NRCNA,NORTHLAND CRANBERRIES  -CL A,1995-02-28,1994Q4,SAME_PERIOD_DIFFERENT_DATE_FIRST_ROW_WINS,771831,771830,3,,,,,,,-1.129,-2.21,-0.863,,,
014002,3NRCNA,NORTHLAND CRANBERRIES  -CL A,1995-05-31,1995Q1,SAME_PERIOD_DIFFERENT_DATE_FIRST_ROW_WINS,771833,771832,3,,,,,,,-1.26,-2.3440000000000003,-0.91,,,
014016,GMLI,MAGIC LANTERN GROUP INC,1989-05-31,1989Q1,SAME_PERIOD_DIFFERENT_DATE_FIRST_ROW_WINS,772534,772533,0,,,,,,,,,,,,
014133,PA.5,PIMCO ADVISORS HOLDINGS  -LP,1998-04-30,1998Q1,SAME_PERIOD_DIFFERENT_DATE_FIRST_ROW_WINS,776595,776594,0,,,,,,,,,,,,
014189,FLTR.1,FILMSTAR INC,1988-11-30,1988Q3,SAME_PERIOD_DIFFERENT_DATE_FIRST_ROW_WINS,779047,779046,10,1.314,1.26,0.654,,2.181,1.6360000000000001,0.049,-0.006,0.0,0.025,0.37,
014189,FLTR.1,FILMSTAR INC,1989-02-28,1988Q4,SAME_PERIOD_DIFFERENT_DATE_FIRST_ROW_WINS,779049,779048,7,3.471,4.069,2.68,,6.541,5.71,,,,0.069,1.495,
014189,FLTR.1,FILMSTAR INC,1989-05-31,1989Q1,SAME_PERIOD_DIFFERENT_DATE_FIRST_ROW_WINS,779051,779050,8,,,4.4910000000000005,,6.801,6.714,-0.729,-0.751,0.0,0.8460000000000001,0.14300000000000002,
014222,3AEGSY,AEGIS GROUP PLC,1987-10-31,1987Q3,SAME_PERIOD_DIFFERENT_DATE_FIRST_ROW_WINS,780240,780239,0,,,,,,,,,,,,
014222,3AEGSY,AEGIS GROUP PLC,1988-01-31,1987Q4,SAME_PERIOD_DIFFERENT_DATE_FIRST_ROW_WINS,780242,780241,0,,,,,,,,,,,,
014222,3AEGSY,AEGIS GROUP PLC,1988-04-30,1988Q1,SAME_PERIOD_DIFFERENT_DATE_FIRST_ROW_WINS,780244,780243,10,135.282,139.28900000000002,30.625,,179.81900000000002,161.53,27.976000000000003,34.288000000000004,11.673,12.56,12.398000000000001,
014271,3UNRC,UNICO INC/NM,1997-11-30,1997Q3,SAME_PERIOD_DIFFERENT_DATE_FIRST_ROW_WINS,783148,783147,7,1.46,0.29700000000000004,1.04,,3.2600000000000002,0.35900000000000004,,,,0.17800000000000002,0.0,
014271,3UNRC,UNICO INC/NM,1998-02-28,1997Q4,SAME_PERIOD_DIFFERENT_DATE_FIRST_ROW_WINS,783150,783149,7,1.3900000000000001,0.097,1.0070000000000001,,3.174,0.155,,,,0.0,0.0,
014382,YOCM,YOCREAM INTERNATIONAL INC,1992-01-31,1991Q4,SAME_PERIOD_DIFFERENT_DATE_FIRST_ROW_WINS,787175,787174,10,1.999,1.943,1.463,,3.709,2.6260000000000003,-0.042,-0.07100000000000001,0.0,1.159,0.683,
014502,RCG.1,RESURGENS COMMUNICATIONS GP,1989-11-30,1989Q3,SAME_PERIOD_DIFFERENT_DATE_FIRST_ROW_WINS,792342,792341,0,,,,,,,,,,,,
014581,MGCD,MGC DIAGNOSTICS CORP,2003-01-31,2002Q4,SAME_PERIOD_DIFFERENT_DATE_FIRST_ROW_WINS,795783,795782,11,10.549000000000001,3.327,2.005,0.0,20.609,3.327,-0.634,-0.624,0.0,0.0,0.0,
014638,AAIIQ,ALABAMA AIRCRAFT INDUSTRIES,1988-04-30,1988Q1,SAME_PERIOD_DIFFERENT_DATE_FIRST_ROW_WINS,799326,799325,10,7.936,5.6450000000000005,1.463,,10.581000000000001,7.622000000000001,0.319,-0.392,0.085,1.671,1.7100000000000002,
014652,ULAB,UNILAB CORP,1990-05-31,1990Q1,SAME_PERIOD_DIFFERENT_DATE_FIRST_ROW_WINS,800157,800156,10,32.928000000000004,30.087,13.977,,148.66500000000002,90.259,-2.24,-5.6690000000000005,-0.9430000000000001,11.97,59.336000000000006,
015143,BKT,BLACKROCK INCOME TRUST INC,2007-11-30,2007Q3,SAME_PERIOD_DIFFERENT_DATE_FIRST_ROW_WINS,806202,806192,0,,,,,,,,,,,,
014883,HOMZQ,HOME PRODUCTS INTL INC,1990-05-31,1990Q1,SAME_PERIOD_DIFFERENT_DATE_FIRST_ROW_WINS,809160,809159,10,17.853,5.336,10.24,,30.741000000000003,12.631,0.42000000000000004,0.604,0.224,2.218,7.138,
014920,3TRPCE,TROPIC AIR CARGO INC,1998-04-30,1998Q1,SAME_PERIOD_DIFFERENT_DATE_FIRST_ROW_WINS,811347,811346,0,,,,,,,,,,,,
014921,5547B,PIGGLY WIGGLY ALABAMA DISTR,1987-10-31,1987Q3,SAME_PERIOD_DIFFERENT_DATE_FIRST_ROW_WINS,811353,811352,10,23.452,16.652,24.810000000000002,,49.925000000000004,40.796,0.543,0.1,0.047,0.666,24.144000000000002,
014921,5547B,PIGGLY WIGGLY ALABAMA DISTR,1988-01-31,1987Q4,SAME_PERIOD_DIFFERENT_DATE_FIRST_ROW_WINS,811355,811354,10,19.11,12.353,25.351000000000003,,46.115,36.697,0.321,0.1,0.049,0.682,24.103,
014985,VASO,VASO CORP,2012-05-31,2012Q1,SAME_PERIOD_DIFFERENT_DATE_FIRST_ROW_WINS,814196,814195,0,,,,,,,,,,,,
015274,WLTGQ,WALTER ENERGY INC,2000-05-31,2000Q1,SAME_PERIOD_DIFFERENT_DATE_FIRST_ROW_WINS,824011,824010,8,,,467.71700000000004,,3207.8880000000004,3000.981,-125.35300000000001,-173.99800000000002,-43.713,24.950000000000003,2279.112,
015329,CAIRE,CONQUEST INDUSTRIES INC,1994-02-28,1993Q4,SAME_PERIOD_DIFFERENT_DATE_FIRST_ROW_WINS,826377,826376,10,7.485,1.7590000000000001,2.245,,11.167,2.028,-1.437,-1.3980000000000001,0.0,0.116,0.269,
015329,CAIRE,CONQUEST INDUSTRIES INC,1994-05-31,1994Q1,SAME_PERIOD_DIFFERENT_DATE_FIRST_ROW_WINS,826379,826378,10,7.138,2.2800000000000002,2.3040000000000003,,10.223,2.496,-1.365,-1.411,0.0,0.139,0.216,
015464,NPP,NUVEEN PERFORM PLUS MUNI,1992-02-29,1991Q4,SAME_PERIOD_DIFFERENT_DATE_FIRST_ROW_WINS,827226,827197,0,,,,,,,,,,,,
015464,NPP,NUVEEN PERFORM PLUS MUNI,1992-05-31,1992Q1,SAME_PERIOD_DIFFERENT_DATE_FIRST_ROW_WINS,827234,827230,0,,,,,,,,,,,,
015372,CXE,MFS HIGH INCOME MUNI TRUST,1999-02-28,1998Q4,SAME_PERIOD_DIFFERENT_DATE_FIRST_ROW_WINS,829195,829194,0,,,,,,,,,,,,
015374,CXH,MFS INVESTMENT GRADE MUNI TR,1999-02-28,1998Q4,SAME_PERIOD_DIFFERENT_DATE_FIRST_ROW_WINS,829498,829497,0,,,,,,,,,,,,
015392,JMM,NUVEEN MULTI-MKT INCM FD,2004-11-30,2004Q3,SAME_PERIOD_DIFFERENT_DATE_FIRST_ROW_WINS,831199,831198,0,,,,,,,,,,,,
015858,ADVT.,ADVANTAGE LIFE PRODUCTS,1997-04-30,1997Q1,SAME_PERIOD_DIFFERENT_DATE_FIRST_ROW_WINS,841083,841082,0,,,,,,,,,,,,
016463,6202B,S & A RESTAURANT CORP,1988-11-30,1988Q3,SAME_PERIOD_DIFFERENT_DATE_FIRST_ROW_WINS,842964,842963,0,,,,,,,,,,,,
016463,6202B,S & A RESTAURANT CORP,1989-02-28,1988Q4,SAME_PERIOD_DIFFERENT_DATE_FIRST_ROW_WINS,842971,842970,0,,,,,,,,,,,,
016463,6202B,S & A RESTAURANT CORP,1989-05-31,1989Q1,SAME_PERIOD_DIFFERENT_DATE_FIRST_ROW_WINS,842984,842972,10,96.36800000000001,75.041,308.63800000000003,,427.127,230.14700000000002,40.428000000000004,27.544,13.878,4.6850000000000005,125.277,
016462,3ISTVE,INSIGHT ENTERTAINMENT CORP,1989-10-31,1989Q3,SAME_PERIOD_DIFFERENT_DATE_FIRST_ROW_WINS,846187,846186,9,,1.183,7.673,,8.933,3.333,0.221,0.305,0.0,0.795,2.15,
016558,PHX.2,PHOENIX NETWORK INC,1992-04-30,1992Q1,SAME_PERIOD_DIFFERENT_DATE_FIRST_ROW_WINS,848739,848738,0,,,,,,,,,,,,
016950,GCBK,GREAT CTRY BANK ANSONIA CT,1994-05-31,1994Q1,SAME_PERIOD_DIFFERENT_DATE_FIRST_ROW_WINS,866341,866340,9,,,6.462000000000001,0.0,354.997,337.25800000000004,6.811,-0.48900000000000005,0.007,2.1310000000000002,22.749000000000002,
017182,SWCB.,SANDWICH BANCORP INC/MA,1992-04-30,1992Q1,SAME_PERIOD_DIFFERENT_DATE_FIRST_ROW_WINS,877624,877623,0,,,,,,,,,,,,
017198,FNCMQ,FINET.COM INC,2000-04-30,2000Q1,SAME_PERIOD_DIFFERENT_DATE_FIRST_ROW_WINS,878547,878546,0,,,,,,,,,,,,
017225,TKS.1,PINAFORE HOLDINGS BV,2002-04-30,2002Q1,SAME_PERIOD_DIFFERENT_DATE_FIRST_ROW_WINS,879504,879502,11,2193.489,1294.9740000000002,1258.853,269.598,3735.4860000000003,2073.474,178.54500000000002,186.71,44.696000000000005,93.507,265.957,
017401,AMAG.2,ASPEN MARINE GROUP INC,1991-10-31,1991Q3,SAME_PERIOD_DIFFERENT_DATE_FIRST_ROW_WINS,884210,884209,3,,,,,,,-0.17200000000000001,-0.135,0.0,,,
017401,AMAG.2,ASPEN MARINE GROUP INC,1992-01-31,1991Q4,SAME_PERIOD_DIFFERENT_DATE_FIRST_ROW_WINS,884212,884211,3,,,,,,,0.14100000000000001,0.024,0.0,,,
017401,AMAG.2,ASPEN MARINE GROUP INC,1992-04-30,1992Q1,SAME_PERIOD_DIFFERENT_DATE_FIRST_ROW_WINS,884214,884213,10,3.1260000000000003,5.44,5.449,,14.221,8.3,-0.38,-0.501,0.0,2.5620000000000003,2.6950000000000003,
018074,DBCOQ,DOMINION BRIDGE CORP,1993-01-31,1992Q4,SAME_PERIOD_DIFFERENT_DATE_FIRST_ROW_WINS,896188,896187,10,5.13,2.629,0.23,,5.363,5.141,-0.666,-1.699,0.0,2.462,0.0,
018091,CDXQ,CHINA DE XIAO QUA C G CO LTD,2021-05-31,2021Q1,SAME_PERIOD_DIFFERENT_DATE_FIRST_ROW_WINS,896451,896450,0,,,,,,,,,,,,
018484,WWWW.1,WEB.COM INC,1994-11-30,1994Q3,SAME_PERIOD_DIFFERENT_DATE_FIRST_ROW_WINS,903657,903656,3,,,,,,,18.589000000000002,18.806,7.2,,,
018484,WWWW.1,WEB.COM INC,1995-02-28,1994Q4,SAME_PERIOD_DIFFERENT_DATE_FIRST_ROW_WINS,903659,903658,3,,,,,,,27.18,27.542,10.624,,,
018791,3ACPXE,AMERICAN COMPLEX CARE INC,1991-10-31,1991Q3,SAME_PERIOD_DIFFERENT_DATE_FIRST_ROW_WINS,909185,909184,2,,,,,,,,0.023,0.009000000000000001,,,
018791,3ACPXE,AMERICAN COMPLEX CARE INC,1992-01-31,1991Q4,SAME_PERIOD_DIFFERENT_DATE_FIRST_ROW_WINS,909187,909186,3,,,,,,,0.266,0.081,0.032,,,
018802,VALH,VALUE HOLDINGS INC,1998-02-28,1997Q4,SAME_PERIOD_DIFFERENT_DATE_FIRST_ROW_WINS,909497,909496,0,,,,,,,,,,,,
022546,PLI.3,POLYVISION CORP,1998-04-30,1998Q1,SAME_PERIOD_DIFFERENT_DATE_FIRST_ROW_WINS,910787,910781,10,13.249,8.097,1.5130000000000001,,18.464000000000002,21.939,-0.038,-0.14100000000000001,0.015000000000000001,3.205,7.188000000000001,
018890,WCVC.1,WEST COAST VTRES GRP CP -OLD,2017-04-30,2017Q1,SAME_PERIOD_DIFFERENT_DATE_FIRST_ROW_WINS,910921,910920,0,,,,,,,,,,,,
020202,TRCR,TRANSCEND SERVICES INC,1994-05-31,1994Q1,SAME_PERIOD_DIFFERENT_DATE_FIRST_ROW_WINS,932330,932324,10,11.562000000000001,3.031,0.48500000000000004,,19.168,3.6740000000000004,-0.323,-0.269,-0.108,0.011000000000000001,0.043000000000000003,
020099,EBP,EMPLOYEE BENEFIT PLANS INC,1993-05-31,1993Q1,SAME_PERIOD_DIFFERENT_DATE_FIRST_ROW_WINS,935387,935386,0,,,,,,,,,,,,
020151,ENSW,ENTERPRISE SOFTWARE INC,1990-04-30,1990Q1,SAME_PERIOD_DIFFERENT_DATE_FIRST_ROW_WINS,936477,936476,8,,,1.703,,2.745,0.8550000000000001,-0.02,-0.053000000000000005,-0.033,0.004,0.252,
020217,PSTRQ,POSTROCK ENERGY CORP,2005-05-31,2005Q1,SAME_PERIOD_DIFFERENT_DATE_FIRST_ROW_WINS,938053,938052,0,,,,,,,,,,,,
021136,ABMC,AMERICAN BIO MEDICA CORP,2002-04-30,2002Q1,SAME_PERIOD_DIFFERENT_DATE_FIRST_ROW_WINS,949293,949272,0,,,,,,,,,,,,
021506,AMNF,ARMANINO FOODS DISTINCTION,1991-05-31,1991Q1,SAME_PERIOD_DIFFERENT_DATE_FIRST_ROW_WINS,958184,958183,0,,,,,,,,,,,,
022178,HDP,HORTONWORKS INC,2013-04-30,2013Q1,SAME_PERIOD_DIFFERENT_DATE_FIRST_ROW_WINS,969938,969937,11,26.239,12.137,1.05,0.0,29.279,22.44,-36.79,-36.627,0.011000000000000001,0.0,0.0,
022221,PSYS.1,PSYCHIATRIC SOLUTIONS INC,2002-04-30,2002Q1,SAME_PERIOD_DIFFERENT_DATE_FIRST_ROW_WINS,970965,970964,11,24.203,3.378,0.164,0.0,24.802,5.4270000000000005,1.061,1.1320000000000001,-3.188,0.07200000000000001,0.0,
022542,FDVF,FORTUNE INDUSTRIES INC,2000-11-30,2000Q3,SAME_PERIOD_DIFFERENT_DATE_FIRST_ROW_WINS,975162,975161,10,1.359,2.525,0.031,,1.5810000000000002,2.525,-2.915,-2.9210000000000003,0.0,2.0,0.0,
022542,FDVF,FORTUNE INDUSTRIES INC,2001-02-28,2000Q4,SAME_PERIOD_DIFFERENT_DATE_FIRST_ROW_WINS,975164,975163,10,2.353,5.104,0.029,,2.511,5.104,-2.8360000000000003,-2.894,0.0,4.25,0.0,
022822,3CTHE,CT HOLDINGS ENTERPRISES INC,1996-05-31,1996Q1,SAME_PERIOD_DIFFERENT_DATE_FIRST_ROW_WINS,980419,980418,10,2.7550000000000003,5.256,0.125,,5.7780000000000005,5.256,-0.5860000000000001,-1.621,0.0,3.697,0.0,
022957,SGHL.1,SENTIGEN HOLDING CORP,1997-05-31,1997Q1,SAME_PERIOD_DIFFERENT_DATE_FIRST_ROW_WINS,982150,982149,10,5.914000000000001,0.404,0.17700000000000002,,6.094,0.404,0.01,0.096,0.0,0.0,0.0,
023027,EXPO,EXPONENT INC,1994-05-31,1994Q1,SAME_PERIOD_DIFFERENT_DATE_FIRST_ROW_WINS,983674,983673,0,,,,,,,,,,,,
023062,JOEZ,JOE'S JEANS INC,1992-01-31,1991Q4,SAME_PERIOD_DIFFERENT_DATE_FIRST_ROW_WINS,984329,984328,10,10.051,7.447,3.984,,17.314,7.523000000000001,0.14300000000000002,0.091,0.005,1.87,0.049,
023195,MTRX,MATRIX SERVICE CO,2008-11-30,2008Q3,SAME_PERIOD_DIFFERENT_DATE_FIRST_ROW_WINS,987275,987273,12,181.61,101.471,59.192,22.166,264.523,106.39800000000001,14.593,14.749,4.621,1.195,0.777,199.6485
023195,MTRX,MATRIX SERVICE CO,2009-02-28,2008Q4,SAME_PERIOD_DIFFERENT_DATE_FIRST_ROW_WINS,987277,987276,12,208.24300000000002,128.157,60.1,22.916,296.089,133.173,7.045,6.795,2.583,1.324,0.759,182.00400000000002
023195,MTRX,MATRIX SERVICE CO,2009-05-31,2009Q1,SAME_PERIOD_DIFFERENT_DATE_FIRST_ROW_WINS,987279,987278,12,209.85000000000002,127.39,58.809000000000005,25.768,303.451,133.062,11.07,10.875,4.13,1.0390000000000001,0.8500000000000001,296.4934
023287,CAFD,8POINT3 ENERGY PARTNERS LP,2015-02-28,2014Q4,SAME_PERIOD_DIFFERENT_DATE_FIRST_ROW_WINS,989523,989522,0,,,,,,,,,,,,
023288,9298B,REDIFY GROUP INC,2002-04-30,2002Q1,SAME_PERIOD_DIFFERENT_DATE_FIRST_ROW_WINS,989585,989584,11,0.005,0.018000000000000002,0.0,0.0,0.005,0.018000000000000002,0.0,0.0,0.0,0.0,0.0,
023535,ETEC.1,EMTEC INC,2004-11-30,2004Q3,SAME_PERIOD_DIFFERENT_DATE_FIRST_ROW_WINS,993601,993600,3,,,,,,,0.9410000000000001,0.8300000000000001,0.35800000000000004,,,
023535,ETEC.1,EMTEC INC,2005-02-28,2004Q4,SAME_PERIOD_DIFFERENT_DATE_FIRST_ROW_WINS,993603,993602,3,,,,,,,0.445,0.397,0.171,,,
023535,ETEC.1,EMTEC INC,2005-05-31,2005Q1,SAME_PERIOD_DIFFERENT_DATE_FIRST_ROW_WINS,993606,993605,3,,,,,,,0.379,0.15,0.08700000000000001,,,
023583,3DIAM,DIAGNOSTIC IMAGING SVCS INC,1994-04-30,1994Q1,SAME_PERIOD_DIFFERENT_DATE_FIRST_ROW_WINS,994755,994754,10,1.03,6.389,3.253,,4.288,7.760000000000001,-0.497,-1.1400000000000001,-0.001,4.333,1.371,
023810,IOGPQ,ION GEOPHYSICAL CORP,2001-05-31,2001Q1,SAME_PERIOD_DIFFERENT_DATE_FIRST_ROW_WINS,1000265,1000264,0,,,,,,,,,,,,
023872,SSPY.1,SPORT SUPPLY GROUP INC-OLD,1996-01-31,1995Q4,SAME_PERIOD_DIFFERENT_DATE_FIRST_ROW_WINS,1001315,1001314,10,55.54,13.223,8.131,,89.64,43.134,-1.034,-1.467,-0.534,2.874,29.647000000000002,
024036,IVRO,INVITRO INTL,1992-02-29,1991Q4,SAME_PERIOD_DIFFERENT_DATE_FIRST_ROW_WINS,1004560,1004559,0,,,,,,,,,,,,
024096,APEX.1,APEX GLOBAL BRANDS INC,1998-05-31,1998Q1,SAME_PERIOD_DIFFERENT_DATE_FIRST_ROW_WINS,1005943,1005942,0,,,,,,,,,,,,
024218,CLWY,CALLOWAY'S NURSERY INC,1991-01-31,1990Q4,SAME_PERIOD_DIFFERENT_DATE_FIRST_ROW_WINS,1009671,1009670,10,2.0540000000000003,2.2680000000000002,3.653,,7.621,5.394,-0.387,2.386,0.898,0.226,2.741,
024497,SLTZ,SOLAR THIN FILMS INC,1990-10-31,1990Q3,SAME_PERIOD_DIFFERENT_DATE_FIRST_ROW_WINS,1012199,1012192,3,,,,,,,-0.17400000000000002,-0.669,0.084,,,
024497,SLTZ,SOLAR THIN FILMS INC,1991-01-31,1990Q4,SAME_PERIOD_DIFFERENT_DATE_FIRST_ROW_WINS,1012209,1012204,3,,,,,,,0.7150000000000001,0.34700000000000003,0.17700000000000002,,,
024474,TSCC,TECHNOLOGY SOLUTIONS CO,1999-05-31,1999Q1,SAME_PERIOD_DIFFERENT_DATE_FIRST_ROW_WINS,1019220,1019219,0,,,,,,,,,,,,
024545,FAOOQ,FAO INC,1996-05-31,1996Q1,SAME_PERIOD_DIFFERENT_DATE_FIRST_ROW_WINS,1022054,1022053,10,8.353,4.649,7.363,,17.475,5.573,-1.7650000000000001,-2.432,0.0,0.0,0.0,
024554,NUM,NUVEEN MICH QUAL MUN INCM,1991-11-30,1991Q3,SAME_PERIOD_DIFFERENT_DATE_FIRST_ROW_WINS,1022403,1022402,0,,,,,,,,,,,,
024554,NUM,NUVEEN MICH QUAL MUN INCM,1992-02-29,1991Q4,SAME_PERIOD_DIFFERENT_DATE_FIRST_ROW_WINS,1022405,1022404,0,,,,,,,,,,,,
024554,NUM,NUVEEN MICH QUAL MUN INCM,1992-05-31,1992Q1,SAME_PERIOD_DIFFERENT_DATE_FIRST_ROW_WINS,1022407,1022406,0,,,,,,,,,,,,
024555,NUO,NUVEEN OH QUAL MUN INCM FD,1991-11-30,1991Q3,SAME_PERIOD_DIFFERENT_DATE_FIRST_ROW_WINS,1022525,1022524,0,,,,,,,,,,,,
024555,NUO,NUVEEN OH QUAL MUN INCM FD,1992-02-29,1991Q4,SAME_PERIOD_DIFFERENT_DATE_FIRST_ROW_WINS,1022527,1022526,0,,,,,,,,,,,,
024555,NUO,NUVEEN OH QUAL MUN INCM FD,1992-05-31,1992Q1,SAME_PERIOD_DIFFERENT_DATE_FIRST_ROW_WINS,1022529,1022528,0,,,,,,,,,,,,
024559,NTX,NUVEEN TEX QL MUN INCM FD,1991-11-30,1991Q3,SAME_PERIOD_DIFFERENT_DATE_FIRST_ROW_WINS,1022728,1022727,0,,,,,,,,,,,,
024559,NTX,NUVEEN TEX QL MUN INCM FD,1992-02-29,1991Q4,SAME_PERIOD_DIFFERENT_DATE_FIRST_ROW_WINS,1022730,1022729,0,,,,,,,,,,,,
024559,NTX,NUVEEN TEX QL MUN INCM FD,1992-05-31,1992Q1,SAME_PERIOD_DIFFERENT_DATE_FIRST_ROW_WINS,1022732,1022731,0,,,,,,,,,,,,
024629,3TBMHE,TBM HOLDING INC,1990-11-30,1990Q3,SAME_PERIOD_DIFFERENT_DATE_FIRST_ROW_WINS,1024477,1024476,10,2.873,1.296,0.886,,3.7910000000000004,1.679,0.387,0.341,0.0,0.308,0.337,
024629,3TBMHE,TBM HOLDING INC,1991-02-28,1990Q4,SAME_PERIOD_DIFFERENT_DATE_FIRST_ROW_WINS,1024479,1024478,10,3.125,1.4480000000000002,1.093,,4.2490000000000006,1.927,0.21300000000000002,0.191,0.0,0.447,0.436,
024629,3TBMHE,TBM HOLDING INC,1991-05-31,1991Q1,SAME_PERIOD_DIFFERENT_DATE_FIRST_ROW_WINS,1024481,1024480,10,3.004,1.8110000000000002,0.889,,4.031000000000001,2.224,-0.534,-0.5690000000000001,0.0,0.23700000000000002,0.375,
024690,WSTE.1,TRANSAMERICAN WASTE INDS INC,1991-11-30,1991Q3,SAME_PERIOD_DIFFERENT_DATE_FIRST_ROW_WINS,1026621,1026620,3,,,,,,,0.9740000000000001,0.936,0.318,,,
024690,WSTE.1,TRANSAMERICAN WASTE INDS INC,1992-02-29,1991Q4,SAME_PERIOD_DIFFERENT_DATE_FIRST_ROW_WINS,1026623,1026622,10,1.699,2.4290000000000003,1.727,,4.071000000000001,3.3680000000000003,0.5670000000000001,0.52,0.182,0.993,0.862,
024731,KIM,KIMCO REALTY CORP,1992-04-30,1992Q1,SAME_PERIOD_DIFFERENT_DATE_FIRST_ROW_WINS,1028588,1028587,0,,,,,,,,,,,,
024773,CMNFY,CORIMON CA SACA,2002-02-28,2001Q4,SAME_PERIOD_DIFFERENT_DATE_FIRST_ROW_WINS,1030376,1030375,0,,,,,,,,,,,,
024773,CMNFY,CORIMON CA SACA,2002-05-31,2002Q1,SAME_PERIOD_DIFFERENT_DATE_FIRST_ROW_WINS,1030378,1030377,0,,,,,,,,,,,,
024846,FARL,FARREL CORP,1993-04-30,1993Q1,SAME_PERIOD_DIFFERENT_DATE_FIRST_ROW_WINS,1033476,1033475,0,,,,,,,,,,,,
024886,HYMX,HYMEDIX INC,1994-05-31,1994Q1,SAME_PERIOD_DIFFERENT_DATE_FIRST_ROW_WINS,1035389,1035388,0,,,,,,,,,,,,
025089,OPMZ,1PM INDUSTRIES INC,2014-05-31,2014Q1,SAME_PERIOD_DIFFERENT_DATE_FIRST_ROW_WINS,1043719,1043718,0,,,,,,,,,,,,
025138,ASUR,ASURE SOFTWARE INC,1996-10-31,1996Q3,SAME_PERIOD_DIFFERENT_DATE_FIRST_ROW_WINS,1045657,1045656,10,80.671,18.133,14.066,,109.967,18.133,-1.9460000000000002,-1.661,0.019,0.0,0.0,
025138,ASUR,ASURE SOFTWARE INC,1997-01-31,1996Q4,SAME_PERIOD_DIFFERENT_DATE_FIRST_ROW_WINS,1045659,1045658,10,81.272,18.423000000000002,14.535,,111.634,18.423000000000002,-4.8100000000000005,-4.9670000000000005,-0.031,0.0,0.0,
025149,DFCO.1,DESTRON FEARING CORP,1994-02-28,1993Q4,SAME_PERIOD_DIFFERENT_DATE_FIRST_ROW_WINS,1046184,1046183,7,1.602,2.334,0.232,,3.361,3.0370000000000004,,,,0.149,0.7030000000000001,
025604,ADK.1,ALLIED DIGITAL TECHNOLOGIES,1992-10-31,1992Q3,SAME_PERIOD_DIFFERENT_DATE_FIRST_ROW_WINS,1062995,1062994,3,,,,,,,1.83,1.0310000000000001,0.405,,,
025604,ADK.1,ALLIED DIGITAL TECHNOLOGIES,1993-01-31,1992Q4,SAME_PERIOD_DIFFERENT_DATE_FIRST_ROW_WINS,1062997,1062996,3,,,,,,,2.028,1.554,0.603,,,
025721,NPL,NATIONAL PROPANE PTNRS  -LP,1994-04-30,1994Q1,SAME_PERIOD_DIFFERENT_DATE_FIRST_ROW_WINS,1066847,1066846,0,,,,,,,,,,,,
026016,UVE,UNIVERSAL INSURANCE HLDGS,1998-04-30,1998Q1,SAME_PERIOD_DIFFERENT_DATE_FIRST_ROW_WINS,1079076,1079075,0,,,,,,,,,,,,
026355,PTQMF,PETAQUILLA MINERALS LTD,2012-11-30,2012Q3,SAME_PERIOD_DIFFERENT_DATE_FIRST_ROW_WINS,1085737,1085736,12,46.506,93.35900000000001,132.01000000000002,0.0,206.75900000000001,143.645,7.969,2.0620000000000003,0.0,5.165,11.386000000000001,100.0312
026355,PTQMF,PETAQUILLA MINERALS LTD,2013-02-28,2012Q4,SAME_PERIOD_DIFFERENT_DATE_FIRST_ROW_WINS,1085739,1085738,12,61.108000000000004,88.795,130.25900000000001,0.0,222.907,143.603,3.016,15.766,0.0,5.176,10.676,96.37700000000001
026830,NMCO.1,NAMIBIAN MINERALS CORP,1999-05-31,1999Q1,SAME_PERIOD_DIFFERENT_DATE_FIRST_ROW_WINS,1090625,1090624,0,,,,,,,,,,,,
027540,CYII,CYCOMM INTERNATIONAL INC,1997-05-31,1997Q1,SAME_PERIOD_DIFFERENT_DATE_FIRST_ROW_WINS,1097067,1097066,0,,,,,,,,,,,,
027576,SMPL,SIMPLY GOOD FOODS COMPANY,2016-11-30,2016Q3,SAME_PERIOD_DIFFERENT_DATE_FIRST_ROW_WINS,1097279,1097278,3,,,,,,,18.46,11.686,4.899,,,
027576,SMPL,SIMPLY GOOD FOODS COMPANY,2017-02-28,2016Q4,SAME_PERIOD_DIFFERENT_DATE_FIRST_ROW_WINS,1097281,1097280,3,,,,,,,13.363000000000001,5.534000000000001,2.071,,,
027810,LIVN,LIVANOVA PLC,2016-04-30,2016Q1,SAME_PERIOD_DIFFERENT_DATE_FIRST_ROW_WINS,1101892,1101891,0,,,,,,,,,,,,
027928,INTU,INTUIT INC,1994-10-31,1994Q3,SAME_PERIOD_DIFFERENT_DATE_FIRST_ROW_WINS,1106763,1106762,9,125.02600000000001,85.997,30.900000000000002,,267.231,98.38300000000001,,-55.145,-1.512,0.0,0.0,
027939,TENX,TENAX THERAPEUTICS INC,2016-04-30,2016Q1,SAME_PERIOD_DIFFERENT_DATE_FIRST_ROW_WINS,1107564,1107563,0,,,,,,,,,,,,
028146,TCTE,TRANS CONTINENTAL ENTMT GRP,2001-11-30,2001Q3,SAME_PERIOD_DIFFERENT_DATE_FIRST_ROW_WINS,1114006,1114005,10,0.14800000000000002,2.08,0.08900000000000001,,1.344,2.092,-0.011000000000000001,-0.094,0.0,0.264,0.0,
028146,TCTE,TRANS CONTINENTAL ENTMT GRP,2002-02-28,2001Q4,SAME_PERIOD_DIFFERENT_DATE_FIRST_ROW_WINS,1114008,1114007,0,,,,,,,,,,,,
028457,XAA,AMERICAN MUN INCOME PTFL INC,2004-11-30,2004Q3,SAME_PERIOD_DIFFERENT_DATE_FIRST_ROW_WINS,1125842,1125841,0,,,,,,,,,,,,
028457,XAA,AMERICAN MUN INCOME PTFL INC,2005-02-28,2004Q4,SAME_PERIOD_DIFFERENT_DATE_FIRST_ROW_WINS,1125844,1125843,0,,,,,,,,,,,,
028473,NMS,NUVEEN MINNESOTA QUAL MUN,2005-11-30,2005Q3,SAME_PERIOD_DIFFERENT_DATE_FIRST_ROW_WINS,1126674,1126673,0,,,,,,,,,,,,
028473,NMS,NUVEEN MINNESOTA QUAL MUN,2006-02-28,2005Q4,SAME_PERIOD_DIFFERENT_DATE_FIRST_ROW_WINS,1126676,1126675,0,,,,,,,,,,,,
028528,3HCOIQ,HUNTCO INC  -CL A,1998-04-30,1998Q1,SAME_PERIOD_DIFFERENT_DATE_FIRST_ROW_WINS,1128485,1128484,0,,,,,,,,,,,,
028836,SFEF,SANTA FE FINANCIAL CORP,1993-05-31,1993Q1,SAME_PERIOD_DIFFERENT_DATE_FIRST_ROW_WINS,1132049,1131921,0,,,,,,,,,,,,
028764,FMDAY,FUTUREMEDIA PLC,2005-10-31,2005Q3,SAME_PERIOD_DIFFERENT_DATE_FIRST_ROW_WINS,1136338,1136337,11,10.450000000000001,17.202,0.612,0.14700000000000002,12.405000000000001,17.202,-0.927,-1.869,0.0,2.373,0.0,
028764,FMDAY,FUTUREMEDIA PLC,2006-01-31,2005Q4,SAME_PERIOD_DIFFERENT_DATE_FIRST_ROW_WINS,1136340,1136339,11,9.099,17.868000000000002,0.737,0.14700000000000002,11.047,17.868000000000002,-2.725,-3.319,0.0,4.152,0.0,
028764,FMDAY,FUTUREMEDIA PLC,2006-04-30,2006Q1,SAME_PERIOD_DIFFERENT_DATE_FIRST_ROW_WINS,1136342,1136341,11,13.662,16.857,0.6960000000000001,1.1780000000000002,24.830000000000002,26.837,-3.8320000000000003,-4.723,0.0,0.0,9.98,
028947,NRVHQ,NATIONAL R V HOLDINGS INC,1995-05-31,1995Q1,SAME_PERIOD_DIFFERENT_DATE_FIRST_ROW_WINS,1142993,1142992,10,20.92,5.438000000000001,7.038,,41.592,23.203,2.2640000000000002,1.738,0.65,1.1,15.644,
028955,FRAE,FLOORING AMERICA INC,1996-04-30,1996Q1,SAME_PERIOD_DIFFERENT_DATE_FIRST_ROW_WINS,1143163,1143162,10,38.167,17.806,17.376,,67.441,47.108000000000004,3.1590000000000003,1.768,0.616,1.1700000000000002,29.302000000000003,
029205,YYIN,YAYI INTERNATIONAL INC,2008-01-31,2007Q4,SAME_PERIOD_DIFFERENT_DATE_FIRST_ROW_WINS,1151632,1151631,3,,,,,,,1.475,1.389,0.08800000000000001,,,
029251,KALV,KALVISTA PHARMACEUTICALS,2025-04-30,2025Q1,SAME_PERIOD_DIFFERENT_DATE_FIRST_ROW_WINS,1153251,1153250,12,241.69,45.167,7.532,0.0,250.77,155.37900000000002,-55.03,-53.081,-0.8550000000000001,1.977,110.212,685.2227
029251,KALV,KALVISTA PHARMACEUTICALS,2025-07-31,2025Q2,SAME_PERIOD_DIFFERENT_DATE_FIRST_ROW_WINS,1153253,1153252,12,205.89600000000002,38.375,7.232,0.0,215.50500000000002,174.715,-59.009,-57.939,2.157,2.122,136.34,686.1342000000001
029311,3TTMTE,TOWER TECH INC,1993-02-28,1992Q4,SAME_PERIOD_DIFFERENT_DATE_FIRST_ROW_WINS,1155389,1155388,3,,,,,,,-0.8260000000000001,-0.8370000000000001,0.0,,,
029912,RCS,PIMCO STRATEGIC INCOME FUND,2015-01-31,2014Q4,SAME_PERIOD_DIFFERENT_DATE_FIRST_ROW_WINS,1174332,1174331,0,,,,,,,,,,,,
029912,RCS,PIMCO STRATEGIC INCOME FUND,2015-04-30,2015Q1,SAME_PERIOD_DIFFERENT_DATE_FIRST_ROW_WINS,1174334,1174333,0,,,,,,,,,,,,
029922,3SHRVF,SHERIDAN RESERVE INC,1998-05-31,1998Q1,SAME_PERIOD_DIFFERENT_DATE_FIRST_ROW_WINS,1174659,1174658,0,,,,,,,,,,,,
029964,GPIC,GAMING PARTNERS INTL CORP,2002-05-31,2002Q1,SAME_PERIOD_DIFFERENT_DATE_FIRST_ROW_WINS,1175981,1175980,10,6.181,2.4770000000000003,7.45,,14.188,3.8310000000000004,0.9630000000000001,-0.13,0.0,0.29200000000000004,1.354,
030029,NMRX,NUMEREX CORP  -CL A,1994-01-31,1993Q4,SAME_PERIOD_DIFFERENT_DATE_FIRST_ROW_WINS,1177935,1177934,10,0.41300000000000003,0.002,0.0,,0.41300000000000003,0.002,2.899,2.894,0.9640000000000001,0.0,0.0,
030057,UPET,UNITED PETROLEUM CORP,1999-11-30,1999Q3,SAME_PERIOD_DIFFERENT_DATE_FIRST_ROW_WINS,1178628,1178627,10,6.765000000000001,9.923,16.459,,61.150000000000006,33.849000000000004,-0.741,-0.9850000000000001,0.0,0.23900000000000002,23.714000000000002,
030057,UPET,UNITED PETROLEUM CORP,2000-02-29,1999Q4,SAME_PERIOD_DIFFERENT_DATE_FIRST_ROW_WINS,1178630,1178629,10,8.081,13.007000000000001,16.383,,62.006,36.689,-1.0190000000000001,-1.693,0.0,0.306,23.539,
030128,LEHMQ,LEHMAN BROTHERS HOLDINGS INC,1994-02-28,1993Q4,SAME_PERIOD_DIFFERENT_DATE_FIRST_ROW_WINS,1180587,1180586,0,,,,,,,,,,,,
030420,RAWL,RAWLINGS SPORTING GOODS INC,1994-11-30,1994Q3,SAME_PERIOD_DIFFERENT_DATE_FIRST_ROW_WINS,1188909,1188908,10,74.44800000000001,12.341000000000001,6.546,,109.551,83.869,3.809,2.951,1.1800000000000002,0.019,57.400000000000006,
030420,RAWL,RAWLINGS SPORTING GOODS INC,1995-02-28,1994Q4,SAME_PERIOD_DIFFERENT_DATE_FIRST_ROW_WINS,1188911,1188910,10,90.452,18.223000000000003,7.2490000000000006,,126.28200000000001,96.436,8.159,6.941000000000001,2.777,0.007,64.9,
030448,AHMS,AMERICAN HOMESTAR CORP,1998-11-30,1998Q3,SAME_PERIOD_DIFFERENT_DATE_FIRST_ROW_WINS,1189624,1189623,10,239.15300000000002,141.454,72.974,,380.567,260.194,12.373000000000001,9.699,3.8760000000000003,61.080000000000005,118.378,
030448,AHMS,AMERICAN HOMESTAR CORP,1999-02-28,1998Q4,SAME_PERIOD_DIFFERENT_DATE_FIRST_ROW_WINS,1189626,1189625,10,230.16500000000002,169.70000000000002,93.147,,420.901,289.673,6.239,2.7390000000000003,0.9570000000000001,82.70700000000001,119.61,
030448,AHMS,AMERICAN HOMESTAR CORP,1999-05-31,1999Q1,SAME_PERIOD_DIFFERENT_DATE_FIRST_ROW_WINS,1189628,1189627,10,236.881,175.922,94.82600000000001,,439.31600000000003,303.012,11.572000000000001,7.521000000000001,2.936,89.757,126.72800000000001,
030558,MLR,MILLER INDUSTRIES INC/TN,2002-04-30,2002Q1,SAME_PERIOD_DIFFERENT_DATE_FIRST_ROW_WINS,1192334,1192333,0,,,,,,,,,,,,
030616,GKOR,GOLKOR INC,2007-02-28,2006Q4,SAME_PERIOD_DIFFERENT_DATE_FIRST_ROW_WINS,1194097,1194092,0,,,,,,,,,,,,
030690,3FMACQ.,FIRST MERCHANTS ACCEP CORP,1995-05-31,1995Q1,SAME_PERIOD_DIFFERENT_DATE_FIRST_ROW_WINS,1196801,1196800,8,,,1.2650000000000001,,147.553,119.611,4.586,2.186,0.8300000000000001,97.7,13.829,
030719,NUKO,NUKO INFORMATION SYSTEMS INC,1995-04-30,1995Q1,SAME_PERIOD_DIFFERENT_DATE_FIRST_ROW_WINS,1197713,1197712,10,0.038,1.4100000000000001,0.077,,0.14300000000000002,1.735,-1.635,-1.743,0.001,0.15,0.325,
030969,FLBC,FINGER LAKES BANCORP INC,1995-04-30,1995Q1,SAME_PERIOD_DIFFERENT_DATE_FIRST_ROW_WINS,1203828,1203827,9,,,1.334,0.0,171.279,150.434,3.1420000000000003,0.124,0.061000000000000006,0.0,5.538,
031588,GTLL,GLOBAL TECHNOLOGIES LTD,1999-10-31,1999Q3,SAME_PERIOD_DIFFERENT_DATE_FIRST_ROW_WINS,1218165,1218164,0,,,,,,,,,,,,
031810,ERDIQ,ERD WASTE CORP,1996-01-31,1995Q4,SAME_PERIOD_DIFFERENT_DATE_FIRST_ROW_WINS,1224107,1224106,10,5.043,5.011,11.687000000000001,,19.845000000000002,6.506,-2.863,0.35000000000000003,0.20500000000000002,1.272,1.245,
032098,BBCP,CONCRETE PUMPING HOLDINGS,2019-01-31,2018Q4,SAME_PERIOD_DIFFERENT_DATE_FIRST_ROW_WINS,1226763,1226762,12,51.473,66.791,228.14000000000001,238.811,735.448,463.83500000000004,4.619000000000001,-33.162,-6.957000000000001,35.203,320.52500000000003,227.6107
035223,RCAT,RED CAT HOLDINGS INC,2025-04-30,2025Q1,SAME_PERIOD_DIFFERENT_DATE_FIRST_ROW_WINS,1259548,1259547,0,,,,,,,,,,,,
035327,SKIL,SKILLSOFT CORP,2021-04-30,2021Q1,SAME_PERIOD_DIFFERENT_DATE_FIRST_ROW_WINS,1260561,1260560,3,,,,,,,-25.148,-38.969,-3.057,,,
037382,CNXC,CONCENTRIX CORP,2019-05-31,2019Q1,SAME_PERIOD_DIFFERENT_DATE_FIRST_ROW_WINS,1283161,1283160,3,,,,,,,166.084,76.283,21.32,,,
037382,CNXC,CONCENTRIX CORP,2019-08-31,2019Q2,SAME_PERIOD_DIFFERENT_DATE_FIRST_ROW_WINS,1283163,1283162,3,,,,,,,79.22500000000001,47.306000000000004,16.975,,,
037382,CNXC,CONCENTRIX CORP,2019-11-30,2019Q3,SAME_PERIOD_DIFFERENT_DATE_FIRST_ROW_WINS,1283166,1283164,11,1299.605,2698.308,411.46500000000003,1829.328,4653.755,3183.914,119.49600000000001,80.827,48.957,1981.385,0.0,
037382,CNXC,CONCENTRIX CORP,2020-02-29,2019Q4,SAME_PERIOD_DIFFERENT_DATE_FIRST_ROW_WINS,1283168,1283167,3,,,,,,,103.563,73.861,21.544,,,
043211,AIRE,REALPHA TECH CORP,2024-04-30,2024Q1,SAME_PERIOD_DIFFERENT_DATE_FIRST_ROW_WINS,1319372,1319352,0,,,,,,,,,,,,
043651,WS,WORTHINGTON STEEL INC,2022-05-31,2022Q1,SAME_PERIOD_DIFFERENT_DATE_FIRST_ROW_WINS,1331713,1331712,11,1267.1000000000001,657.9490000000001,511.059,80.033,2084.0260000000003,817.6650000000001,218.99200000000002,254.209,53.956,68.64,85.26100000000001,
043651,WS,WORTHINGTON STEEL INC,2022-08-31,2022Q2,SAME_PERIOD_DIFFERENT_DATE_FIRST_ROW_WINS,1331715,1331714,3,,,,,,,41.260000000000005,41.535000000000004,10.257,,,
043651,WS,WORTHINGTON STEEL INC,2022-11-30,2022Q3,SAME_PERIOD_DIFFERENT_DATE_FIRST_ROW_WINS,1331717,1331716,3,,,,,,,-16.16,-17.935000000000002,-5.457,,,
043651,WS,WORTHINGTON STEEL INC,2023-02-28,2022Q4,SAME_PERIOD_DIFFERENT_DATE_FIRST_ROW_WINS,1331719,1331718,3,,,,,,,13.5,10.1,0.8,,,
043873,MSDL,MORGAN STANLEY DRCT LEND FND,2024-05-31,2024Q1,SAME_PERIOD_DIFFERENT_DATE_FIRST_ROW_WINS,1333312,1333311,0,,,,,,,,,,,,
043873,MSDL,MORGAN STANLEY DRCT LEND FND,2024-08-31,2024Q2,SAME_PERIOD_DIFFERENT_DATE_FIRST_ROW_WINS,1333314,1333313,0,,,,,,,,,,,,
043873,MSDL,MORGAN STANLEY DRCT LEND FND,2024-11-30,2024Q3,SAME_PERIOD_DIFFERENT_DATE_FIRST_ROW_WINS,1333316,1333315,0,,,,,,,,,,,,
043873,MSDL,MORGAN STANLEY DRCT LEND FND,2025-02-28,2024Q4,SAME_PERIOD_DIFFERENT_DATE_FIRST_ROW_WINS,1333318,1333317,0,,,,,,,,,,,,
043873,MSDL,MORGAN STANLEY DRCT LEND FND,2025-05-31,2025Q1,SAME_PERIOD_DIFFERENT_DATE_FIRST_ROW_WINS,1333320,1333319,0,,,,,,,,,,,,
043873,MSDL,MORGAN STANLEY DRCT LEND FND,2025-08-31,2025Q2,SAME_PERIOD_DIFFERENT_DATE_FIRST_ROW_WINS,1333322,1333321,0,,,,,,,,,,,,
060814,SWW,SITEL CORP,1996-05-31,1996Q1,SAME_PERIOD_DIFFERENT_DATE_FIRST_ROW_WINS,1347433,1347432,10,78.147,10.167,18.049,,116.49600000000001,11.763,4.313000000000001,4.766,1.723,0.015000000000000001,0.125,
060916,RMTD,REMOTE DYNAMICS INC,2002-11-30,2002Q3,SAME_PERIOD_DIFFERENT_DATE_FIRST_ROW_WINS,1349905,1349904,11,27.971,22.633000000000003,5.921,0.0,72.947,42.002,-3.9560000000000004,-4.473,0.0,0.0,14.313,
060916,RMTD,REMOTE DYNAMICS INC,2003-02-28,2002Q4,SAME_PERIOD_DIFFERENT_DATE_FIRST_ROW_WINS,1349907,1349906,11,23.96,19.988,5.1370000000000005,0.0,67.586,41.045,-3.8800000000000003,-4.404,0.0,0.0,14.314,
061064,6033B,LRI HOLDINGS INC,1997-10-31,1997Q3,SAME_PERIOD_DIFFERENT_DATE_FIRST_ROW_WINS,1353764,1353763,10,18.569000000000003,5.077,61.538000000000004,,80.24900000000001,6.268000000000001,3.3080000000000003,3.532,1.243,0.0,0.0,
061064,6033B,LRI HOLDINGS INC,1998-01-31,1997Q4,SAME_PERIOD_DIFFERENT_DATE_FIRST_ROW_WINS,1353766,1353765,10,13.186,7.417000000000001,71.607,,84.98700000000001,8.608,3.189,3.2710000000000004,1.1520000000000001,0.0,0.0,
061143,NSCP,NETSCAPE COMMUNICATIONS CORP,1998-01-31,1997Q4,SAME_PERIOD_DIFFERENT_DATE_FIRST_ROW_WINS,1355699,1355698,0,,,,,,,,,,,,
061381,APGI,AMERICAN POWER GROUP CORP,1999-02-28,1998Q4,SAME_PERIOD_DIFFERENT_DATE_FIRST_ROW_WINS,1360717,1360716,0,,,,,,,,,,,,
061381,APGI,AMERICAN POWER GROUP CORP,1999-05-31,1999Q1,SAME_PERIOD_DIFFERENT_DATE_FIRST_ROW_WINS,1360719,1360718,0,,,,,,,,,,,,
061483,DVA,DAVITA INC,1995-05-31,1995Q1,SAME_PERIOD_DIFFERENT_DATE_FIRST_ROW_WINS,1364690,1364689,10,29.806,14.835,18.051000000000002,,77.558,103.173,5.588,3.221,1.113,0.322,87.82000000000001,
061527,MDWV,MEDWAVE INC,2004-01-31,2003Q4,SAME_PERIOD_DIFFERENT_DATE_FIRST_ROW_WINS,1366281,1366280,0,,,,,,,,,,,,
061527,MDWV,MEDWAVE INC,2004-04-30,2004Q1,SAME_PERIOD_DIFFERENT_DATE_FIRST_ROW_WINS,1366283,1366282,0,,,,,,,,,,,,
061572,SMOD,SMART MODULAR TECHNOLOGIES,1999-11-30,1999Q3,SAME_PERIOD_DIFFERENT_DATE_FIRST_ROW_WINS,1368033,1368032,0,,,,,,,,,,,,
061721,IDWK,INTL DISPLAYWORKS INC,2002-01-31,2001Q4,SAME_PERIOD_DIFFERENT_DATE_FIRST_ROW_WINS,1373461,1373460,11,5.98,5.864,6.162,5.611000000000001,17.765,6.671,-0.18100000000000002,-0.298,0.0,2.33,0.807,
061763,RDEN,ELIZABETH ARDEN INC,2003-10-31,2003Q3,SAME_PERIOD_DIFFERENT_DATE_FIRST_ROW_WINS,1375291,1375290,10,537.246,264.286,36.516,,786.82,559.677,65.509,54.585,15.665000000000001,94.06400000000001,284.778,
061763,RDEN,ELIZABETH ARDEN INC,2004-01-31,2003Q4,SAME_PERIOD_DIFFERENT_DATE_FIRST_ROW_WINS,1375294,1375292,10,451.49,230.64700000000002,38.207,,698.0790000000001,476.327,25.084,-20.446,-9.384,91.287,233.80200000000002,
061979,FPCG,FIRST PHYSICIANS CAPITAL GRP,2008-01-31,2007Q4,SAME_PERIOD_DIFFERENT_DATE_FIRST_ROW_WINS,1379457,1379456,0,,,,,,,,,,,,
062019,CDJM,CARNEGIE DEV INC,1998-05-31,1998Q1,SAME_PERIOD_DIFFERENT_DATE_FIRST_ROW_WINS,1380300,1380299,10,5.34,0.257,0.326,,7.821000000000001,0.34400000000000003,-2.748,-2.748,0.0,0.024,0.08700000000000001,
062169,LFCR,LIFECORE BIOMEDL INC,2025-05-31,2025Q1,SAME_PERIOD_DIFFERENT_DATE_FIRST_ROW_WINS,1382813,1382811,12,85.677,30.178,129.006,13.881,239.342,191.90900000000002,5.079000000000001,-1.114,0.033,3.8240000000000003,128.342,250.66600000000003
062296,SSTRF,SILVERSTAR HOLDINGS LTD,1994-11-30,1994Q3,SAME_PERIOD_DIFFERENT_DATE_FIRST_ROW_WINS,1385677,1385676,0,,,,,,,,,,,,
062296,SSTRF,SILVERSTAR HOLDINGS LTD,1995-02-28,1994Q4,SAME_PERIOD_DIFFERENT_DATE_FIRST_ROW_WINS,1385679,1385678,10,3.576,2.209,1.4380000000000002,,5.162,3.333,0.648,0.537,0.223,0.304,1.1340000000000001,
062368,PTET,PLATINUM ENTERTAINMENT INC,1998-05-31,1998Q1,SAME_PERIOD_DIFFERENT_DATE_FIRST_ROW_WINS,1387312,1387311,0,,,,,,,,,,,,
062465,TLCVF,TLC VISION CORP,2002-05-31,2002Q1,SAME_PERIOD_DIFFERENT_DATE_FIRST_ROW_WINS,1389037,1389036,11,82.184,65.765,68.13300000000001,53.192,245.51500000000001,80.85000000000001,-5.631,-99.784,0.789,9.433,14.643,
063281,VSNT.1,VERSANT CORP,2002-01-31,2001Q4,SAME_PERIOD_DIFFERENT_DATE_FIRST_ROW_WINS,1407587,1407586,10,10.109,5.988,2.774,,13.290000000000001,7.067,-0.618,-0.5650000000000001,0.013000000000000001,0.07200000000000001,0.002,
063482,3DALY,DAILEY INTL INC  -CL A,1998-04-30,1998Q1,SAME_PERIOD_DIFFERENT_DATE_FIRST_ROW_WINS,1412176,1412175,0,,,,,,,,,,,,
063572,DDRX,DIEDRICH COFFEE INC,1998-10-31,1998Q3,SAME_PERIOD_DIFFERENT_DATE_FIRST_ROW_WINS,1414393,1414392,10,2.797,3.7590000000000003,9.389000000000001,,12.792,6.765000000000001,-0.522,-0.609,0.0,0.169,2.806,
063572,DDRX,DIEDRICH COFFEE INC,1999-01-31,1998Q4,SAME_PERIOD_DIFFERENT_DATE_FIRST_ROW_WINS,1414395,1414394,10,3.051,3.706,9.120000000000001,,12.736,6.7090000000000005,-0.36200000000000004,-0.447,-0.001,0.17,2.783,
063769,SPSX,SUPERIOR ESSEX INC,1998-04-30,1998Q1,SAME_PERIOD_DIFFERENT_DATE_FIRST_ROW_WINS,1420144,1420143,10,100.84700000000001,62.315000000000005,83.12100000000001,,232.24300000000002,150.037,21.691000000000003,20.054000000000002,8.040000000000001,0.139,74.88300000000001,
063791,SNB.,SUNBURST HOSPITALITY CORP,1998-05-31,1998Q1,SAME_PERIOD_DIFFERENT_DATE_FIRST_ROW_WINS,1420630,1420629,0,,,,,,,,,,,,
063793,CDSEQ,CREDIT STORE INC,2000-11-30,2000Q3,SAME_PERIOD_DIFFERENT_DATE_FIRST_ROW_WINS,1420651,1420650,8,,,5.11,,63.555,52.53,-0.155,-1.5790000000000002,0.0,19.487000000000002,26.373,
063793,CDSEQ,CREDIT STORE INC,2001-02-28,2000Q4,SAME_PERIOD_DIFFERENT_DATE_FIRST_ROW_WINS,1420653,1420652,8,,,5.952,,68.441,56.254000000000005,2.136,0.675,0.0,20.002000000000002,30.116000000000003,
063793,CDSEQ,CREDIT STORE INC,2001-05-31,2001Q1,SAME_PERIOD_DIFFERENT_DATE_FIRST_ROW_WINS,1420655,1420654,0,,,,,,,,,,,,
064130,FUELQ,SMF ENERGY CORP,2000-10-31,2000Q3,SAME_PERIOD_DIFFERENT_DATE_FIRST_ROW_WINS,1429474,1429473,10,10.873000000000001,14.207,12.369,,23.817,20.287000000000003,0.29300000000000004,-0.11800000000000001,0.0,10.566,6.08,
064130,FUELQ,SMF ENERGY CORP,2001-01-31,2000Q4,SAME_PERIOD_DIFFERENT_DATE_FIRST_ROW_WINS,1429476,1429475,10,11.945,13.836,12.021,,24.645,19.427,-0.25,-0.653,0.0,9.868,5.591,
064329,NAB1,SR INVESTMENT INC,1998-02-28,1997Q4,SAME_PERIOD_DIFFERENT_DATE_FIRST_ROW_WINS,1434249,1434248,0,,,,,,,,,,,,
064344,MTN,VAIL RESORTS INC,1997-10-31,1997Q3,SAME_PERIOD_DIFFERENT_DATE_FIRST_ROW_WINS,1434782,1434781,10,79.092,88.425,631.991,,928.239,527.2570000000001,-30.283,-35.429,-14.677000000000001,1.715,336.61400000000003,
065605,RBA,RB GLOBAL INC,1997-04-30,1997Q1,SAME_PERIOD_DIFFERENT_DATE_FIRST_ROW_WINS,1440451,1440444,10,117.485,77.778,25.373,,142.858,83.533,25.165000000000003,25.001,5.992,10.291,5.755,
065465,3EDUT,EDUTREK INTL INC  -CL A,1999-05-31,1999Q1,SAME_PERIOD_DIFFERENT_DATE_FIRST_ROW_WINS,1461200,1461199,0,,,,,,,,,,,,
065499,CCKM.CM,CIRCUIT CITY STORES  -CONSOL,1978-05-31,1978Q1,SAME_PERIOD_DIFFERENT_DATE_FIRST_ROW_WINS,1462146,1462145,10,25.071,15.275,3.568,,28.639000000000003,19.974,0.764,0.683,0.324,0.17800000000000002,3.452,
065561,3LTRY,MDI ENTERTAINMENT INC,2000-05-31,2000Q1,SAME_PERIOD_DIFFERENT_DATE_FIRST_ROW_WINS,1463752,1463751,10,1.6360000000000001,3.355,0.14700000000000002,,2.5700000000000003,3.995,-0.557,-1.5250000000000001,0.0,0.196,0.64,
065615,CHH,CHOICE HOTELS INTL INC,1998-05-31,1998Q1,SAME_PERIOD_DIFFERENT_DATE_FIRST_ROW_WINS,1464996,1464995,0,,,,,,,,,,,,
065640,CSR,CENTRESPACE,2019-04-30,2019Q1,SAME_PERIOD_DIFFERENT_DATE_FIRST_ROW_WINS,1465537,1465536,0,,,,,,,,,,,,
065643,FCS,FAIRCHILD SEMICONDUCTOR INTL,2000-05-31,2000Q1,SAME_PERIOD_DIFFERENT_DATE_FIRST_ROW_WINS,1465598,1465597,0,,,,,,,,,,,,
065702,CWST,CASELLA WASTE SYS INC  -CL A,2015-04-30,2015Q1,SAME_PERIOD_DIFFERENT_DATE_FIRST_ROW_WINS,1467066,1467065,0,,,,,,,,,,,,
065844,WTW.1,WESTOWER CORP,1999-02-28,1998Q4,SAME_PERIOD_DIFFERENT_DATE_FIRST_ROW_WINS,1470272,1470271,0,,,,,,,,,,,,
066675,XPOI,XPONENTIAL INC,2001-10-31,2001Q3,SAME_PERIOD_DIFFERENT_DATE_FIRST_ROW_WINS,1485853,1485852,11,8.528,18.374000000000002,0.992,0.0,10.620000000000001,18.374000000000002,-0.183,-0.34,0.0,5.09,0.0,
066675,XPOI,XPONENTIAL INC,2002-01-31,2001Q4,SAME_PERIOD_DIFFERENT_DATE_FIRST_ROW_WINS,1485855,1485854,11,7.242,17.312,0.935,0.0,9.279,17.312,0.255,-0.279,0.0,4.2700000000000005,0.0,
066684,SDH.1,SODEXHO MARRIOTT SVCS INC,1998-11-30,1998Q3,SAME_PERIOD_DIFFERENT_DATE_FIRST_ROW_WINS,1486145,1486144,10,783.0,819.0,72.0,,1496.0,2025.0,74.60000000000001,52.0,23.0,126.0,1090.0,
066684,SDH.1,SODEXHO MARRIOTT SVCS INC,1999-02-28,1998Q4,SAME_PERIOD_DIFFERENT_DATE_FIRST_ROW_WINS,1486147,1486146,10,731.0,794.0,78.0,,1446.0,1952.0,33.4,20.0,9.0,121.0,1050.0,
066707,3514B,JITNEY JUNGLE STORES OF AMER,1998-04-30,1998Q1,SAME_PERIOD_DIFFERENT_DATE_FIRST_ROW_WINS,1486647,1486646,7,215.854,236.52300000000002,303.774,,694.2800000000001,799.138,,,,6.760000000000001,518.152,
104904,VNLPY,VERNALIS PLC,2004-04-30,2004Q1,SAME_PERIOD_DIFFERENT_DATE_FIRST_ROW_WINS,1500506,1500505,0,,,,,,,,,,,,
108846,HBRM,HERBORIUM GROUP INC,2006-02-28,2005Q4,SAME_PERIOD_DIFFERENT_DATE_FIRST_ROW_WINS,1511036,1511035,3,,,,,,,-0.049,-0.060000000000000005,0.0,,,
109600,JADE.2,LJ INTERNATIONAL INC,2003-04-30,2003Q1,SAME_PERIOD_DIFFERENT_DATE_FIRST_ROW_WINS,1513106,1513105,0,,,,,,,,,,,,
110040,3BSDS,BSD SOFTWARE INC,2002-10-31,2002Q3,SAME_PERIOD_DIFFERENT_DATE_FIRST_ROW_WINS,1514685,1514684,3,,,,,,,-0.024,-2.314,0.0,,,
110040,3BSDS,BSD SOFTWARE INC,2003-01-31,2002Q4,SAME_PERIOD_DIFFERENT_DATE_FIRST_ROW_WINS,1514687,1514686,11,0.757,4.5040000000000004,1.206,0.0,1.963,4.5040000000000004,-0.341,-0.867,0.0,1.508,0.0,
110620,ICLR,ICON PUBLIC LIMITED COMPANY,2006-05-31,2006Q1,SAME_PERIOD_DIFFERENT_DATE_FIRST_ROW_WINS,1516834,1516833,0,,,,,,,,,,,,
111205,IPLY,INTERPLAY ENTERTAINMENT CORP,1997-04-30,1997Q1,SAME_PERIOD_DIFFERENT_DATE_FIRST_ROW_WINS,1519130,1519129,10,57.918,50.028000000000006,8.117,,69.00500000000001,65.278,-34.684000000000005,-36.284,-9.065000000000001,11.073,14.847000000000001,
111479,UMLS,AZTEC TECHNOLOGY PRTNRS INC,1998-04-30,1998Q1,SAME_PERIOD_DIFFERENT_DATE_FIRST_ROW_WINS,1519608,1519607,10,71.084,34.792,5.957,,141.445,36.126000000000005,13.999,12.271,5.797000000000001,0.303,0.309,
111490,FLYR,NAVIGANT INTERNATIONAL INC,1998-04-30,1998Q1,SAME_PERIOD_DIFFERENT_DATE_FIRST_ROW_WINS,1519808,1519807,10,32.302,20.422,18.358,,138.752,36.713,4.146,1.697,1.258,0.49400000000000005,15.098,
111491,SCOO,SCHOOL SPECIALTY INC,2016-04-30,2016Q1,SAME_PERIOD_DIFFERENT_DATE_FIRST_ROW_WINS,1519930,1519929,0,,,,,,,,,,,,
111581,LZR,EMERGENT GROUP INC,2000-04-30,2000Q1,SAME_PERIOD_DIFFERENT_DATE_FIRST_ROW_WINS,1520518,1520517,10,5.272,4.875,0.055,,5.328,4.875,-1.298,-1.324,-0.14,0.6,0.0,
112005,FMHS,FARMHOUSE INC,2008-04-30,2008Q1,SAME_PERIOD_DIFFERENT_DATE_FIRST_ROW_WINS,1523216,1523215,0,,,,,,,,,,,,
113530,LIME.1,LIME ENERGY CO,1999-04-30,1999Q1,SAME_PERIOD_DIFFERENT_DATE_FIRST_ROW_WINS,1529977,1529976,10,1.276,0.8,1.2550000000000001,,2.531,1.57,-3.459,-3.507,0.0,0.518,0.77,
119913,ADNW,AUTO DATA NETWORK INC,2002-05-31,2002Q1,SAME_PERIOD_DIFFERENT_DATE_FIRST_ROW_WINS,1549137,1549136,11,0.09000000000000001,1.362,0.042,0.0,4.946000000000001,1.362,-0.225,-0.228,0.0,0.09000000000000001,0.0,
121560,MXUS,MAXUS TECHNOLOGY CORP,2004-02-29,2003Q4,SAME_PERIOD_DIFFERENT_DATE_FIRST_ROW_WINS,1553971,1553934,11,0.863,1.111,1.121,0.0,1.994,2.603,-0.266,-0.29100000000000004,0.0,0.7050000000000001,0.779,
122170,IFSG,INFOSMART GROUP INC,2006-05-31,2006Q1,SAME_PERIOD_DIFFERENT_DATE_FIRST_ROW_WINS,1558686,1558685,11,0.064,0.053000000000000005,0.0,0.0,0.064,0.053000000000000005,-0.017,-0.017,0.0,0.0,0.0,
122916,RGTPQ,REGENETP INC,2004-01-31,2003Q4,SAME_PERIOD_DIFFERENT_DATE_FIRST_ROW_WINS,1562502,1562501,11,8.785,17.599,0.787,0.0,9.64,24.330000000000002,2.349,1.0570000000000002,0.0,0.47500000000000003,4.021,
125240,TKO,TKO GROUP HOLDINGS INC,2007-04-30,2007Q1,SAME_PERIOD_DIFFERENT_DATE_FIRST_ROW_WINS,1568945,1568944,0,,,,,,,,,,,,
126318,IMMR,IMMERSION CORP,2024-07-31,2024Q2,SAME_PERIOD_DIFFERENT_DATE_FIRST_ROW_WINS,1574652,1574651,3,,,,,,,20.911,21.887,9.687000000000001,,,
126455,BIOM,BIOMOLECULAR LIFE HOLDNG INC,2001-05-31,2001Q1,SAME_PERIOD_DIFFERENT_DATE_FIRST_ROW_WINS,1575951,1575950,10,0.002,0.266,0.0,,0.005,0.266,-0.014,-0.017,0.0,0.24100000000000002,0.0,
127438,GRIC,GOREMOTE INTERNET COMM INC,2005-01-31,2004Q4,SAME_PERIOD_DIFFERENT_DATE_FIRST_ROW_WINS,1579149,1579148,11,27.718,12.394,1.5630000000000002,21.612000000000002,55.792,14.053,-0.783,-0.788,0.031,0.0,0.0,
132526,VATA,VERSATA INC,2002-01-31,2001Q4,SAME_PERIOD_DIFFERENT_DATE_FIRST_ROW_WINS,1585103,1585102,10,27.321,13.814,5.681,,42.018,15.015,-2.529,-2.486,0.0,0.22,0.275,
140760,MON.1,MONSANTO CO,2002-11-30,2002Q3,SAME_PERIOD_DIFFERENT_DATE_FIRST_ROW_WINS,1611633,1611632,3,,,,,,,3.0,-25.0,-8.0,,,
140760,MON.1,MONSANTO CO,2003-02-28,2002Q4,SAME_PERIOD_DIFFERENT_DATE_FIRST_ROW_WINS,1611635,1611634,3,,,,,,,261.0,187.0,72.0,,,
140821,POC.2,CARNIVAL CORP/PLC (GBR),2003-02-28,2002Q4,SAME_PERIOD_DIFFERENT_DATE_FIRST_ROW_WINS,1611824,1611823,3,,,,,,,132.0,122.0,-5.0,,,
141005,3SPCK,SUPERCLICK INC,2004-01-31,2003Q4,SAME_PERIOD_DIFFERENT_DATE_FIRST_ROW_WINS,1613126,1613125,11,0.438,0.28500000000000003,0.039,1.354,1.8310000000000002,0.28500000000000003,-0.13,-0.134,0.0,0.0,0.0,
141720,ETP,ENERGY TRANSFER PARTNERS -LP,1999-11-30,1999Q3,SAME_PERIOD_DIFFERENT_DATE_FIRST_ROW_WINS,1616522,1616521,3,,,,,,,3.43,-0.7070000000000001,0.0,,,
141720,ETP,ENERGY TRANSFER PARTNERS -LP,2000-02-29,1999Q4,SAME_PERIOD_DIFFERENT_DATE_FIRST_ROW_WINS,1616524,1616523,3,,,,,,,21.253,17.337,0.0,,,
141913,GPN,GLOBAL PAYMENTS INC,2017-05-31,2017Q1,SAME_PERIOD_DIFFERENT_DATE_FIRST_ROW_WINS,1617272,1617271,0,,,,,,,,,,,,
144217,PCQ,PIMCO CA MUNICIPAL INCOME FD,2016-01-31,2015Q4,SAME_PERIOD_DIFFERENT_DATE_FIRST_ROW_WINS,1621714,1621713,0,,,,,,,,,,,,
144218,PMF,PIMCO MUNICIPAL INCOME FD,2015-10-31,2015Q3,SAME_PERIOD_DIFFERENT_DATE_FIRST_ROW_WINS,1622118,1622112,0,,,,,,,,,,,,
144219,PNF,PIMCO NY MUNICIPAL INCOME FD,2016-01-31,2015Q4,SAME_PERIOD_DIFFERENT_DATE_FIRST_ROW_WINS,1622383,1622382,0,,,,,,,,,,,,
144096,CUPUF,CARIBBEAN UTILITIES COMPANY,2009-04-30,2009Q1,SAME_PERIOD_DIFFERENT_DATE_FIRST_ROW_WINS,1626120,1626119,0,,,,,,,,,,,,
144710,3TPDO,TORPEDO SPORTS USA INC,2001-10-31,2001Q3,SAME_PERIOD_DIFFERENT_DATE_FIRST_ROW_WINS,1629672,1629671,3,,,,,,,0.799,0.728,0.0,,,
144710,3TPDO,TORPEDO SPORTS USA INC,2002-01-31,2001Q4,SAME_PERIOD_DIFFERENT_DATE_FIRST_ROW_WINS,1629674,1629673,3,,,,,,,0.497,0.231,-0.08700000000000001,,,
145308,WW,WW INTERNATIONAL INC,2000-04-30,2000Q1,SAME_PERIOD_DIFFERENT_DATE_FIRST_ROW_WINS,1632475,1632474,10,77.49300000000001,78.45100000000001,7.001,,334.207,542.448,95.989,66.916,28.323,15.609,460.51000000000005,
145416,SRLS,SERACARE LIFE SCIENCES INC,2001-02-28,2000Q4,SAME_PERIOD_DIFFERENT_DATE_FIRST_ROW_WINS,1633547,1633546,10,16.348000000000003,3.721,0.34,,20.562,14.22,2.1550000000000002,2.1550000000000002,0.884,0.0,0.0,
145577,RVXCF,RESVERLOGIX CORP,2021-04-30,2021Q1,SAME_PERIOD_DIFFERENT_DATE_FIRST_ROW_WINS,1634027,1634026,0,,,,,,,,,,,,
149264,PCK,PIMCO CALIF MUN INCOME FD II,2015-05-31,2015Q1,SAME_PERIOD_DIFFERENT_DATE_FIRST_ROW_WINS,1646392,1646385,0,,,,,,,,,,,,
149264,PCK,PIMCO CALIF MUN INCOME FD II,2015-08-31,2015Q2,SAME_PERIOD_DIFFERENT_DATE_FIRST_ROW_WINS,1646399,1646393,0,,,,,,,,,,,,
149264,PCK,PIMCO CALIF MUN INCOME FD II,2015-11-30,2015Q3,SAME_PERIOD_DIFFERENT_DATE_FIRST_ROW_WINS,1646408,1646400,0,,,,,,,,,,,,
149264,PCK,PIMCO CALIF MUN INCOME FD II,2016-02-29,2015Q4,SAME_PERIOD_DIFFERENT_DATE_FIRST_ROW_WINS,1646421,1646409,0,,,,,,,,,,,,
149264,PCK,PIMCO CALIF MUN INCOME FD II,2016-05-31,2016Q1,SAME_PERIOD_DIFFERENT_DATE_FIRST_ROW_WINS,1646423,1646422,0,,,,,,,,,,,,
149264,PCK,PIMCO CALIF MUN INCOME FD II,2016-08-31,2016Q2,SAME_PERIOD_DIFFERENT_DATE_FIRST_ROW_WINS,1646465,1646429,0,,,,,,,,,,,,
149264,PCK,PIMCO CALIF MUN INCOME FD II,2016-11-30,2016Q3,SAME_PERIOD_DIFFERENT_DATE_FIRST_ROW_WINS,1646467,1646466,0,,,,,,,,,,,,
149264,PCK,PIMCO CALIF MUN INCOME FD II,2017-02-28,2016Q4,SAME_PERIOD_DIFFERENT_DATE_FIRST_ROW_WINS,1646484,1646483,0,,,,,,,,,,,,
149264,PCK,PIMCO CALIF MUN INCOME FD II,2017-05-31,2017Q1,SAME_PERIOD_DIFFERENT_DATE_FIRST_ROW_WINS,1646498,1646491,0,,,,,,,,,,,,
149264,PCK,PIMCO CALIF MUN INCOME FD II,2017-08-31,2017Q2,SAME_PERIOD_DIFFERENT_DATE_FIRST_ROW_WINS,1646505,1646504,0,,,,,,,,,,,,
149264,PCK,PIMCO CALIF MUN INCOME FD II,2017-11-30,2017Q3,SAME_PERIOD_DIFFERENT_DATE_FIRST_ROW_WINS,1646531,1646530,0,,,,,,,,,,,,
149264,PCK,PIMCO CALIF MUN INCOME FD II,2018-02-28,2017Q4,SAME_PERIOD_DIFFERENT_DATE_FIRST_ROW_WINS,1646534,1646532,0,,,,,,,,,,,,
149264,PCK,PIMCO CALIF MUN INCOME FD II,2018-05-31,2018Q1,SAME_PERIOD_DIFFERENT_DATE_FIRST_ROW_WINS,1646560,1646535,0,,,,,,,,,,,,
149264,PCK,PIMCO CALIF MUN INCOME FD II,2018-08-31,2018Q2,SAME_PERIOD_DIFFERENT_DATE_FIRST_ROW_WINS,1646571,1646561,0,,,,,,,,,,,,
149264,PCK,PIMCO CALIF MUN INCOME FD II,2018-11-30,2018Q3,SAME_PERIOD_DIFFERENT_DATE_FIRST_ROW_WINS,1646582,1646572,0,,,,,,,,,,,,
149264,PCK,PIMCO CALIF MUN INCOME FD II,2019-02-28,2018Q4,SAME_PERIOD_DIFFERENT_DATE_FIRST_ROW_WINS,1646622,1646591,0,,,,,,,,,,,,
149265,PML,PIMCO MUNICIPAL INCOME FD II,2016-02-29,2015Q4,SAME_PERIOD_DIFFERENT_DATE_FIRST_ROW_WINS,1647088,1647087,0,,,,,,,,,,,,
149266,PNI,PIMCO NY MUN INCOME FUND II,2016-02-29,2015Q4,SAME_PERIOD_DIFFERENT_DATE_FIRST_ROW_WINS,1647551,1647550,0,,,,,,,,,,,,
149477,QTWWQ,QUANTUM FUEL SYS TECH WORLDW,2012-04-30,2012Q1,SAME_PERIOD_DIFFERENT_DATE_FIRST_ROW_WINS,1653850,1653849,0,,,,,,,,,,,,
150257,SVA,SINOVAC BIOTECH LTD,2003-04-30,2003Q1,SAME_PERIOD_DIFFERENT_DATE_FIRST_ROW_WINS,1656542,1656541,11,0.067,0.156,0.007,0.0,0.13,0.156,0.0,0.0,0.0,0.0,0.0,
151037,MGON.1,MEGOLA INC -OLD,2003-11-30,2003Q3,SAME_PERIOD_DIFFERENT_DATE_FIRST_ROW_WINS,1659490,1659489,0,,,,,,,,,,,,
151037,MGON.1,MEGOLA INC -OLD,2004-02-29,2003Q4,SAME_PERIOD_DIFFERENT_DATE_FIRST_ROW_WINS,1659492,1659491,0,,,,,,,,,,,,
158494,ETG,EATON VANCE TX ADV GLBL DIV,2006-01-31,2005Q4,SAME_PERIOD_DIFFERENT_DATE_FIRST_ROW_WINS,1680491,1680490,0,,,,,,,,,,,,
160287,ETO,EATON VANCE TAX AD GLB DV OP,2007-01-31,2006Q4,SAME_PERIOD_DIFFERENT_DATE_FIRST_ROW_WINS,1684024,1684023,0,,,,,,,,,,,,
160287,ETO,EATON VANCE TAX AD GLB DV OP,2007-04-30,2007Q1,SAME_PERIOD_DIFFERENT_DATE_FIRST_ROW_WINS,1684026,1684025,0,,,,,,,,,,,,
162129,MOS,MOSAIC CO,2013-05-31,2013Q1,SAME_PERIOD_DIFFERENT_DATE_FIRST_ROW_WINS,1696829,1696828,12,6880.5,1764.9,8486.800000000001,1844.6000000000001,18086.0,4643.1,629.7,632.3000000000001,146.9,69.60000000000001,1009.6,25898.1899
165798,UEC,URANIUM ENERGY CORP,2007-10-31,2007Q3,SAME_PERIOD_DIFFERENT_DATE_FIRST_ROW_WINS,1725086,1725085,12,5.45,0.529,13.288,0.0,19.294,0.529,-3.817,-3.7390000000000003,0.028,0.0,0.0,148.2632
165798,UEC,URANIUM ENERGY CORP,2008-01-31,2007Q4,SAME_PERIOD_DIFFERENT_DATE_FIRST_ROW_WINS,1725088,1725087,12,7.658,0.551,13.974,0.0,22.207,0.551,-4.513,-4.449,0.09000000000000001,0.0,0.0,120.20920000000001
166391,BTA.2,BLACKROCK L-T MUNI ADV TRUST,2007-01-31,2006Q4,SAME_PERIOD_DIFFERENT_DATE_FIRST_ROW_WINS,1728028,1728027,0,,,,,,,,,,,,
174057,PFGY,PERFECTENERGY INTL LTD,2007-01-31,2006Q4,SAME_PERIOD_DIFFERENT_DATE_FIRST_ROW_WINS,1740942,1740941,3,,,,,,,-0.2,-0.21100000000000002,0.0,,,
175472,SNDD,REDHAWK HOLDINGS CORP,2015-10-31,2015Q3,SAME_PERIOD_DIFFERENT_DATE_FIRST_ROW_WINS,1754076,1754075,0,,,,,,,,,,,,
175472,SNDD,REDHAWK HOLDINGS CORP,2016-01-31,2015Q4,SAME_PERIOD_DIFFERENT_DATE_FIRST_ROW_WINS,1754078,1754077,0,,,,,,,,,,,,
176872,TPUTQ,BARZEL INDUSTRIES INC,2008-02-29,2007Q4,SAME_PERIOD_DIFFERENT_DATE_FIRST_ROW_WINS,1772137,1772136,12,301.774,135.181,147.187,150.33700000000002,681.339,568.589,-4.117,-14.354000000000001,-6.465000000000001,0.0,373.149,61.352700000000006
179184,HWNI,HIGH WIRE NETWORKS INC,2018-05-31,2018Q1,SAME_PERIOD_DIFFERENT_DATE_FIRST_ROW_WINS,1799082,1799081,0,,,,,,,,,,,,
179694,FNRG,FORCEFIELD ENERGY INC,2012-05-31,2012Q1,SAME_PERIOD_DIFFERENT_DATE_FIRST_ROW_WINS,1804555,1804554,0,,,,,,,,,,,,
180229,MG,MISTRAS GROUP INC,2017-05-31,2017Q1,SAME_PERIOD_DIFFERENT_DATE_FIRST_ROW_WINS,1809356,1809355,0,,,,,,,,,,,,
181104,MDRX,VERADIGM INC,2010-05-31,2010Q1,SAME_PERIOD_DIFFERENT_DATE_FIRST_ROW_WINS,1813991,1813990,12,408.154,212.09300000000002,24.637,413.39000000000004,1094.69,287.865,33.564,24.813000000000002,9.124,1.113,1.1780000000000002,2753.1633
185416,EMGCQ,EMERGENT CAPITAL INC,2019-02-28,2018Q4,SAME_PERIOD_DIFFERENT_DATE_FIRST_ROW_WINS,1847587,1847586,10,,,0.063,0.0,106.482,116.61800000000001,-0.731,-37.459,0.0,1.194,111.58200000000001,15.805200000000001
186654,3CIGW,CIG WIRELESS CORP,2012-02-29,2011Q4,SAME_PERIOD_DIFFERENT_DATE_FIRST_ROW_WINS,1860379,1860378,0,,,,,,,,,,,,
187588,MNGL,BLUE WOLF MONGOLIA HLDGS CP,2012-11-30,2012Q3,SAME_PERIOD_DIFFERENT_DATE_FIRST_ROW_WINS,1864582,1864491,12,0.14500000000000002,0.04,0.0,0.0,80.393,5.998,-0.085,1.5050000000000001,0.0,0.0,0.0,30.8029
187588,MNGL,BLUE WOLF MONGOLIA HLDGS CP,2013-02-28,2012Q4,SAME_PERIOD_DIFFERENT_DATE_FIRST_ROW_WINS,1865266,1865265,0,,,,,,,,,,,,
187405,EMO,CLEARBRIDGE ENG MIDSTRM OPP,2013-02-28,2012Q4,SAME_PERIOD_DIFFERENT_DATE_FIRST_ROW_WINS,1867664,1867663,1,,,,,,,,,,,,711.1013
187625,RDMPQ,RED MOUNTAIN RESOURCES INC,2012-11-30,2012Q3,SAME_PERIOD_DIFFERENT_DATE_FIRST_ROW_WINS,1869584,1869583,12,1.929,17.650000000000002,22.181,0.0,37.943000000000005,18.583000000000002,-1.21,-3.238,0.0,10.843,0.0,80.4321
187625,RDMPQ,RED MOUNTAIN RESOURCES INC,2013-02-28,2012Q4,SAME_PERIOD_DIFFERENT_DATE_FIRST_ROW_WINS,1869586,1869585,12,9.269,33.595,70.307,0.0,85.03,39.342,-1.4000000000000001,-3.048,0.0,22.031000000000002,0.0,93.12740000000001
187625,RDMPQ,RED MOUNTAIN RESOURCES INC,2013-05-31,2013Q1,SAME_PERIOD_DIFFERENT_DATE_FIRST_ROW_WINS,1869588,1869587,12,8.377,16.735,75.132,0.0,89.23,42.273,-0.932,-1.5250000000000001,0.0,3.8080000000000003,19.8,95.7311
188856,FRG,FRANCHISE GROUP INC,2020-04-30,2020Q1,SAME_PERIOD_DIFFERENT_DATE_FIRST_ROW_WINS,1872888,1872887,0,,,,,,,,,,,,
190572,STAFQ,STAFFING 360 SOLUTIONS INC,2017-05-31,2017Q1,SAME_PERIOD_DIFFERENT_DATE_FIRST_ROW_WINS,1875178,1875177,0,,,,,,,,,,,,
195056,ILUS,ILUSTRATO PICTURES INTL INC,2022-04-30,2022Q1,SAME_PERIOD_DIFFERENT_DATE_FIRST_ROW_WINS,1876919,1876918,0,,,,,,,,,,,,
260850,SCD,LMP CAPITAL & INCOME FND INC,2011-02-28,2010Q4,SAME_PERIOD_DIFFERENT_DATE_FIRST_ROW_WINS,1893120,1893119,0,,,,,,,,,,,,
286433,OASMY,VIVESTO AB,2021-04-30,2021Q1,SAME_PERIOD_DIFFERENT_DATE_FIRST_ROW_WINS,1899963,1899962,0,,,,,,,,,,,,
