explanation_id,headline_key,effect_combination,dominant_driver,explanation,rows,reached
1082,INVALID,UNCLASSIFIED,UNCLASSIFIED,No comparison is available (UNCLASSIFIED_MISSING_DATA).,832798,True
695,INCREASE,EBIT_POS__TAX_NEG__IC_NEG,EBIT,"ROIC increased. EBIT contributed positively, while the tax rate and invested capital worked against the change. EBIT was the dominant driver.",62082,True
680,INCREASE,EBIT_POS__TAX_POS__IC_NEG,EBIT,"ROIC increased. EBIT and the tax rate contributed positively, while invested capital worked against the change. EBIT was the dominant driver.",56681,True
860,DECREASE,EBIT_NEG__TAX_POS__IC_NEG,EBIT,"ROIC decreased. The tax rate contributed positively, while EBIT and invested capital worked against the change. EBIT was the dominant driver.",53131,True
1081,INVALID,UNCLASSIFIED,UNCLASSIFIED,No comparison is available (UNCLASSIFIED_NONCONSECUTIVE).,44099,True
875,DECREASE,EBIT_NEG__TAX_NEG__IC_NEG,EBIT,"ROIC decreased. EBIT, the tax rate and invested capital worked against the change. EBIT was the dominant driver.",43865,True
710,INCREASE,EBIT_POS__TAX_ZERO__IC_NEG,EBIT,"ROIC increased. EBIT contributed positively, while invested capital worked against the change. EBIT was the dominant driver.",32152,True
440,NEGATIVE_NOPAT_INCREASE,EBIT_POS__TAX_ZERO__IC_NEG,EBIT,"ROIC became less negative, but the change was mechanical. EBIT contributed positively, while invested capital worked against the change. EBIT was the dominant driver.",29372,True
620,NEGATIVE_NOPAT_DECREASE,EBIT_NEG__TAX_ZERO__IC_NEG,EBIT,ROIC became more negative. EBIT and invested capital worked against the change. EBIT was the dominant driver.,28886,True
890,DECREASE,EBIT_NEG__TAX_ZERO__IC_NEG,EBIT,ROIC decreased. EBIT and invested capital worked against the change. EBIT was the dominant driver.,20523,True
690,INCREASE,EBIT_POS__TAX_NEG__IC_POS,EBIT,"ROIC increased. EBIT and invested capital contributed positively, while the tax rate worked against the change. EBIT was the dominant driver.",19298,True
855,DECREASE,EBIT_NEG__TAX_POS__IC_POS,EBIT,"ROIC decreased. The tax rate and invested capital contributed positively, while EBIT worked against the change. EBIT was the dominant driver.",17828,True
675,INCREASE,EBIT_POS__TAX_POS__IC_POS,EBIT,"ROIC increased. EBIT, the tax rate and invested capital contributed positively. EBIT was the dominant driver.",16923,True
870,DECREASE,EBIT_NEG__TAX_NEG__IC_POS,EBIT,"ROIC decreased. Invested capital contributed positively, while EBIT and the tax rate worked against the change. EBIT was the dominant driver.",16282,True
577,NEGATIVE_NOPAT_DECREASE,EBIT_POS__TAX_ZERO__IC_NEG,IC,"ROIC became more negative. EBIT contributed positively, while invested capital worked against the change. Invested capital was the dominant driver.",14490,True
831,DECREASE,EBIT_POS__TAX_NEG__IC_NEG,TAX,"ROIC decreased. EBIT contributed positively, while the tax rate and invested capital worked against the change. The tax rate was the dominant driver.",14454,True
615,NEGATIVE_NOPAT_DECREASE,EBIT_NEG__TAX_ZERO__IC_POS,EBIT,"ROIC became more negative. Invested capital contributed positively, while EBIT worked against the change. EBIT was the dominant driver.",13673,True
622,NEGATIVE_NOPAT_DECREASE,EBIT_NEG__TAX_ZERO__IC_NEG,IC,ROIC became more negative. EBIT and invested capital worked against the change. Invested capital was the dominant driver.,13591,True
681,INCREASE,EBIT_POS__TAX_POS__IC_NEG,TAX,"ROIC increased. EBIT and the tax rate contributed positively, while invested capital worked against the change. The tax rate was the dominant driver.",13330,True
425,NEGATIVE_NOPAT_INCREASE,EBIT_POS__TAX_NEG__IC_NEG,EBIT,"ROIC became less negative, but the change was mechanical. EBIT contributed positively, while the tax rate and invested capital worked against the change. EBIT was the dominant driver.",12892,True
80,NEGATIVE_IC,EBIT_NEG__TAX_ZERO__IC_NEG,EBIT,"Invested capital was negative, so the ratio is mechanical rather than economic. EBIT and invested capital worked against the change. EBIT was the dominant driver.",12506,True
726,INCREASE,EBIT_NEG__TAX_POS__IC_NEG,TAX,"ROIC increased. The tax rate contributed positively, while EBIT and invested capital worked against the change. The tax rate was the dominant driver.",11747,True
590,NEGATIVE_NOPAT_DECREASE,EBIT_NEG__TAX_POS__IC_NEG,EBIT,"ROIC became more negative. The tax rate contributed positively, while EBIT and invested capital worked against the change. EBIT was the dominant driver.",11409,True
482,NEGATIVE_NOPAT_INCREASE,EBIT_NEG__TAX_ZERO__IC_POS,IC,"ROIC became less negative, but the change was mechanical. Invested capital contributed positively, while EBIT worked against the change. Invested capital was the dominant driver.",11307,True
876,DECREASE,EBIT_NEG__TAX_NEG__IC_NEG,TAX,"ROIC decreased. EBIT, the tax rate and invested capital worked against the change. The tax rate was the dominant driver.",11301,True
435,NEGATIVE_NOPAT_INCREASE,EBIT_POS__TAX_ZERO__IC_POS,EBIT,"ROIC became less negative, but the change was mechanical. EBIT and invested capital contributed positively. EBIT was the dominant driver.",11178,True
605,NEGATIVE_NOPAT_DECREASE,EBIT_NEG__TAX_NEG__IC_NEG,EBIT,"ROIC became more negative. EBIT, the tax rate and invested capital worked against the change. EBIT was the dominant driver.",10823,True
35,NEGATIVE_IC,EBIT_POS__TAX_ZERO__IC_NEG,EBIT,"Invested capital was negative, so the ratio is mechanical rather than economic. EBIT contributed positively, while invested capital worked against the change. EBIT was the dominant driver.",10269,True
700,INCREASE,EBIT_POS__TAX_NEG__IC_ZERO,EBIT,"ROIC increased. EBIT contributed positively, while the tax rate worked against the change. EBIT was the dominant driver.",10141,True
335,PROFIT_TO_LOSS,EBIT_NEG__TAX_NEG__IC_NEG,EBIT,"NOPAT turned negative. EBIT, the tax rate and invested capital worked against the change. EBIT was the dominant driver.",9369,True
705,INCREASE,EBIT_POS__TAX_ZERO__IC_POS,EBIT,ROIC increased. EBIT and invested capital contributed positively. EBIT was the dominant driver.,9328,True
410,NEGATIVE_NOPAT_INCREASE,EBIT_POS__TAX_POS__IC_NEG,EBIT,"ROIC became less negative, but the change was mechanical. EBIT and the tax rate contributed positively, while invested capital worked against the change. EBIT was the dominant driver.",9277,True
865,DECREASE,EBIT_NEG__TAX_POS__IC_ZERO,EBIT,"ROIC decreased. The tax rate contributed positively, while EBIT worked against the change. EBIT was the dominant driver.",9275,True
685,INCREASE,EBIT_POS__TAX_POS__IC_ZERO,EBIT,ROIC increased. EBIT and the tax rate contributed positively. EBIT was the dominant driver.,8558,True
155,LOSS_TO_PROFIT,EBIT_POS__TAX_NEG__IC_NEG,EBIT,"NOPAT turned positive. EBIT contributed positively, while the tax rate and invested capital worked against the change. EBIT was the dominant driver.",8391,True
320,PROFIT_TO_LOSS,EBIT_NEG__TAX_POS__IC_NEG,EBIT,"NOPAT turned negative. The tax rate contributed positively, while EBIT and invested capital worked against the change. EBIT was the dominant driver.",8308,True
170,LOSS_TO_PROFIT,EBIT_POS__TAX_ZERO__IC_NEG,EBIT,"NOPAT turned positive. EBIT contributed positively, while invested capital worked against the change. EBIT was the dominant driver.",8171,True
140,LOSS_TO_PROFIT,EBIT_POS__TAX_POS__IC_NEG,EBIT,"NOPAT turned positive. EBIT and the tax rate contributed positively, while invested capital worked against the change. EBIT was the dominant driver.",7750,True
880,DECREASE,EBIT_NEG__TAX_NEG__IC_ZERO,EBIT,ROIC decreased. EBIT and the tax rate worked against the change. EBIT was the dominant driver.,7711,True
885,DECREASE,EBIT_NEG__TAX_ZERO__IC_POS,EBIT,"ROIC decreased. Invested capital contributed positively, while EBIT worked against the change. EBIT was the dominant driver.",7647,True
437,NEGATIVE_NOPAT_INCREASE,EBIT_POS__TAX_ZERO__IC_POS,IC,"ROIC became less negative, but the change was mechanical. EBIT and invested capital contributed positively. Invested capital was the dominant driver.",7637,True
832,DECREASE,EBIT_POS__TAX_NEG__IC_NEG,IC,"ROIC decreased. EBIT contributed positively, while the tax rate and invested capital worked against the change. Invested capital was the dominant driver.",7620,True
175,LOSS_TO_PROFIT,EBIT_POS__TAX_ZERO__IC_ZERO,EBIT,NOPAT turned positive. EBIT contributed positively. EBIT was the dominant driver.,7004,True
82,NEGATIVE_IC,EBIT_NEG__TAX_ZERO__IC_NEG,IC,"Invested capital was negative, so the ratio is mechanical rather than economic. EBIT and invested capital worked against the change. Invested capital was the dominant driver.",6918,True
350,PROFIT_TO_LOSS,EBIT_NEG__TAX_ZERO__IC_NEG,EBIT,NOPAT turned negative. EBIT and invested capital worked against the change. EBIT was the dominant driver.,6840,True
37,NEGATIVE_IC,EBIT_POS__TAX_ZERO__IC_NEG,IC,"Invested capital was negative, so the ratio is mechanical rather than economic. EBIT contributed positively, while invested capital worked against the change. Invested capital was the dominant driver.",6749,True
721,INCREASE,EBIT_NEG__TAX_POS__IC_POS,TAX,"ROIC increased. The tax rate and invested capital contributed positively, while EBIT worked against the change. The tax rate was the dominant driver.",6677,True
355,PROFIT_TO_LOSS,EBIT_NEG__TAX_ZERO__IC_ZERO,EBIT,NOPAT turned negative. EBIT worked against the change. EBIT was the dominant driver.,6659,True
817,DECREASE,EBIT_POS__TAX_POS__IC_NEG,IC,"ROIC decreased. EBIT and the tax rate contributed positively, while invested capital worked against the change. Invested capital was the dominant driver.",6653,True
676,INCREASE,EBIT_POS__TAX_POS__IC_POS,TAX,"ROIC increased. EBIT, the tax rate and invested capital contributed positively. The tax rate was the dominant driver.",6166,True
826,DECREASE,EBIT_POS__TAX_NEG__IC_POS,TAX,"ROIC decreased. EBIT and invested capital contributed positively, while the tax rate worked against the change. The tax rate was the dominant driver.",5959,True
862,DECREASE,EBIT_NEG__TAX_POS__IC_NEG,IC,"ROIC decreased. The tax rate contributed positively, while EBIT and invested capital worked against the change. Invested capital was the dominant driver.",5944,True
325,PROFIT_TO_LOSS,EBIT_NEG__TAX_POS__IC_ZERO,EBIT,"NOPAT turned negative. The tax rate contributed positively, while EBIT worked against the change. EBIT was the dominant driver.",5927,True
715,INCREASE,EBIT_POS__TAX_ZERO__IC_ZERO,EBIT,ROIC increased. EBIT contributed positively. EBIT was the dominant driver.,5794,True
871,DECREASE,EBIT_NEG__TAX_NEG__IC_POS,TAX,"ROIC decreased. Invested capital contributed positively, while EBIT and the tax rate worked against the change. The tax rate was the dominant driver.",5743,True
847,DECREASE,EBIT_POS__TAX_ZERO__IC_NEG,IC,"ROIC decreased. EBIT contributed positively, while invested capital worked against the change. Invested capital was the dominant driver.",5580,True
160,LOSS_TO_PROFIT,EBIT_POS__TAX_NEG__IC_ZERO,EBIT,"NOPAT turned positive. EBIT contributed positively, while the tax rate worked against the change. EBIT was the dominant driver.",5383,True
77,NEGATIVE_IC,EBIT_NEG__TAX_ZERO__IC_POS,IC,"Invested capital was negative, so the ratio is mechanical rather than economic. Invested capital contributed positively, while EBIT worked against the change. Invested capital was the dominant driver.",5264,True
315,PROFIT_TO_LOSS,EBIT_NEG__TAX_POS__IC_POS,EBIT,"NOPAT turned negative. The tax rate and invested capital contributed positively, while EBIT worked against the change. EBIT was the dominant driver.",5259,True
330,PROFIT_TO_LOSS,EBIT_NEG__TAX_NEG__IC_POS,EBIT,"NOPAT turned negative. Invested capital contributed positively, while EBIT and the tax rate worked against the change. EBIT was the dominant driver.",5253,True
877,DECREASE,EBIT_NEG__TAX_NEG__IC_NEG,IC,"ROIC decreased. EBIT, the tax rate and invested capital worked against the change. Invested capital was the dominant driver.",5088,True
32,NEGATIVE_IC,EBIT_POS__TAX_ZERO__IC_POS,IC,"Invested capital was negative, so the ratio is mechanical rather than economic. EBIT and invested capital contributed positively. Invested capital was the dominant driver.",5086,True
420,NEGATIVE_NOPAT_INCREASE,EBIT_POS__TAX_NEG__IC_POS,EBIT,"ROIC became less negative, but the change was mechanical. EBIT and invested capital contributed positively, while the tax rate worked against the change. EBIT was the dominant driver.",4913,True
340,PROFIT_TO_LOSS,EBIT_NEG__TAX_NEG__IC_ZERO,EBIT,NOPAT turned negative. EBIT and the tax rate worked against the change. EBIT was the dominant driver.,4897,True
75,NEGATIVE_IC,EBIT_NEG__TAX_ZERO__IC_POS,EBIT,"Invested capital was negative, so the ratio is mechanical rather than economic. Invested capital contributed positively, while EBIT worked against the change. EBIT was the dominant driver.",4679,True
135,LOSS_TO_PROFIT,EBIT_POS__TAX_POS__IC_POS,EBIT,"NOPAT turned positive. EBIT, the tax rate and invested capital contributed positively. EBIT was the dominant driver.",4657,True
895,DECREASE,EBIT_NEG__TAX_ZERO__IC_ZERO,EBIT,ROIC decreased. EBIT worked against the change. EBIT was the dominant driver.,4626,True
585,NEGATIVE_NOPAT_DECREASE,EBIT_NEG__TAX_POS__IC_POS,EBIT,"ROIC became more negative. The tax rate and invested capital contributed positively, while EBIT worked against the change. EBIT was the dominant driver.",4603,True
683,INCREASE,EBIT_POS__TAX_POS__IC_NEG,BALANCED,"ROIC increased. EBIT and the tax rate contributed positively, while invested capital worked against the change. No single driver dominated.",4570,True
150,LOSS_TO_PROFIT,EBIT_POS__TAX_NEG__IC_POS,EBIT,"NOPAT turned positive. EBIT and invested capital contributed positively, while the tax rate worked against the change. EBIT was the dominant driver.",4566,True
165,LOSS_TO_PROFIT,EBIT_POS__TAX_ZERO__IC_POS,EBIT,NOPAT turned positive. EBIT and invested capital contributed positively. EBIT was the dominant driver.,4557,True
833,DECREASE,EBIT_POS__TAX_NEG__IC_NEG,BALANCED,"ROIC decreased. EBIT contributed positively, while the tax rate and invested capital worked against the change. No single driver dominated.",4509,True
30,NEGATIVE_IC,EBIT_POS__TAX_ZERO__IC_POS,EBIT,"Invested capital was negative, so the ratio is mechanical rather than economic. EBIT and invested capital contributed positively. EBIT was the dominant driver.",4451,True
145,LOSS_TO_PROFIT,EBIT_POS__TAX_POS__IC_ZERO,EBIT,NOPAT turned positive. EBIT and the tax rate contributed positively. EBIT was the dominant driver.,4435,True
345,PROFIT_TO_LOSS,EBIT_NEG__TAX_ZERO__IC_POS,EBIT,"NOPAT turned negative. Invested capital contributed positively, while EBIT worked against the change. EBIT was the dominant driver.",4399,True
600,NEGATIVE_NOPAT_DECREASE,EBIT_NEG__TAX_NEG__IC_POS,EBIT,"ROIC became more negative. Invested capital contributed positively, while EBIT and the tax rate worked against the change. EBIT was the dominant driver.",4282,True
863,DECREASE,EBIT_NEG__TAX_POS__IC_NEG,BALANCED,"ROIC decreased. The tax rate contributed positively, while EBIT and invested capital worked against the change. No single driver dominated.",4019,True
405,NEGATIVE_NOPAT_INCREASE,EBIT_POS__TAX_POS__IC_POS,EBIT,"ROIC became less negative, but the change was mechanical. EBIT, the tax rate and invested capital contributed positively. EBIT was the dominant driver.",3795,True
892,DECREASE,EBIT_NEG__TAX_ZERO__IC_NEG,IC,ROIC decreased. EBIT and invested capital worked against the change. Invested capital was the dominant driver.,3574,True
878,DECREASE,EBIT_NEG__TAX_NEG__IC_NEG,BALANCED,"ROIC decreased. EBIT, the tax rate and invested capital worked against the change. No single driver dominated.",3407,True
731,INCREASE,EBIT_NEG__TAX_POS__IC_ZERO,TAX,"ROIC increased. The tax rate contributed positively, while EBIT worked against the change. The tax rate was the dominant driver.",2961,True
836,DECREASE,EBIT_POS__TAX_NEG__IC_ZERO,TAX,"ROIC decreased. EBIT contributed positively, while the tax rate worked against the change. The tax rate was the dominant driver.",2915,True
830,DECREASE,EBIT_POS__TAX_NEG__IC_NEG,EBIT,"ROIC decreased. EBIT contributed positively, while the tax rate and invested capital worked against the change. EBIT was the dominant driver.",2856,True
686,INCREASE,EBIT_POS__TAX_POS__IC_ZERO,TAX,ROIC increased. EBIT and the tax rate contributed positively. The tax rate was the dominant driver.,2846,True
881,DECREASE,EBIT_NEG__TAX_NEG__IC_ZERO,TAX,ROIC decreased. EBIT and the tax rate worked against the change. The tax rate was the dominant driver.,2697,True
606,NEGATIVE_NOPAT_DECREASE,EBIT_NEG__TAX_NEG__IC_NEG,TAX,"ROIC became more negative. EBIT, the tax rate and invested capital worked against the change. The tax rate was the dominant driver.",2374,True
445,NEGATIVE_NOPAT_INCREASE,EBIT_POS__TAX_ZERO__IC_ZERO,EBIT,"ROIC became less negative, but the change was mechanical. EBIT contributed positively. EBIT was the dominant driver.",2222,True
561,NEGATIVE_NOPAT_DECREASE,EBIT_POS__TAX_NEG__IC_NEG,TAX,"ROIC became more negative. EBIT contributed positively, while the tax rate and invested capital worked against the change. The tax rate was the dominant driver.",2217,True
562,NEGATIVE_NOPAT_DECREASE,EBIT_POS__TAX_NEG__IC_NEG,IC,"ROIC became more negative. EBIT contributed positively, while the tax rate and invested capital worked against the change. Invested capital was the dominant driver.",2155,True
625,NEGATIVE_NOPAT_DECREASE,EBIT_NEG__TAX_ZERO__IC_ZERO,EBIT,ROIC became more negative. EBIT worked against the change. EBIT was the dominant driver.,2110,True
181,LOSS_TO_PROFIT,EBIT_NEG__TAX_POS__IC_POS,TAX,"NOPAT turned positive. The tax rate and invested capital contributed positively, while EBIT worked against the change. The tax rate was the dominant driver.",2023,True
286,PROFIT_TO_LOSS,EBIT_POS__TAX_NEG__IC_POS,TAX,"NOPAT turned negative. EBIT and invested capital contributed positively, while the tax rate worked against the change. The tax rate was the dominant driver.",2003,True
336,PROFIT_TO_LOSS,EBIT_NEG__TAX_NEG__IC_NEG,TAX,"NOPAT turned negative. EBIT, the tax rate and invested capital worked against the change. The tax rate was the dominant driver.",1996,True
592,NEGATIVE_NOPAT_DECREASE,EBIT_NEG__TAX_POS__IC_NEG,IC,"ROIC became more negative. The tax rate contributed positively, while EBIT and invested capital worked against the change. Invested capital was the dominant driver.",1955,True
623,NEGATIVE_NOPAT_DECREASE,EBIT_NEG__TAX_ZERO__IC_NEG,BALANCED,ROIC became more negative. EBIT and invested capital worked against the change. No single driver dominated.,1943,True
141,LOSS_TO_PROFIT,EBIT_POS__TAX_POS__IC_NEG,TAX,"NOPAT turned positive. EBIT and the tax rate contributed positively, while invested capital worked against the change. The tax rate was the dominant driver.",1926,True
607,NEGATIVE_NOPAT_DECREASE,EBIT_NEG__TAX_NEG__IC_NEG,IC,"ROIC became more negative. EBIT, the tax rate and invested capital worked against the change. Invested capital was the dominant driver.",1889,True
296,PROFIT_TO_LOSS,EBIT_POS__TAX_NEG__IC_ZERO,TAX,"NOPAT turned negative. EBIT contributed positively, while the tax rate worked against the change. The tax rate was the dominant driver.",1777,True
547,NEGATIVE_NOPAT_DECREASE,EBIT_POS__TAX_POS__IC_NEG,IC,"ROIC became more negative. EBIT and the tax rate contributed positively, while invested capital worked against the change. Invested capital was the dominant driver.",1770,True
411,NEGATIVE_NOPAT_INCREASE,EBIT_POS__TAX_POS__IC_NEG,TAX,"ROIC became less negative, but the change was mechanical. EBIT and the tax rate contributed positively, while invested capital worked against the change. The tax rate was the dominant driver.",1768,True
191,LOSS_TO_PROFIT,EBIT_NEG__TAX_POS__IC_ZERO,TAX,"NOPAT turned positive. The tax rate contributed positively, while EBIT worked against the change. The tax rate was the dominant driver.",1751,True
291,PROFIT_TO_LOSS,EBIT_POS__TAX_NEG__IC_NEG,TAX,"NOPAT turned negative. EBIT contributed positively, while the tax rate and invested capital worked against the change. The tax rate was the dominant driver.",1721,True
456,NEGATIVE_NOPAT_INCREASE,EBIT_NEG__TAX_POS__IC_NEG,TAX,"ROIC became less negative, but the change was mechanical. The tax rate contributed positively, while EBIT and invested capital worked against the change. The tax rate was the dominant driver.",1700,True
677,INCREASE,EBIT_POS__TAX_POS__IC_POS,IC,"ROIC increased. EBIT, the tax rate and invested capital contributed positively. Invested capital was the dominant driver.",1671,True
692,INCREASE,EBIT_POS__TAX_NEG__IC_POS,IC,"ROIC increased. EBIT and invested capital contributed positively, while the tax rate worked against the change. Invested capital was the dominant driver.",1630,True
331,PROFIT_TO_LOSS,EBIT_NEG__TAX_NEG__IC_POS,TAX,"NOPAT turned negative. Invested capital contributed positively, while EBIT and the tax rate worked against the change. The tax rate was the dominant driver.",1586,True
430,NEGATIVE_NOPAT_INCREASE,EBIT_POS__TAX_NEG__IC_ZERO,EBIT,"ROIC became less negative, but the change was mechanical. EBIT contributed positively, while the tax rate worked against the change. EBIT was the dominant driver.",1564,True
186,LOSS_TO_PROFIT,EBIT_NEG__TAX_POS__IC_NEG,TAX,"NOPAT turned positive. The tax rate contributed positively, while EBIT and invested capital worked against the change. The tax rate was the dominant driver.",1553,True
595,NEGATIVE_NOPAT_DECREASE,EBIT_NEG__TAX_POS__IC_ZERO,EBIT,"ROIC became more negative. The tax rate contributed positively, while EBIT worked against the change. EBIT was the dominant driver.",1508,True
136,LOSS_TO_PROFIT,EBIT_POS__TAX_POS__IC_POS,TAX,"NOPAT turned positive. EBIT, the tax rate and invested capital contributed positively. The tax rate was the dominant driver.",1494,True
861,DECREASE,EBIT_NEG__TAX_POS__IC_NEG,TAX,"ROIC decreased. The tax rate contributed positively, while EBIT and invested capital worked against the change. The tax rate was the dominant driver.",1461,True
452,NEGATIVE_NOPAT_INCREASE,EBIT_NEG__TAX_POS__IC_POS,IC,"ROIC became less negative, but the change was mechanical. The tax rate and invested capital contributed positively, while EBIT worked against the change. Invested capital was the dominant driver.",1447,True
693,INCREASE,EBIT_POS__TAX_NEG__IC_POS,BALANCED,"ROIC increased. EBIT and invested capital contributed positively, while the tax rate worked against the change. No single driver dominated.",1396,True
723,INCREASE,EBIT_NEG__TAX_POS__IC_POS,BALANCED,"ROIC increased. The tax rate and invested capital contributed positively, while EBIT worked against the change. No single driver dominated.",1385,True
722,INCREASE,EBIT_NEG__TAX_POS__IC_POS,IC,"ROIC increased. The tax rate and invested capital contributed positively, while EBIT worked against the change. Invested capital was the dominant driver.",1372,True
341,PROFIT_TO_LOSS,EBIT_NEG__TAX_NEG__IC_ZERO,TAX,NOPAT turned negative. EBIT and the tax rate worked against the change. The tax rate was the dominant driver.,1358,True
610,NEGATIVE_NOPAT_DECREASE,EBIT_NEG__TAX_NEG__IC_ZERO,EBIT,ROIC became more negative. EBIT and the tax rate worked against the change. EBIT was the dominant driver.,1354,True
682,INCREASE,EBIT_POS__TAX_POS__IC_NEG,IC,"ROIC increased. EBIT and the tax rate contributed positively, while invested capital worked against the change. Invested capital was the dominant driver.",1353,True
678,INCREASE,EBIT_POS__TAX_POS__IC_POS,BALANCED,"ROIC increased. EBIT, the tax rate and invested capital contributed positively. No single driver dominated.",1352,True
146,LOSS_TO_PROFIT,EBIT_POS__TAX_POS__IC_ZERO,TAX,NOPAT turned positive. EBIT and the tax rate contributed positively. The tax rate was the dominant driver.,1277,True
467,NEGATIVE_NOPAT_INCREASE,EBIT_NEG__TAX_NEG__IC_POS,IC,"ROIC became less negative, but the change was mechanical. Invested capital contributed positively, while EBIT and the tax rate worked against the change. Invested capital was the dominant driver.",1276,True
873,DECREASE,EBIT_NEG__TAX_NEG__IC_POS,BALANCED,"ROIC decreased. Invested capital contributed positively, while EBIT and the tax rate worked against the change. No single driver dominated.",1258,True
50,NEGATIVE_IC,EBIT_NEG__TAX_POS__IC_NEG,EBIT,"Invested capital was negative, so the ratio is mechanical rather than economic. The tax rate contributed positively, while EBIT and invested capital worked against the change. EBIT was the dominant driver.",1208,True
415,NEGATIVE_NOPAT_INCREASE,EBIT_POS__TAX_POS__IC_ZERO,EBIT,"ROIC became less negative, but the change was mechanical. EBIT and the tax rate contributed positively. EBIT was the dominant driver.",1206,True
422,NEGATIVE_NOPAT_INCREASE,EBIT_POS__TAX_NEG__IC_POS,IC,"ROIC became less negative, but the change was mechanical. EBIT and invested capital contributed positively, while the tax rate worked against the change. Invested capital was the dominant driver.",1183,True
707,INCREASE,EBIT_POS__TAX_ZERO__IC_POS,IC,ROIC increased. EBIT and invested capital contributed positively. Invested capital was the dominant driver.,1096,True
601,NEGATIVE_NOPAT_DECREASE,EBIT_NEG__TAX_NEG__IC_POS,TAX,"ROIC became more negative. Invested capital contributed positively, while EBIT and the tax rate worked against the change. The tax rate was the dominant driver.",1070,True
407,NEGATIVE_NOPAT_INCREASE,EBIT_POS__TAX_POS__IC_POS,IC,"ROIC became less negative, but the change was mechanical. EBIT, the tax rate and invested capital contributed positively. Invested capital was the dominant driver.",1043,True
556,NEGATIVE_NOPAT_DECREASE,EBIT_POS__TAX_NEG__IC_POS,TAX,"ROIC became more negative. EBIT and invested capital contributed positively, while the tax rate worked against the change. The tax rate was the dominant driver.",1026,True
451,NEGATIVE_NOPAT_INCREASE,EBIT_NEG__TAX_POS__IC_POS,TAX,"ROIC became less negative, but the change was mechanical. The tax rate and invested capital contributed positively, while EBIT worked against the change. The tax rate was the dominant driver.",996,True
65,NEGATIVE_IC,EBIT_NEG__TAX_NEG__IC_NEG,EBIT,"Invested capital was negative, so the ratio is mechanical rather than economic. EBIT, the tax rate and invested capital worked against the change. EBIT was the dominant driver.",989,True
737,INCREASE,EBIT_NEG__TAX_NEG__IC_POS,IC,"ROIC increased. Invested capital contributed positively, while EBIT and the tax rate worked against the change. Invested capital was the dominant driver.",989,True
443,NEGATIVE_NOPAT_INCREASE,EBIT_POS__TAX_ZERO__IC_NEG,BALANCED,"ROIC became less negative, but the change was mechanical. EBIT contributed positively, while invested capital worked against the change. No single driver dominated.",955,True
965,UNCHANGED,EBIT_POS__TAX_NEG__IC_NEG,EBIT,"ROIC was essentially unchanged. EBIT contributed positively, while the tax rate and invested capital worked against the change. EBIT was the dominant driver.",953,True
62,NEGATIVE_IC,EBIT_NEG__TAX_NEG__IC_POS,IC,"Invested capital was negative, so the ratio is mechanical rather than economic. Invested capital contributed positively, while EBIT and the tax rate worked against the change. Invested capital was the dominant driver.",951,True
578,NEGATIVE_NOPAT_DECREASE,EBIT_POS__TAX_ZERO__IC_NEG,BALANCED,"ROIC became more negative. EBIT contributed positively, while invested capital worked against the change. No single driver dominated.",943,True
20,NEGATIVE_IC,EBIT_POS__TAX_NEG__IC_NEG,EBIT,"Invested capital was negative, so the ratio is mechanical rather than economic. EBIT contributed positively, while the tax rate and invested capital worked against the change. EBIT was the dominant driver.",916,True
406,NEGATIVE_NOPAT_INCREASE,EBIT_POS__TAX_POS__IC_POS,TAX,"ROIC became less negative, but the change was mechanical. EBIT, the tax rate and invested capital contributed positively. The tax rate was the dominant driver.",915,True
438,NEGATIVE_NOPAT_INCREASE,EBIT_POS__TAX_ZERO__IC_POS,BALANCED,"ROIC became less negative, but the change was mechanical. EBIT and invested capital contributed positively. No single driver dominated.",899,True
85,NEGATIVE_IC,EBIT_NEG__TAX_ZERO__IC_ZERO,EBIT,"Invested capital was negative, so the ratio is mechanical rather than economic. EBIT worked against the change. EBIT was the dominant driver.",888,True
752,INCREASE,EBIT_NEG__TAX_ZERO__IC_POS,IC,"ROIC increased. Invested capital contributed positively, while EBIT worked against the change. Invested capital was the dominant driver.",870,True
2,NEGATIVE_IC,EBIT_POS__TAX_POS__IC_POS,IC,"Invested capital was negative, so the ratio is mechanical rather than economic. EBIT, the tax rate and invested capital contributed positively. Invested capital was the dominant driver.",858,True
17,NEGATIVE_IC,EBIT_POS__TAX_NEG__IC_POS,IC,"Invested capital was negative, so the ratio is mechanical rather than economic. EBIT and invested capital contributed positively, while the tax rate worked against the change. Invested capital was the dominant driver.",853,True
47,NEGATIVE_IC,EBIT_NEG__TAX_POS__IC_POS,IC,"Invested capital was negative, so the ratio is mechanical rather than economic. The tax rate and invested capital contributed positively, while EBIT worked against the change. Invested capital was the dominant driver.",851,True
52,NEGATIVE_IC,EBIT_NEG__TAX_POS__IC_NEG,IC,"Invested capital was negative, so the ratio is mechanical rather than economic. The tax rate contributed positively, while EBIT and invested capital worked against the change. Invested capital was the dominant driver.",842,True
5,NEGATIVE_IC,EBIT_POS__TAX_POS__IC_NEG,EBIT,"Invested capital was negative, so the ratio is mechanical rather than economic. EBIT and the tax rate contributed positively, while invested capital worked against the change. EBIT was the dominant driver.",833,True
608,NEGATIVE_NOPAT_DECREASE,EBIT_NEG__TAX_NEG__IC_NEG,BALANCED,"ROIC became more negative. EBIT, the tax rate and invested capital worked against the change. No single driver dominated.",832,True
563,NEGATIVE_NOPAT_DECREASE,EBIT_POS__TAX_NEG__IC_NEG,BALANCED,"ROIC became more negative. EBIT contributed positively, while the tax rate and invested capital worked against the change. No single driver dominated.",821,True
67,NEGATIVE_IC,EBIT_NEG__TAX_NEG__IC_NEG,IC,"Invested capital was negative, so the ratio is mechanical rather than economic. EBIT, the tax rate and invested capital worked against the change. Invested capital was the dominant driver.",792,True
22,NEGATIVE_IC,EBIT_POS__TAX_NEG__IC_NEG,IC,"Invested capital was negative, so the ratio is mechanical rather than economic. EBIT contributed positively, while the tax rate and invested capital worked against the change. Invested capital was the dominant driver.",776,True
7,NEGATIVE_IC,EBIT_POS__TAX_POS__IC_NEG,IC,"Invested capital was negative, so the ratio is mechanical rather than economic. EBIT and the tax rate contributed positively, while invested capital worked against the change. Invested capital was the dominant driver.",762,True
83,NEGATIVE_IC,EBIT_NEG__TAX_ZERO__IC_NEG,BALANCED,"Invested capital was negative, so the ratio is mechanical rather than economic. EBIT and invested capital worked against the change. No single driver dominated.",760,True
40,NEGATIVE_IC,EBIT_POS__TAX_ZERO__IC_ZERO,EBIT,"Invested capital was negative, so the ratio is mechanical rather than economic. EBIT contributed positively. EBIT was the dominant driver.",759,True
593,NEGATIVE_NOPAT_DECREASE,EBIT_NEG__TAX_POS__IC_NEG,BALANCED,"ROIC became more negative. The tax rate contributed positively, while EBIT and invested capital worked against the change. No single driver dominated.",757,True
771,INCREASE,EBIT_ZERO__TAX_POS__IC_NEG,TAX,"ROIC increased. The tax rate contributed positively, while invested capital worked against the change. The tax rate was the dominant driver.",757,True
921,DECREASE,EBIT_ZERO__TAX_NEG__IC_NEG,TAX,ROIC decreased. The tax rate and invested capital worked against the change. The tax rate was the dominant driver.,698,True
38,NEGATIVE_IC,EBIT_POS__TAX_ZERO__IC_NEG,BALANCED,"Invested capital was negative, so the ratio is mechanical rather than economic. EBIT contributed positively, while invested capital worked against the change. No single driver dominated.",677,True
413,NEGATIVE_NOPAT_INCREASE,EBIT_POS__TAX_POS__IC_NEG,BALANCED,"ROIC became less negative, but the change was mechanical. EBIT and the tax rate contributed positively, while invested capital worked against the change. No single driver dominated.",674,True
893,DECREASE,EBIT_NEG__TAX_ZERO__IC_NEG,BALANCED,ROIC decreased. EBIT and invested capital worked against the change. No single driver dominated.,655,True
483,NEGATIVE_NOPAT_INCREASE,EBIT_NEG__TAX_ZERO__IC_POS,BALANCED,"ROIC became less negative, but the change was mechanical. Invested capital contributed positively, while EBIT worked against the change. No single driver dominated.",651,True
618,NEGATIVE_NOPAT_DECREASE,EBIT_NEG__TAX_ZERO__IC_POS,BALANCED,"ROIC became more negative. Invested capital contributed positively, while EBIT worked against the change. No single driver dominated.",632,True
720,INCREASE,EBIT_NEG__TAX_POS__IC_POS,EBIT,"ROIC increased. The tax rate and invested capital contributed positively, while EBIT worked against the change. EBIT was the dominant driver.",616,True
45,NEGATIVE_IC,EBIT_NEG__TAX_POS__IC_POS,EBIT,"Invested capital was negative, so the ratio is mechanical rather than economic. The tax rate and invested capital contributed positively, while EBIT worked against the change. EBIT was the dominant driver.",612,True
983,UNCHANGED,EBIT_POS__TAX_ZERO__IC_NEG,BALANCED,"ROIC was essentially unchanged. EBIT contributed positively, while invested capital worked against the change. No single driver dominated.",606,True
937,DECREASE,EBIT_ZERO__TAX_ZERO__IC_NEG,IC,ROIC decreased. Invested capital worked against the change. Invested capital was the dominant driver.,602,True
461,NEGATIVE_NOPAT_INCREASE,EBIT_NEG__TAX_POS__IC_ZERO,TAX,"ROIC became less negative, but the change was mechanical. The tax rate contributed positively, while EBIT worked against the change. The tax rate was the dominant driver.",561,True
15,NEGATIVE_IC,EBIT_POS__TAX_NEG__IC_POS,EBIT,"Invested capital was negative, so the ratio is mechanical rather than economic. EBIT and invested capital contributed positively, while the tax rate worked against the change. EBIT was the dominant driver.",557,True
566,NEGATIVE_NOPAT_DECREASE,EBIT_POS__TAX_NEG__IC_ZERO,TAX,"ROIC became more negative. EBIT contributed positively, while the tax rate worked against the change. The tax rate was the dominant driver.",551,True
611,NEGATIVE_NOPAT_DECREASE,EBIT_NEG__TAX_NEG__IC_ZERO,TAX,ROIC became more negative. EBIT and the tax rate worked against the change. The tax rate was the dominant driver.,541,True
996,UNCHANGED,EBIT_NEG__TAX_POS__IC_NEG,TAX,"ROIC was essentially unchanged. The tax rate contributed positively, while EBIT and invested capital worked against the change. The tax rate was the dominant driver.",538,True
0,NEGATIVE_IC,EBIT_POS__TAX_POS__IC_POS,EBIT,"Invested capital was negative, so the ratio is mechanical rather than economic. EBIT, the tax rate and invested capital contributed positively. EBIT was the dominant driver.",537,True
1079,UNCHANGED,EBIT_ZERO__TAX_ZERO__IC_ZERO,NONE,ROIC was essentially unchanged. No driver moved materially.,518,True
688,INCREASE,EBIT_POS__TAX_POS__IC_ZERO,BALANCED,ROIC increased. EBIT and the tax rate contributed positively. No single driver dominated.,511,True
667,NEGATIVE_NOPAT_DECREASE,EBIT_ZERO__TAX_ZERO__IC_NEG,IC,ROIC became more negative. Invested capital worked against the change. Invested capital was the dominant driver.,503,True
127,NEGATIVE_IC,EBIT_ZERO__TAX_ZERO__IC_NEG,IC,"Invested capital was negative, so the ratio is mechanical rather than economic. Invested capital worked against the change. Invested capital was the dominant driver.",496,True
60,NEGATIVE_IC,EBIT_NEG__TAX_NEG__IC_POS,EBIT,"Invested capital was negative, so the ratio is mechanical rather than economic. Invested capital contributed positively, while EBIT and the tax rate worked against the change. EBIT was the dominant driver.",483,True
416,NEGATIVE_NOPAT_INCREASE,EBIT_POS__TAX_POS__IC_ZERO,TAX,"ROIC became less negative, but the change was mechanical. EBIT and the tax rate contributed positively. The tax rate was the dominant driver.",472,True
691,INCREASE,EBIT_POS__TAX_NEG__IC_POS,TAX,"ROIC increased. EBIT and invested capital contributed positively, while the tax rate worked against the change. The tax rate was the dominant driver.",457,True
603,NEGATIVE_NOPAT_DECREASE,EBIT_NEG__TAX_NEG__IC_POS,BALANCED,"ROIC became more negative. Invested capital contributed positively, while EBIT and the tax rate worked against the change. No single driver dominated.",455,True
907,DECREASE,EBIT_ZERO__TAX_POS__IC_NEG,IC,"ROIC decreased. The tax rate contributed positively, while invested capital worked against the change. Invested capital was the dominant driver.",450,True
922,DECREASE,EBIT_ZERO__TAX_NEG__IC_NEG,IC,ROIC decreased. The tax rate and invested capital worked against the change. Invested capital was the dominant driver.,441,True
560,NEGATIVE_NOPAT_DECREASE,EBIT_POS__TAX_NEG__IC_NEG,EBIT,"ROIC became more negative. EBIT contributed positively, while the tax rate and invested capital worked against the change. EBIT was the dominant driver.",425,True
952,UNCHANGED,EBIT_POS__TAX_POS__IC_NEG,IC,"ROIC was essentially unchanged. EBIT and the tax rate contributed positively, while invested capital worked against the change. Invested capital was the dominant driver.",423,True
883,DECREASE,EBIT_NEG__TAX_NEG__IC_ZERO,BALANCED,ROIC decreased. EBIT and the tax rate worked against the change. No single driver dominated.,420,True
423,NEGATIVE_NOPAT_INCREASE,EBIT_POS__TAX_NEG__IC_POS,BALANCED,"ROIC became less negative, but the change was mechanical. EBIT and invested capital contributed positively, while the tax rate worked against the change. No single driver dominated.",407,True
713,INCREASE,EBIT_POS__TAX_ZERO__IC_NEG,BALANCED,"ROIC increased. EBIT contributed positively, while invested capital worked against the change. No single driver dominated.",391,True
453,NEGATIVE_NOPAT_INCREASE,EBIT_NEG__TAX_POS__IC_POS,BALANCED,"ROIC became less negative, but the change was mechanical. The tax rate and invested capital contributed positively, while EBIT worked against the change. No single driver dominated.",385,True
848,DECREASE,EBIT_POS__TAX_ZERO__IC_NEG,BALANCED,"ROIC decreased. EBIT contributed positively, while invested capital worked against the change. No single driver dominated.",382,True
776,INCREASE,EBIT_ZERO__TAX_POS__IC_ZERO,TAX,ROIC increased. The tax rate contributed positively. The tax rate was the dominant driver.,357,True
408,NEGATIVE_NOPAT_INCREASE,EBIT_POS__TAX_POS__IC_POS,BALANCED,"ROIC became less negative, but the change was mechanical. EBIT, the tax rate and invested capital contributed positively. No single driver dominated.",354,True
766,INCREASE,EBIT_ZERO__TAX_POS__IC_POS,TAX,ROIC increased. The tax rate and invested capital contributed positively. The tax rate was the dominant driver.,348,True
926,DECREASE,EBIT_ZERO__TAX_NEG__IC_ZERO,TAX,ROIC decreased. The tax rate worked against the change. The tax rate was the dominant driver.,333,True
386,PROFIT_TO_LOSS,EBIT_ZERO__TAX_NEG__IC_ZERO,TAX,NOPAT turned negative. The tax rate worked against the change. The tax rate was the dominant driver.,328,True
698,INCREASE,EBIT_POS__TAX_NEG__IC_NEG,BALANCED,"ROIC increased. EBIT contributed positively, while the tax rate and invested capital worked against the change. No single driver dominated.",316,True
33,NEGATIVE_IC,EBIT_POS__TAX_ZERO__IC_POS,BALANCED,"Invested capital was negative, so the ratio is mechanical rather than economic. EBIT and invested capital contributed positively. No single driver dominated.",313,True
916,DECREASE,EBIT_ZERO__TAX_NEG__IC_POS,TAX,"ROIC decreased. Invested capital contributed positively, while the tax rate worked against the change. The tax rate was the dominant driver.",307,True
236,LOSS_TO_PROFIT,EBIT_ZERO__TAX_POS__IC_ZERO,TAX,NOPAT turned positive. The tax rate contributed positively. The tax rate was the dominant driver.,292,True
990,UNCHANGED,EBIT_NEG__TAX_POS__IC_POS,EBIT,"ROIC was essentially unchanged. The tax rate and invested capital contributed positively, while EBIT worked against the change. EBIT was the dominant driver.",289,True
78,NEGATIVE_IC,EBIT_NEG__TAX_ZERO__IC_POS,BALANCED,"Invested capital was negative, so the ratio is mechanical rather than economic. Invested capital contributed positively, while EBIT worked against the change. No single driver dominated.",284,True
973,UNCHANGED,EBIT_POS__TAX_NEG__IC_ZERO,BALANCED,"ROIC was essentially unchanged. EBIT contributed positively, while the tax rate worked against the change. No single driver dominated.",249,True
134,NEGATIVE_IC,EBIT_ZERO__TAX_ZERO__IC_ZERO,NONE,"Invested capital was negative, so the ratio is mechanical rather than economic. No driver moved materially.",245,True
1003,UNCHANGED,EBIT_NEG__TAX_POS__IC_ZERO,BALANCED,"ROIC was essentially unchanged. The tax rate contributed positively, while EBIT worked against the change. No single driver dominated.",236,True
872,DECREASE,EBIT_NEG__TAX_NEG__IC_POS,IC,"ROIC decreased. Invested capital contributed positively, while EBIT and the tax rate worked against the change. Invested capital was the dominant driver.",233,True
797,INCREASE,EBIT_ZERO__TAX_ZERO__IC_POS,IC,ROIC increased. Invested capital contributed positively. Invested capital was the dominant driver.,231,True
527,NEGATIVE_NOPAT_INCREASE,EBIT_ZERO__TAX_ZERO__IC_POS,IC,"ROIC became less negative, but the change was mechanical. Invested capital contributed positively. Invested capital was the dominant driver.",228,True
968,UNCHANGED,EBIT_POS__TAX_NEG__IC_NEG,BALANCED,"ROIC was essentially unchanged. EBIT contributed positively, while the tax rate and invested capital worked against the change. No single driver dominated.",224,True
1083,INVALID,UNCLASSIFIED,UNCLASSIFIED,No comparison is available (UNCLASSIFIED_ZERO_IC).,218,True
708,INCREASE,EBIT_POS__TAX_ZERO__IC_POS,BALANCED,ROIC increased. EBIT and invested capital contributed positively. No single driver dominated.,217,True
961,UNCHANGED,EBIT_POS__TAX_NEG__IC_POS,TAX,"ROIC was essentially unchanged. EBIT and invested capital contributed positively, while the tax rate worked against the change. The tax rate was the dominant driver.",205,True
728,INCREASE,EBIT_NEG__TAX_POS__IC_NEG,BALANCED,"ROIC increased. The tax rate contributed positively, while EBIT and invested capital worked against the change. No single driver dominated.",202,True
122,NEGATIVE_IC,EBIT_ZERO__TAX_ZERO__IC_POS,IC,"Invested capital was negative, so the ratio is mechanical rather than economic. Invested capital contributed positively. Invested capital was the dominant driver.",200,True
703,INCREASE,EBIT_POS__TAX_NEG__IC_ZERO,BALANCED,"ROIC increased. EBIT contributed positively, while the tax rate worked against the change. No single driver dominated.",197,True
591,NEGATIVE_NOPAT_DECREASE,EBIT_NEG__TAX_POS__IC_NEG,TAX,"ROIC became more negative. The tax rate contributed positively, while EBIT and invested capital worked against the change. The tax rate was the dominant driver.",189,True
868,DECREASE,EBIT_NEG__TAX_POS__IC_ZERO,BALANCED,"ROIC decreased. The tax rate contributed positively, while EBIT worked against the change. No single driver dominated.",188,True
412,NEGATIVE_NOPAT_INCREASE,EBIT_POS__TAX_POS__IC_NEG,IC,"ROIC became less negative, but the change was mechanical. EBIT and the tax rate contributed positively, while invested capital worked against the change. Invested capital was the dominant driver.",187,True
66,NEGATIVE_IC,EBIT_NEG__TAX_NEG__IC_NEG,TAX,"Invested capital was negative, so the ratio is mechanical rather than economic. EBIT, the tax rate and invested capital worked against the change. The tax rate was the dominant driver.",182,True
1023,UNCHANGED,EBIT_NEG__TAX_ZERO__IC_POS,BALANCED,"ROIC was essentially unchanged. Invested capital contributed positively, while EBIT worked against the change. No single driver dominated.",181,True
51,NEGATIVE_IC,EBIT_NEG__TAX_POS__IC_NEG,TAX,"Invested capital was negative, so the ratio is mechanical rather than economic. The tax rate contributed positively, while EBIT and invested capital worked against the change. The tax rate was the dominant driver.",179,True
733,INCREASE,EBIT_NEG__TAX_POS__IC_ZERO,BALANCED,"ROIC increased. The tax rate contributed positively, while EBIT worked against the change. No single driver dominated.",177,True
450,NEGATIVE_NOPAT_INCREASE,EBIT_NEG__TAX_POS__IC_POS,EBIT,"ROIC became less negative, but the change was mechanical. The tax rate and invested capital contributed positively, while EBIT worked against the change. EBIT was the dominant driver.",173,True
858,DECREASE,EBIT_NEG__TAX_POS__IC_POS,BALANCED,"ROIC decreased. The tax rate and invested capital contributed positively, while EBIT worked against the change. No single driver dominated.",171,True
838,DECREASE,EBIT_POS__TAX_NEG__IC_ZERO,BALANCED,"ROIC decreased. EBIT contributed positively, while the tax rate worked against the change. No single driver dominated.",164,True
21,NEGATIVE_IC,EBIT_POS__TAX_NEG__IC_NEG,TAX,"Invested capital was negative, so the ratio is mechanical rather than economic. EBIT contributed positively, while the tax rate and invested capital worked against the change. The tax rate was the dominant driver.",164,True
6,NEGATIVE_IC,EBIT_POS__TAX_POS__IC_NEG,TAX,"Invested capital was negative, so the ratio is mechanical rather than economic. EBIT and the tax rate contributed positively, while invested capital worked against the change. The tax rate was the dominant driver.",164,True
23,NEGATIVE_IC,EBIT_POS__TAX_NEG__IC_NEG,BALANCED,"Invested capital was negative, so the ratio is mechanical rather than economic. EBIT contributed positively, while the tax rate and invested capital worked against the change. No single driver dominated.",135,True
828,DECREASE,EBIT_POS__TAX_NEG__IC_POS,BALANCED,"ROIC decreased. EBIT and invested capital contributed positively, while the tax rate worked against the change. No single driver dominated.",133,True
16,NEGATIVE_IC,EBIT_POS__TAX_NEG__IC_POS,TAX,"Invested capital was negative, so the ratio is mechanical rather than economic. EBIT and invested capital contributed positively, while the tax rate worked against the change. The tax rate was the dominant driver.",131,True
46,NEGATIVE_IC,EBIT_NEG__TAX_POS__IC_POS,TAX,"Invested capital was negative, so the ratio is mechanical rather than economic. The tax rate and invested capital contributed positively, while EBIT worked against the change. The tax rate was the dominant driver.",120,True
421,NEGATIVE_NOPAT_INCREASE,EBIT_POS__TAX_NEG__IC_POS,TAX,"ROIC became less negative, but the change was mechanical. EBIT and invested capital contributed positively, while the tax rate worked against the change. The tax rate was the dominant driver.",119,True
980,UNCHANGED,EBIT_POS__TAX_ZERO__IC_NEG,EBIT,"ROIC was essentially unchanged. EBIT contributed positively, while invested capital worked against the change. EBIT was the dominant driver.",118,True
602,NEGATIVE_NOPAT_DECREASE,EBIT_NEG__TAX_NEG__IC_POS,IC,"ROIC became more negative. Invested capital contributed positively, while EBIT and the tax rate worked against the change. Invested capital was the dominant driver.",115,True
1,NEGATIVE_IC,EBIT_POS__TAX_POS__IC_POS,TAX,"Invested capital was negative, so the ratio is mechanical rather than economic. EBIT, the tax rate and invested capital contributed positively. The tax rate was the dominant driver.",113,True
68,NEGATIVE_IC,EBIT_NEG__TAX_NEG__IC_NEG,BALANCED,"Invested capital was negative, so the ratio is mechanical rather than economic. EBIT, the tax rate and invested capital worked against the change. No single driver dominated.",113,True
767,INCREASE,EBIT_ZERO__TAX_POS__IC_POS,IC,ROIC increased. The tax rate and invested capital contributed positively. Invested capital was the dominant driver.,113,True
61,NEGATIVE_IC,EBIT_NEG__TAX_NEG__IC_POS,TAX,"Invested capital was negative, so the ratio is mechanical rather than economic. Invested capital contributed positively, while EBIT and the tax rate worked against the change. The tax rate was the dominant driver.",111,True
53,NEGATIVE_IC,EBIT_NEG__TAX_POS__IC_NEG,BALANCED,"Invested capital was negative, so the ratio is mechanical rather than economic. The tax rate contributed positively, while EBIT and invested capital worked against the change. No single driver dominated.",111,True
998,UNCHANGED,EBIT_NEG__TAX_POS__IC_NEG,BALANCED,"ROIC was essentially unchanged. The tax rate contributed positively, while EBIT and invested capital worked against the change. No single driver dominated.",108,True
428,NEGATIVE_NOPAT_INCREASE,EBIT_POS__TAX_NEG__IC_NEG,BALANCED,"ROIC became less negative, but the change was mechanical. EBIT contributed positively, while the tax rate and invested capital worked against the change. No single driver dominated.",106,True
782,INCREASE,EBIT_ZERO__TAX_NEG__IC_POS,IC,"ROIC increased. Invested capital contributed positively, while the tax rate worked against the change. Invested capital was the dominant driver.",102,True
982,UNCHANGED,EBIT_POS__TAX_ZERO__IC_NEG,IC,"ROIC was essentially unchanged. EBIT contributed positively, while invested capital worked against the change. Invested capital was the dominant driver.",100,True
613,NEGATIVE_NOPAT_DECREASE,EBIT_NEG__TAX_NEG__IC_ZERO,BALANCED,ROIC became more negative. EBIT and the tax rate worked against the change. No single driver dominated.,99,True
8,NEGATIVE_IC,EBIT_POS__TAX_POS__IC_NEG,BALANCED,"Invested capital was negative, so the ratio is mechanical rather than economic. EBIT and the tax rate contributed positively, while invested capital worked against the change. No single driver dominated.",97,True
993,UNCHANGED,EBIT_NEG__TAX_POS__IC_POS,BALANCED,"ROIC was essentially unchanged. The tax rate and invested capital contributed positively, while EBIT worked against the change. No single driver dominated.",90,True
418,NEGATIVE_NOPAT_INCREASE,EBIT_POS__TAX_POS__IC_ZERO,BALANCED,"ROIC became less negative, but the change was mechanical. EBIT and the tax rate contributed positively. No single driver dominated.",89,True
963,UNCHANGED,EBIT_POS__TAX_NEG__IC_POS,BALANCED,"ROIC was essentially unchanged. EBIT and invested capital contributed positively, while the tax rate worked against the change. No single driver dominated.",86,True
953,UNCHANGED,EBIT_POS__TAX_POS__IC_NEG,BALANCED,"ROIC was essentially unchanged. EBIT and the tax rate contributed positively, while invested capital worked against the change. No single driver dominated.",86,True
818,DECREASE,EBIT_POS__TAX_POS__IC_NEG,BALANCED,"ROIC decreased. EBIT and the tax rate contributed positively, while invested capital worked against the change. No single driver dominated.",84,True
1007,UNCHANGED,EBIT_NEG__TAX_NEG__IC_POS,IC,"ROIC was essentially unchanged. Invested capital contributed positively, while EBIT and the tax rate worked against the change. Invested capital was the dominant driver.",78,True
970,UNCHANGED,EBIT_POS__TAX_NEG__IC_ZERO,EBIT,"ROIC was essentially unchanged. EBIT contributed positively, while the tax rate worked against the change. EBIT was the dominant driver.",78,True
3,NEGATIVE_IC,EBIT_POS__TAX_POS__IC_POS,BALANCED,"Invested capital was negative, so the ratio is mechanical rather than economic. EBIT, the tax rate and invested capital contributed positively. No single driver dominated.",77,True
376,PROFIT_TO_LOSS,EBIT_ZERO__TAX_NEG__IC_POS,TAX,"NOPAT turned negative. Invested capital contributed positively, while the tax rate worked against the change. The tax rate was the dominant driver.",75,True
48,NEGATIVE_IC,EBIT_NEG__TAX_POS__IC_POS,BALANCED,"Invested capital was negative, so the ratio is mechanical rather than economic. The tax rate and invested capital contributed positively, while EBIT worked against the change. No single driver dominated.",72,True
18,NEGATIVE_IC,EBIT_POS__TAX_NEG__IC_POS,BALANCED,"Invested capital was negative, so the ratio is mechanical rather than economic. EBIT and invested capital contributed positively, while the tax rate worked against the change. No single driver dominated.",71,True
651,NEGATIVE_NOPAT_DECREASE,EBIT_ZERO__TAX_NEG__IC_NEG,TAX,ROIC became more negative. The tax rate and invested capital worked against the change. The tax rate was the dominant driver.,69,True
656,NEGATIVE_NOPAT_DECREASE,EBIT_ZERO__TAX_NEG__IC_ZERO,TAX,ROIC became more negative. The tax rate worked against the change. The tax rate was the dominant driver.,67,True
506,NEGATIVE_NOPAT_INCREASE,EBIT_ZERO__TAX_POS__IC_ZERO,TAX,"ROIC became less negative, but the change was mechanical. The tax rate contributed positively. The tax rate was the dominant driver.",67,True
501,NEGATIVE_NOPAT_INCREASE,EBIT_ZERO__TAX_POS__IC_NEG,TAX,"ROIC became less negative, but the change was mechanical. The tax rate contributed positively, while invested capital worked against the change. The tax rate was the dominant driver.",65,True
588,NEGATIVE_NOPAT_DECREASE,EBIT_NEG__TAX_POS__IC_POS,BALANCED,"ROIC became more negative. The tax rate and invested capital contributed positively, while EBIT worked against the change. No single driver dominated.",65,True
55,NEGATIVE_IC,EBIT_NEG__TAX_POS__IC_ZERO,EBIT,"Invested capital was negative, so the ratio is mechanical rather than economic. The tax rate contributed positively, while EBIT worked against the change. EBIT was the dominant driver.",64,True
231,LOSS_TO_PROFIT,EBIT_ZERO__TAX_POS__IC_NEG,TAX,"NOPAT turned positive. The tax rate contributed positively, while invested capital worked against the change. The tax rate was the dominant driver.",63,True
637,NEGATIVE_NOPAT_DECREASE,EBIT_ZERO__TAX_POS__IC_NEG,IC,"ROIC became more negative. The tax rate contributed positively, while invested capital worked against the change. Invested capital was the dominant driver.",62,True
652,NEGATIVE_NOPAT_DECREASE,EBIT_ZERO__TAX_NEG__IC_NEG,IC,ROIC became more negative. The tax rate and invested capital worked against the change. Invested capital was the dominant driver.,62,True
923,DECREASE,EBIT_ZERO__TAX_NEG__IC_NEG,BALANCED,ROIC decreased. The tax rate and invested capital worked against the change. No single driver dominated.,61,True
63,NEGATIVE_IC,EBIT_NEG__TAX_NEG__IC_POS,BALANCED,"Invested capital was negative, so the ratio is mechanical rather than economic. Invested capital contributed positively, while EBIT and the tax rate worked against the change. No single driver dominated.",58,True
381,PROFIT_TO_LOSS,EBIT_ZERO__TAX_NEG__IC_NEG,TAX,NOPAT turned negative. The tax rate and invested capital worked against the change. The tax rate was the dominant driver.,58,True
548,NEGATIVE_NOPAT_DECREASE,EBIT_POS__TAX_POS__IC_NEG,BALANCED,"ROIC became more negative. EBIT and the tax rate contributed positively, while invested capital worked against the change. No single driver dominated.",56,True
1020,UNCHANGED,EBIT_NEG__TAX_ZERO__IC_POS,EBIT,"ROIC was essentially unchanged. Invested capital contributed positively, while EBIT worked against the change. EBIT was the dominant driver.",54,True
458,NEGATIVE_NOPAT_INCREASE,EBIT_NEG__TAX_POS__IC_NEG,BALANCED,"ROIC became less negative, but the change was mechanical. The tax rate contributed positively, while EBIT and invested capital worked against the change. No single driver dominated.",52,True
1001,UNCHANGED,EBIT_NEG__TAX_POS__IC_ZERO,TAX,"ROIC was essentially unchanged. The tax rate contributed positively, while EBIT worked against the change. The tax rate was the dominant driver.",51,True
1000,UNCHANGED,EBIT_NEG__TAX_POS__IC_ZERO,EBIT,"ROIC was essentially unchanged. The tax rate contributed positively, while EBIT worked against the change. EBIT was the dominant driver.",51,True
1043,UNCHANGED,EBIT_ZERO__TAX_POS__IC_NEG,BALANCED,"ROIC was essentially unchanged. The tax rate contributed positively, while invested capital worked against the change. No single driver dominated.",50,True
25,NEGATIVE_IC,EBIT_POS__TAX_NEG__IC_ZERO,EBIT,"Invested capital was negative, so the ratio is mechanical rather than economic. EBIT contributed positively, while the tax rate worked against the change. EBIT was the dominant driver.",46,True
598,NEGATIVE_NOPAT_DECREASE,EBIT_NEG__TAX_POS__IC_ZERO,BALANCED,"ROIC became more negative. The tax rate contributed positively, while EBIT worked against the change. No single driver dominated.",46,True
558,NEGATIVE_NOPAT_DECREASE,EBIT_POS__TAX_NEG__IC_POS,BALANCED,"ROIC became more negative. EBIT and invested capital contributed positively, while the tax rate worked against the change. No single driver dominated.",45,True
888,DECREASE,EBIT_NEG__TAX_ZERO__IC_POS,BALANCED,"ROIC decreased. Invested capital contributed positively, while EBIT worked against the change. No single driver dominated.",44,True
985,UNCHANGED,EBIT_POS__TAX_ZERO__IC_ZERO,EBIT,ROIC was essentially unchanged. EBIT contributed positively. EBIT was the dominant driver.,42,True
971,UNCHANGED,EBIT_POS__TAX_NEG__IC_ZERO,TAX,"ROIC was essentially unchanged. EBIT contributed positively, while the tax rate worked against the change. The tax rate was the dominant driver.",39,True
433,NEGATIVE_NOPAT_INCREASE,EBIT_POS__TAX_NEG__IC_ZERO,BALANCED,"ROIC became less negative, but the change was mechanical. EBIT contributed positively, while the tax rate worked against the change. No single driver dominated.",38,True
753,INCREASE,EBIT_NEG__TAX_ZERO__IC_POS,BALANCED,"ROIC increased. Invested capital contributed positively, while EBIT worked against the change. No single driver dominated.",38,True
568,NEGATIVE_NOPAT_DECREASE,EBIT_POS__TAX_NEG__IC_ZERO,BALANCED,"ROIC became more negative. EBIT contributed positively, while the tax rate worked against the change. No single driver dominated.",37,True
10,NEGATIVE_IC,EBIT_POS__TAX_POS__IC_ZERO,EBIT,"Invested capital was negative, so the ratio is mechanical rather than economic. EBIT and the tax rate contributed positively. EBIT was the dominant driver.",37,True
226,LOSS_TO_PROFIT,EBIT_ZERO__TAX_POS__IC_POS,TAX,NOPAT turned positive. The tax rate and invested capital contributed positively. The tax rate was the dominant driver.,36,True
463,NEGATIVE_NOPAT_INCREASE,EBIT_NEG__TAX_POS__IC_ZERO,BALANCED,"ROIC became less negative, but the change was mechanical. The tax rate contributed positively, while EBIT worked against the change. No single driver dominated.",36,True
1022,UNCHANGED,EBIT_NEG__TAX_ZERO__IC_POS,IC,"ROIC was essentially unchanged. Invested capital contributed positively, while EBIT worked against the change. Invested capital was the dominant driver.",34,True
468,NEGATIVE_NOPAT_INCREASE,EBIT_NEG__TAX_NEG__IC_POS,BALANCED,"ROIC became less negative, but the change was mechanical. Invested capital contributed positively, while EBIT and the tax rate worked against the change. No single driver dominated.",33,True
646,NEGATIVE_NOPAT_DECREASE,EBIT_ZERO__TAX_NEG__IC_POS,TAX,"ROIC became more negative. Invested capital contributed positively, while the tax rate worked against the change. The tax rate was the dominant driver.",32,True
512,NEGATIVE_NOPAT_INCREASE,EBIT_ZERO__TAX_NEG__IC_POS,IC,"ROIC became less negative, but the change was mechanical. Invested capital contributed positively, while the tax rate worked against the change. Invested capital was the dominant driver.",31,True
497,NEGATIVE_NOPAT_INCREASE,EBIT_ZERO__TAX_POS__IC_POS,IC,"ROIC became less negative, but the change was mechanical. The tax rate and invested capital contributed positively. Invested capital was the dominant driver.",31,True
809,INCREASE,EBIT_ZERO__TAX_ZERO__IC_ZERO,NONE,ROIC increased. No driver moved materially.,30,True
1042,UNCHANGED,EBIT_ZERO__TAX_POS__IC_NEG,IC,"ROIC was essentially unchanged. The tax rate contributed positively, while invested capital worked against the change. Invested capital was the dominant driver.",30,True
496,NEGATIVE_NOPAT_INCREASE,EBIT_ZERO__TAX_POS__IC_POS,TAX,"ROIC became less negative, but the change was mechanical. The tax rate and invested capital contributed positively. The tax rate was the dominant driver.",30,True
1072,UNCHANGED,EBIT_ZERO__TAX_ZERO__IC_NEG,IC,ROIC was essentially unchanged. Invested capital worked against the change. Invested capital was the dominant driver.,29,True
70,NEGATIVE_IC,EBIT_NEG__TAX_NEG__IC_ZERO,EBIT,"Invested capital was negative, so the ratio is mechanical rather than economic. EBIT and the tax rate worked against the change. EBIT was the dominant driver.",27,True
944,DECREASE,EBIT_ZERO__TAX_ZERO__IC_ZERO,NONE,ROIC decreased. No driver moved materially.,25,True
768,INCREASE,EBIT_ZERO__TAX_POS__IC_POS,BALANCED,ROIC increased. The tax rate and invested capital contributed positively. No single driver dominated.,25,True
1030,UNCHANGED,EBIT_NEG__TAX_ZERO__IC_ZERO,EBIT,ROIC was essentially unchanged. EBIT worked against the change. EBIT was the dominant driver.,24,True
1041,UNCHANGED,EBIT_ZERO__TAX_POS__IC_NEG,TAX,"ROIC was essentially unchanged. The tax rate contributed positively, while invested capital worked against the change. The tax rate was the dominant driver.",23,True
323,PROFIT_TO_LOSS,EBIT_NEG__TAX_POS__IC_NEG,BALANCED,"NOPAT turned negative. The tax rate contributed positively, while EBIT and invested capital worked against the change. No single driver dominated.",21,True
107,NEGATIVE_IC,EBIT_ZERO__TAX_NEG__IC_POS,IC,"Invested capital was negative, so the ratio is mechanical rather than economic. Invested capital contributed positively, while the tax rate worked against the change. Invested capital was the dominant driver.",18,True
1008,UNCHANGED,EBIT_NEG__TAX_NEG__IC_POS,BALANCED,"ROIC was essentially unchanged. Invested capital contributed positively, while EBIT and the tax rate worked against the change. No single driver dominated.",18,True
1067,UNCHANGED,EBIT_ZERO__TAX_ZERO__IC_POS,IC,ROIC was essentially unchanged. Invested capital contributed positively. Invested capital was the dominant driver.,18,True
183,LOSS_TO_PROFIT,EBIT_NEG__TAX_POS__IC_POS,BALANCED,"NOPAT turned positive. The tax rate and invested capital contributed positively, while EBIT worked against the change. No single driver dominated.",17,True
92,NEGATIVE_IC,EBIT_ZERO__TAX_POS__IC_POS,IC,"Invested capital was negative, so the ratio is mechanical rather than economic. The tax rate and invested capital contributed positively. Invested capital was the dominant driver.",15,True
26,NEGATIVE_IC,EBIT_POS__TAX_NEG__IC_ZERO,TAX,"Invested capital was negative, so the ratio is mechanical rather than economic. EBIT contributed positively, while the tax rate worked against the change. The tax rate was the dominant driver.",15,True
112,NEGATIVE_IC,EBIT_ZERO__TAX_NEG__IC_NEG,IC,"Invested capital was negative, so the ratio is mechanical rather than economic. The tax rate and invested capital worked against the change. Invested capital was the dominant driver.",15,True
11,NEGATIVE_IC,EBIT_POS__TAX_POS__IC_ZERO,TAX,"Invested capital was negative, so the ratio is mechanical rather than economic. EBIT and the tax rate contributed positively. The tax rate was the dominant driver.",15,True
1053,UNCHANGED,EBIT_ZERO__TAX_NEG__IC_POS,BALANCED,"ROIC was essentially unchanged. Invested capital contributed positively, while the tax rate worked against the change. No single driver dominated.",14,True
56,NEGATIVE_IC,EBIT_NEG__TAX_POS__IC_ZERO,TAX,"Invested capital was negative, so the ratio is mechanical rather than economic. The tax rate contributed positively, while EBIT worked against the change. The tax rate was the dominant driver.",14,True
71,NEGATIVE_IC,EBIT_NEG__TAX_NEG__IC_ZERO,TAX,"Invested capital was negative, so the ratio is mechanical rather than economic. EBIT and the tax rate worked against the change. The tax rate was the dominant driver.",14,True
97,NEGATIVE_IC,EBIT_ZERO__TAX_POS__IC_NEG,IC,"Invested capital was negative, so the ratio is mechanical rather than economic. The tax rate contributed positively, while invested capital worked against the change. Invested capital was the dominant driver.",13,True
1046,UNCHANGED,EBIT_ZERO__TAX_POS__IC_ZERO,TAX,ROIC was essentially unchanged. The tax rate contributed positively. The tax rate was the dominant driver.,13,True
143,LOSS_TO_PROFIT,EBIT_POS__TAX_POS__IC_NEG,BALANCED,"NOPAT turned positive. EBIT and the tax rate contributed positively, while invested capital worked against the change. No single driver dominated.",13,True
1052,UNCHANGED,EBIT_ZERO__TAX_NEG__IC_POS,IC,"ROIC was essentially unchanged. Invested capital contributed positively, while the tax rate worked against the change. Invested capital was the dominant driver.",12,True
153,LOSS_TO_PROFIT,EBIT_POS__TAX_NEG__IC_POS,BALANCED,"NOPAT turned positive. EBIT and invested capital contributed positively, while the tax rate worked against the change. No single driver dominated.",11,True
738,INCREASE,EBIT_NEG__TAX_NEG__IC_POS,BALANCED,"ROIC increased. Invested capital contributed positively, while EBIT and the tax rate worked against the change. No single driver dominated.",11,True
1051,UNCHANGED,EBIT_ZERO__TAX_NEG__IC_POS,TAX,"ROIC was essentially unchanged. Invested capital contributed positively, while the tax rate worked against the change. The tax rate was the dominant driver.",11,True
674,NEGATIVE_NOPAT_DECREASE,EBIT_ZERO__TAX_ZERO__IC_ZERO,NONE,ROIC became more negative. No driver moved materially.,11,True
158,LOSS_TO_PROFIT,EBIT_POS__TAX_NEG__IC_NEG,BALANCED,"NOPAT turned positive. EBIT contributed positively, while the tax rate and invested capital worked against the change. No single driver dominated.",11,True
338,PROFIT_TO_LOSS,EBIT_NEG__TAX_NEG__IC_NEG,BALANCED,"NOPAT turned negative. EBIT, the tax rate and invested capital worked against the change. No single driver dominated.",11,True
293,PROFIT_TO_LOSS,EBIT_POS__TAX_NEG__IC_NEG,BALANCED,"NOPAT turned negative. EBIT contributed positively, while the tax rate and invested capital worked against the change. No single driver dominated.",11,True
908,DECREASE,EBIT_ZERO__TAX_POS__IC_NEG,BALANCED,"ROIC decreased. The tax rate contributed positively, while invested capital worked against the change. No single driver dominated.",10,True
1061,UNCHANGED,EBIT_ZERO__TAX_NEG__IC_ZERO,TAX,ROIC was essentially unchanged. The tax rate worked against the change. The tax rate was the dominant driver.,10,True
111,NEGATIVE_IC,EBIT_ZERO__TAX_NEG__IC_NEG,TAX,"Invested capital was negative, so the ratio is mechanical rather than economic. The tax rate and invested capital worked against the change. The tax rate was the dominant driver.",9,True
539,NEGATIVE_NOPAT_INCREASE,EBIT_ZERO__TAX_ZERO__IC_ZERO,NONE,"ROIC became less negative, but the change was mechanical. No driver moved materially.",9,True
106,NEGATIVE_IC,EBIT_ZERO__TAX_NEG__IC_POS,TAX,"Invested capital was negative, so the ratio is mechanical rather than economic. Invested capital contributed positively, while the tax rate worked against the change. The tax rate was the dominant driver.",7,True
96,NEGATIVE_IC,EBIT_ZERO__TAX_POS__IC_NEG,TAX,"Invested capital was negative, so the ratio is mechanical rather than economic. The tax rate contributed positively, while invested capital worked against the change. The tax rate was the dominant driver.",6,True
333,PROFIT_TO_LOSS,EBIT_NEG__TAX_NEG__IC_POS,BALANCED,"NOPAT turned negative. Invested capital contributed positively, while EBIT and the tax rate worked against the change. No single driver dominated.",6,True
288,PROFIT_TO_LOSS,EBIT_POS__TAX_NEG__IC_POS,BALANCED,"NOPAT turned negative. EBIT and invested capital contributed positively, while the tax rate worked against the change. No single driver dominated.",6,True
101,NEGATIVE_IC,EBIT_ZERO__TAX_POS__IC_ZERO,TAX,"Invested capital was negative, so the ratio is mechanical rather than economic. The tax rate contributed positively. The tax rate was the dominant driver.",6,True
653,NEGATIVE_NOPAT_DECREASE,EBIT_ZERO__TAX_NEG__IC_NEG,BALANCED,ROIC became more negative. The tax rate and invested capital worked against the change. No single driver dominated.,5,True
773,INCREASE,EBIT_ZERO__TAX_POS__IC_NEG,BALANCED,"ROIC increased. The tax rate contributed positively, while invested capital worked against the change. No single driver dominated.",5,True
343,PROFIT_TO_LOSS,EBIT_NEG__TAX_NEG__IC_ZERO,BALANCED,NOPAT turned negative. EBIT and the tax rate worked against the change. No single driver dominated.,4,True
404,PROFIT_TO_LOSS,EBIT_ZERO__TAX_ZERO__IC_ZERO,NONE,NOPAT turned negative. No driver moved materially.,4,True
138,LOSS_TO_PROFIT,EBIT_POS__TAX_POS__IC_POS,BALANCED,"NOPAT turned positive. EBIT, the tax rate and invested capital contributed positively. No single driver dominated.",4,True
318,PROFIT_TO_LOSS,EBIT_NEG__TAX_POS__IC_POS,BALANCED,"NOPAT turned negative. The tax rate and invested capital contributed positively, while EBIT worked against the change. No single driver dominated.",4,True
188,LOSS_TO_PROFIT,EBIT_NEG__TAX_POS__IC_NEG,BALANCED,"NOPAT turned positive. The tax rate contributed positively, while EBIT and invested capital worked against the change. No single driver dominated.",3,True
269,LOSS_TO_PROFIT,EBIT_ZERO__TAX_ZERO__IC_ZERO,NONE,NOPAT turned positive. No driver moved materially.,3,True
91,NEGATIVE_IC,EBIT_ZERO__TAX_POS__IC_POS,TAX,"Invested capital was negative, so the ratio is mechanical rather than economic. The tax rate and invested capital contributed positively. The tax rate was the dominant driver.",3,True
116,NEGATIVE_IC,EBIT_ZERO__TAX_NEG__IC_ZERO,TAX,"Invested capital was negative, so the ratio is mechanical rather than economic. The tax rate worked against the change. The tax rate was the dominant driver.",3,True
73,NEGATIVE_IC,EBIT_NEG__TAX_NEG__IC_ZERO,BALANCED,"Invested capital was negative, so the ratio is mechanical rather than economic. EBIT and the tax rate worked against the change. No single driver dominated.",2,True
638,NEGATIVE_NOPAT_DECREASE,EBIT_ZERO__TAX_POS__IC_NEG,BALANCED,"ROIC became more negative. The tax rate contributed positively, while invested capital worked against the change. No single driver dominated.",2,True
28,NEGATIVE_IC,EBIT_POS__TAX_NEG__IC_ZERO,BALANCED,"Invested capital was negative, so the ratio is mechanical rather than economic. EBIT contributed positively, while the tax rate worked against the change. No single driver dominated.",2,True
328,PROFIT_TO_LOSS,EBIT_NEG__TAX_POS__IC_ZERO,BALANCED,"NOPAT turned negative. The tax rate contributed positively, while EBIT worked against the change. No single driver dominated.",2,True
148,LOSS_TO_PROFIT,EBIT_POS__TAX_POS__IC_ZERO,BALANCED,NOPAT turned positive. EBIT and the tax rate contributed positively. No single driver dominated.,2,True
321,PROFIT_TO_LOSS,EBIT_NEG__TAX_POS__IC_NEG,TAX,"NOPAT turned negative. The tax rate contributed positively, while EBIT and invested capital worked against the change. The tax rate was the dominant driver.",2,True
648,NEGATIVE_NOPAT_DECREASE,EBIT_ZERO__TAX_NEG__IC_POS,BALANCED,"ROIC became more negative. Invested capital contributed positively, while the tax rate worked against the change. No single driver dominated.",2,True
783,INCREASE,EBIT_ZERO__TAX_NEG__IC_POS,BALANCED,"ROIC increased. Invested capital contributed positively, while the tax rate worked against the change. No single driver dominated.",2,True
58,NEGATIVE_IC,EBIT_NEG__TAX_POS__IC_ZERO,BALANCED,"Invested capital was negative, so the ratio is mechanical rather than economic. The tax rate contributed positively, while EBIT worked against the change. No single driver dominated.",1,True
142,LOSS_TO_PROFIT,EBIT_POS__TAX_POS__IC_NEG,IC,"NOPAT turned positive. EBIT and the tax rate contributed positively, while invested capital worked against the change. Invested capital was the dominant driver.",1,True
98,NEGATIVE_IC,EBIT_ZERO__TAX_POS__IC_NEG,BALANCED,"Invested capital was negative, so the ratio is mechanical rather than economic. The tax rate contributed positively, while invested capital worked against the change. No single driver dominated.",1,True
503,NEGATIVE_NOPAT_INCREASE,EBIT_ZERO__TAX_POS__IC_NEG,BALANCED,"ROIC became less negative, but the change was mechanical. The tax rate contributed positively, while invested capital worked against the change. No single driver dominated.",1,True
918,DECREASE,EBIT_ZERO__TAX_NEG__IC_POS,BALANCED,"ROIC decreased. Invested capital contributed positively, while the tax rate worked against the change. No single driver dominated.",1,True
151,LOSS_TO_PROFIT,EBIT_POS__TAX_NEG__IC_POS,TAX,"NOPAT turned positive. EBIT and invested capital contributed positively, while the tax rate worked against the change. The tax rate was the dominant driver.",1,True
938,DECREASE,EBIT_ZERO__TAX_ZERO__IC_NEG,BALANCED,ROIC decreased. Invested capital worked against the change. No single driver dominated.,1,True
298,PROFIT_TO_LOSS,EBIT_POS__TAX_NEG__IC_ZERO,BALANCED,"NOPAT turned negative. EBIT contributed positively, while the tax rate worked against the change. No single driver dominated.",1,True
353,PROFIT_TO_LOSS,EBIT_NEG__TAX_ZERO__IC_NEG,BALANCED,NOPAT turned negative. EBIT and invested capital worked against the change. No single driver dominated.,1,True
13,NEGATIVE_IC,EBIT_POS__TAX_POS__IC_ZERO,BALANCED,"Invested capital was negative, so the ratio is mechanical rather than economic. EBIT and the tax rate contributed positively. No single driver dominated.",1,True
798,INCREASE,EBIT_ZERO__TAX_ZERO__IC_POS,BALANCED,ROIC increased. Invested capital contributed positively. No single driver dominated.,1,True
173,LOSS_TO_PROFIT,EBIT_POS__TAX_ZERO__IC_NEG,BALANCED,"NOPAT turned positive. EBIT contributed positively, while invested capital worked against the change. No single driver dominated.",1,True
193,LOSS_TO_PROFIT,EBIT_NEG__TAX_POS__IC_ZERO,BALANCED,"NOPAT turned positive. The tax rate contributed positively, while EBIT worked against the change. No single driver dominated.",1,True
180,LOSS_TO_PROFIT,EBIT_NEG__TAX_POS__IC_POS,EBIT,"NOPAT turned positive. The tax rate and invested capital contributed positively, while EBIT worked against the change. EBIT was the dominant driver.",1,True
714,INCREASE,EBIT_POS__TAX_ZERO__IC_NEG,NONE,"ROIC increased. EBIT contributed positively, while invested capital worked against the change.",0,False
810,DECREASE,EBIT_POS__TAX_POS__IC_POS,EBIT,"ROIC decreased. EBIT, the tax rate and invested capital contributed positively. EBIT was the dominant driver.",0,False
814,DECREASE,EBIT_POS__TAX_POS__IC_POS,NONE,"ROIC decreased. EBIT, the tax rate and invested capital contributed positively.",0,False
72,NEGATIVE_IC,EBIT_NEG__TAX_NEG__IC_ZERO,IC,"Invested capital was negative, so the ratio is mechanical rather than economic. EBIT and the tax rate worked against the change. Invested capital was the dominant driver.",0,False
813,DECREASE,EBIT_POS__TAX_POS__IC_POS,BALANCED,"ROIC decreased. EBIT, the tax rate and invested capital contributed positively. No single driver dominated.",0,False
93,NEGATIVE_IC,EBIT_ZERO__TAX_POS__IC_POS,BALANCED,"Invested capital was negative, so the ratio is mechanical rather than economic. The tax rate and invested capital contributed positively. No single driver dominated.",0,False
711,INCREASE,EBIT_POS__TAX_ZERO__IC_NEG,TAX,"ROIC increased. EBIT contributed positively, while invested capital worked against the change. The tax rate was the dominant driver.",0,False
812,DECREASE,EBIT_POS__TAX_POS__IC_POS,IC,"ROIC decreased. EBIT, the tax rate and invested capital contributed positively. Invested capital was the dominant driver.",0,False
811,DECREASE,EBIT_POS__TAX_POS__IC_POS,TAX,"ROIC decreased. EBIT, the tax rate and invested capital contributed positively. The tax rate was the dominant driver.",0,False
799,INCREASE,EBIT_ZERO__TAX_ZERO__IC_POS,NONE,ROIC increased. Invested capital contributed positively.,0,False
803,INCREASE,EBIT_ZERO__TAX_ZERO__IC_NEG,BALANCED,ROIC increased. Invested capital worked against the change. No single driver dominated.,0,False
712,INCREASE,EBIT_POS__TAX_ZERO__IC_NEG,IC,"ROIC increased. EBIT contributed positively, while invested capital worked against the change. Invested capital was the dominant driver.",0,False
716,INCREASE,EBIT_POS__TAX_ZERO__IC_ZERO,TAX,ROIC increased. EBIT contributed positively. The tax rate was the dominant driver.,0,False
800,INCREASE,EBIT_ZERO__TAX_ZERO__IC_NEG,EBIT,ROIC increased. Invested capital worked against the change. EBIT was the dominant driver.,0,False
808,INCREASE,EBIT_ZERO__TAX_ZERO__IC_ZERO,BALANCED,ROIC increased. No driver moved materially. No single driver dominated.,0,False
807,INCREASE,EBIT_ZERO__TAX_ZERO__IC_ZERO,IC,ROIC increased. No driver moved materially. Invested capital was the dominant driver.,0,False
801,INCREASE,EBIT_ZERO__TAX_ZERO__IC_NEG,TAX,ROIC increased. Invested capital worked against the change. The tax rate was the dominant driver.,0,False
806,INCREASE,EBIT_ZERO__TAX_ZERO__IC_ZERO,TAX,ROIC increased. No driver moved materially. The tax rate was the dominant driver.,0,False
805,INCREASE,EBIT_ZERO__TAX_ZERO__IC_ZERO,EBIT,ROIC increased. No driver moved materially. EBIT was the dominant driver.,0,False
804,INCREASE,EBIT_ZERO__TAX_ZERO__IC_NEG,NONE,ROIC increased. Invested capital worked against the change.,0,False
802,INCREASE,EBIT_ZERO__TAX_ZERO__IC_NEG,IC,ROIC increased. Invested capital worked against the change. Invested capital was the dominant driver.,0,False
748,INCREASE,EBIT_NEG__TAX_NEG__IC_ZERO,BALANCED,ROIC increased. EBIT and the tax rate worked against the change. No single driver dominated.,0,False
816,DECREASE,EBIT_POS__TAX_POS__IC_NEG,TAX,"ROIC decreased. EBIT and the tax rate contributed positively, while invested capital worked against the change. The tax rate was the dominant driver.",0,False
709,INCREASE,EBIT_POS__TAX_ZERO__IC_POS,NONE,ROIC increased. EBIT and invested capital contributed positively.,0,False
827,DECREASE,EBIT_POS__TAX_NEG__IC_POS,IC,"ROIC decreased. EBIT and invested capital contributed positively, while the tax rate worked against the change. Invested capital was the dominant driver.",0,False
824,DECREASE,EBIT_POS__TAX_POS__IC_ZERO,NONE,ROIC decreased. EBIT and the tax rate contributed positively.,0,False
825,DECREASE,EBIT_POS__TAX_NEG__IC_POS,EBIT,"ROIC decreased. EBIT and invested capital contributed positively, while the tax rate worked against the change. EBIT was the dominant driver.",0,False
102,NEGATIVE_IC,EBIT_ZERO__TAX_POS__IC_ZERO,IC,"Invested capital was negative, so the ratio is mechanical rather than economic. The tax rate contributed positively. Invested capital was the dominant driver.",0,False
689,INCREASE,EBIT_POS__TAX_POS__IC_ZERO,NONE,ROIC increased. EBIT and the tax rate contributed positively.,0,False
103,NEGATIVE_IC,EBIT_ZERO__TAX_POS__IC_ZERO,BALANCED,"Invested capital was negative, so the ratio is mechanical rather than economic. The tax rate contributed positively. No single driver dominated.",0,False
687,INCREASE,EBIT_POS__TAX_POS__IC_ZERO,IC,ROIC increased. EBIT and the tax rate contributed positively. Invested capital was the dominant driver.,0,False
104,NEGATIVE_IC,EBIT_ZERO__TAX_POS__IC_ZERO,NONE,"Invested capital was negative, so the ratio is mechanical rather than economic. The tax rate contributed positively.",0,False
823,DECREASE,EBIT_POS__TAX_POS__IC_ZERO,BALANCED,ROIC decreased. EBIT and the tax rate contributed positively. No single driver dominated.,0,False
829,DECREASE,EBIT_POS__TAX_NEG__IC_POS,NONE,"ROIC decreased. EBIT and invested capital contributed positively, while the tax rate worked against the change.",0,False
69,NEGATIVE_IC,EBIT_NEG__TAX_NEG__IC_NEG,NONE,"Invested capital was negative, so the ratio is mechanical rather than economic. EBIT, the tax rate and invested capital worked against the change.",0,False
105,NEGATIVE_IC,EBIT_ZERO__TAX_NEG__IC_POS,EBIT,"Invested capital was negative, so the ratio is mechanical rather than economic. Invested capital contributed positively, while the tax rate worked against the change. EBIT was the dominant driver.",0,False
684,INCREASE,EBIT_POS__TAX_POS__IC_NEG,NONE,"ROIC increased. EBIT and the tax rate contributed positively, while invested capital worked against the change.",0,False
108,NEGATIVE_IC,EBIT_ZERO__TAX_NEG__IC_POS,BALANCED,"Invested capital was negative, so the ratio is mechanical rather than economic. Invested capital contributed positively, while the tax rate worked against the change. No single driver dominated.",0,False
109,NEGATIVE_IC,EBIT_ZERO__TAX_NEG__IC_POS,NONE,"Invested capital was negative, so the ratio is mechanical rather than economic. Invested capital contributed positively, while the tax rate worked against the change.",0,False
100,NEGATIVE_IC,EBIT_ZERO__TAX_POS__IC_ZERO,EBIT,"Invested capital was negative, so the ratio is mechanical rather than economic. The tax rate contributed positively. EBIT was the dominant driver.",0,False
822,DECREASE,EBIT_POS__TAX_POS__IC_ZERO,IC,ROIC decreased. EBIT and the tax rate contributed positively. Invested capital was the dominant driver.,0,False
94,NEGATIVE_IC,EBIT_ZERO__TAX_POS__IC_POS,NONE,"Invested capital was negative, so the ratio is mechanical rather than economic. The tax rate and invested capital contributed positively.",0,False
701,INCREASE,EBIT_POS__TAX_NEG__IC_ZERO,TAX,"ROIC increased. EBIT contributed positively, while the tax rate worked against the change. The tax rate was the dominant driver.",0,False
815,DECREASE,EBIT_POS__TAX_POS__IC_NEG,EBIT,"ROIC decreased. EBIT and the tax rate contributed positively, while invested capital worked against the change. EBIT was the dominant driver.",0,False
706,INCREASE,EBIT_POS__TAX_ZERO__IC_POS,TAX,ROIC increased. EBIT and invested capital contributed positively. The tax rate was the dominant driver.,0,False
95,NEGATIVE_IC,EBIT_ZERO__TAX_POS__IC_NEG,EBIT,"Invested capital was negative, so the ratio is mechanical rather than economic. The tax rate contributed positively, while invested capital worked against the change. EBIT was the dominant driver.",0,False
796,INCREASE,EBIT_ZERO__TAX_ZERO__IC_POS,TAX,ROIC increased. Invested capital contributed positively. The tax rate was the dominant driver.,0,False
704,INCREASE,EBIT_POS__TAX_NEG__IC_ZERO,NONE,"ROIC increased. EBIT contributed positively, while the tax rate worked against the change.",0,False
702,INCREASE,EBIT_POS__TAX_NEG__IC_ZERO,IC,"ROIC increased. EBIT contributed positively, while the tax rate worked against the change. Invested capital was the dominant driver.",0,False
699,INCREASE,EBIT_POS__TAX_NEG__IC_NEG,NONE,"ROIC increased. EBIT contributed positively, while the tax rate and invested capital worked against the change.",0,False
99,NEGATIVE_IC,EBIT_ZERO__TAX_POS__IC_NEG,NONE,"Invested capital was negative, so the ratio is mechanical rather than economic. The tax rate contributed positively, while invested capital worked against the change.",0,False
819,DECREASE,EBIT_POS__TAX_POS__IC_NEG,NONE,"ROIC decreased. EBIT and the tax rate contributed positively, while invested capital worked against the change.",0,False
697,INCREASE,EBIT_POS__TAX_NEG__IC_NEG,IC,"ROIC increased. EBIT contributed positively, while the tax rate and invested capital worked against the change. Invested capital was the dominant driver.",0,False
696,INCREASE,EBIT_POS__TAX_NEG__IC_NEG,TAX,"ROIC increased. EBIT contributed positively, while the tax rate and invested capital worked against the change. The tax rate was the dominant driver.",0,False
820,DECREASE,EBIT_POS__TAX_POS__IC_ZERO,EBIT,ROIC decreased. EBIT and the tax rate contributed positively. EBIT was the dominant driver.,0,False
694,INCREASE,EBIT_POS__TAX_NEG__IC_POS,NONE,"ROIC increased. EBIT and invested capital contributed positively, while the tax rate worked against the change.",0,False
821,DECREASE,EBIT_POS__TAX_POS__IC_ZERO,TAX,ROIC decreased. EBIT and the tax rate contributed positively. The tax rate was the dominant driver.,0,False
717,INCREASE,EBIT_POS__TAX_ZERO__IC_ZERO,IC,ROIC increased. EBIT contributed positively. Invested capital was the dominant driver.,0,False
791,INCREASE,EBIT_ZERO__TAX_NEG__IC_ZERO,TAX,ROIC increased. The tax rate worked against the change. The tax rate was the dominant driver.,0,False
795,INCREASE,EBIT_ZERO__TAX_ZERO__IC_POS,EBIT,ROIC increased. Invested capital contributed positively. EBIT was the dominant driver.,0,False
76,NEGATIVE_IC,EBIT_NEG__TAX_ZERO__IC_POS,TAX,"Invested capital was negative, so the ratio is mechanical rather than economic. Invested capital contributed positively, while EBIT worked against the change. The tax rate was the dominant driver.",0,False
761,INCREASE,EBIT_NEG__TAX_ZERO__IC_ZERO,TAX,ROIC increased. EBIT worked against the change. The tax rate was the dominant driver.,0,False
762,INCREASE,EBIT_NEG__TAX_ZERO__IC_ZERO,IC,ROIC increased. EBIT worked against the change. Invested capital was the dominant driver.,0,False
741,INCREASE,EBIT_NEG__TAX_NEG__IC_NEG,TAX,"ROIC increased. EBIT, the tax rate and invested capital worked against the change. The tax rate was the dominant driver.",0,False
763,INCREASE,EBIT_NEG__TAX_ZERO__IC_ZERO,BALANCED,ROIC increased. EBIT worked against the change. No single driver dominated.,0,False
764,INCREASE,EBIT_NEG__TAX_ZERO__IC_ZERO,NONE,ROIC increased. EBIT worked against the change.,0,False
765,INCREASE,EBIT_ZERO__TAX_POS__IC_POS,EBIT,ROIC increased. The tax rate and invested capital contributed positively. EBIT was the dominant driver.,0,False
740,INCREASE,EBIT_NEG__TAX_NEG__IC_NEG,EBIT,"ROIC increased. EBIT, the tax rate and invested capital worked against the change. EBIT was the dominant driver.",0,False
718,INCREASE,EBIT_POS__TAX_ZERO__IC_ZERO,BALANCED,ROIC increased. EBIT contributed positively. No single driver dominated.,0,False
739,INCREASE,EBIT_NEG__TAX_NEG__IC_POS,NONE,"ROIC increased. Invested capital contributed positively, while EBIT and the tax rate worked against the change.",0,False
81,NEGATIVE_IC,EBIT_NEG__TAX_ZERO__IC_NEG,TAX,"Invested capital was negative, so the ratio is mechanical rather than economic. EBIT and invested capital worked against the change. The tax rate was the dominant driver.",0,False
769,INCREASE,EBIT_ZERO__TAX_POS__IC_POS,NONE,ROIC increased. The tax rate and invested capital contributed positively.,0,False
736,INCREASE,EBIT_NEG__TAX_NEG__IC_POS,TAX,"ROIC increased. Invested capital contributed positively, while EBIT and the tax rate worked against the change. The tax rate was the dominant driver.",0,False
770,INCREASE,EBIT_ZERO__TAX_POS__IC_NEG,EBIT,"ROIC increased. The tax rate contributed positively, while invested capital worked against the change. EBIT was the dominant driver.",0,False
74,NEGATIVE_IC,EBIT_NEG__TAX_NEG__IC_ZERO,NONE,"Invested capital was negative, so the ratio is mechanical rather than economic. EBIT and the tax rate worked against the change.",0,False
760,INCREASE,EBIT_NEG__TAX_ZERO__IC_ZERO,EBIT,ROIC increased. EBIT worked against the change. EBIT was the dominant driver.,0,False
759,INCREASE,EBIT_NEG__TAX_ZERO__IC_NEG,NONE,ROIC increased. EBIT and invested capital worked against the change.,0,False
758,INCREASE,EBIT_NEG__TAX_ZERO__IC_NEG,BALANCED,ROIC increased. EBIT and invested capital worked against the change. No single driver dominated.,0,False
757,INCREASE,EBIT_NEG__TAX_ZERO__IC_NEG,IC,ROIC increased. EBIT and invested capital worked against the change. Invested capital was the dominant driver.,0,False
742,INCREASE,EBIT_NEG__TAX_NEG__IC_NEG,IC,"ROIC increased. EBIT, the tax rate and invested capital worked against the change. Invested capital was the dominant driver.",0,False
756,INCREASE,EBIT_NEG__TAX_ZERO__IC_NEG,TAX,ROIC increased. EBIT and invested capital worked against the change. The tax rate was the dominant driver.,0,False
755,INCREASE,EBIT_NEG__TAX_ZERO__IC_NEG,EBIT,ROIC increased. EBIT and invested capital worked against the change. EBIT was the dominant driver.,0,False
754,INCREASE,EBIT_NEG__TAX_ZERO__IC_POS,NONE,"ROIC increased. Invested capital contributed positively, while EBIT worked against the change.",0,False
834,DECREASE,EBIT_POS__TAX_NEG__IC_NEG,NONE,"ROIC decreased. EBIT contributed positively, while the tax rate and invested capital worked against the change.",0,False
743,INCREASE,EBIT_NEG__TAX_NEG__IC_NEG,BALANCED,"ROIC increased. EBIT, the tax rate and invested capital worked against the change. No single driver dominated.",0,False
79,NEGATIVE_IC,EBIT_NEG__TAX_ZERO__IC_POS,NONE,"Invested capital was negative, so the ratio is mechanical rather than economic. Invested capital contributed positively, while EBIT worked against the change.",0,False
744,INCREASE,EBIT_NEG__TAX_NEG__IC_NEG,NONE,"ROIC increased. EBIT, the tax rate and invested capital worked against the change.",0,False
745,INCREASE,EBIT_NEG__TAX_NEG__IC_ZERO,EBIT,ROIC increased. EBIT and the tax rate worked against the change. EBIT was the dominant driver.,0,False
746,INCREASE,EBIT_NEG__TAX_NEG__IC_ZERO,TAX,ROIC increased. EBIT and the tax rate worked against the change. The tax rate was the dominant driver.,0,False
751,INCREASE,EBIT_NEG__TAX_ZERO__IC_POS,TAX,"ROIC increased. Invested capital contributed positively, while EBIT worked against the change. The tax rate was the dominant driver.",0,False
747,INCREASE,EBIT_NEG__TAX_NEG__IC_ZERO,IC,ROIC increased. EBIT and the tax rate worked against the change. Invested capital was the dominant driver.,0,False
750,INCREASE,EBIT_NEG__TAX_ZERO__IC_POS,EBIT,"ROIC increased. Invested capital contributed positively, while EBIT worked against the change. EBIT was the dominant driver.",0,False
772,INCREASE,EBIT_ZERO__TAX_POS__IC_NEG,IC,"ROIC increased. The tax rate contributed positively, while invested capital worked against the change. Invested capital was the dominant driver.",0,False
735,INCREASE,EBIT_NEG__TAX_NEG__IC_POS,EBIT,"ROIC increased. Invested capital contributed positively, while EBIT and the tax rate worked against the change. EBIT was the dominant driver.",0,False
734,INCREASE,EBIT_NEG__TAX_POS__IC_ZERO,NONE,"ROIC increased. The tax rate contributed positively, while EBIT worked against the change.",0,False
724,INCREASE,EBIT_NEG__TAX_POS__IC_POS,NONE,"ROIC increased. The tax rate and invested capital contributed positively, while EBIT worked against the change.",0,False
719,INCREASE,EBIT_POS__TAX_ZERO__IC_ZERO,NONE,ROIC increased. EBIT contributed positively.,0,False
794,INCREASE,EBIT_ZERO__TAX_NEG__IC_ZERO,NONE,ROIC increased. The tax rate worked against the change.,0,False
793,INCREASE,EBIT_ZERO__TAX_NEG__IC_ZERO,BALANCED,ROIC increased. The tax rate worked against the change. No single driver dominated.,0,False
792,INCREASE,EBIT_ZERO__TAX_NEG__IC_ZERO,IC,ROIC increased. The tax rate worked against the change. Invested capital was the dominant driver.,0,False
90,NEGATIVE_IC,EBIT_ZERO__TAX_POS__IC_POS,EBIT,"Invested capital was negative, so the ratio is mechanical rather than economic. The tax rate and invested capital contributed positively. EBIT was the dominant driver.",0,False
749,INCREASE,EBIT_NEG__TAX_NEG__IC_ZERO,NONE,ROIC increased. EBIT and the tax rate worked against the change.,0,False
89,NEGATIVE_IC,EBIT_NEG__TAX_ZERO__IC_ZERO,NONE,"Invested capital was negative, so the ratio is mechanical rather than economic. EBIT worked against the change.",0,False
88,NEGATIVE_IC,EBIT_NEG__TAX_ZERO__IC_ZERO,BALANCED,"Invested capital was negative, so the ratio is mechanical rather than economic. EBIT worked against the change. No single driver dominated.",0,False
790,INCREASE,EBIT_ZERO__TAX_NEG__IC_ZERO,EBIT,ROIC increased. The tax rate worked against the change. EBIT was the dominant driver.,0,False
789,INCREASE,EBIT_ZERO__TAX_NEG__IC_NEG,NONE,ROIC increased. The tax rate and invested capital worked against the change.,0,False
87,NEGATIVE_IC,EBIT_NEG__TAX_ZERO__IC_ZERO,IC,"Invested capital was negative, so the ratio is mechanical rather than economic. EBIT worked against the change. Invested capital was the dominant driver.",0,False
788,INCREASE,EBIT_ZERO__TAX_NEG__IC_NEG,BALANCED,ROIC increased. The tax rate and invested capital worked against the change. No single driver dominated.,0,False
787,INCREASE,EBIT_ZERO__TAX_NEG__IC_NEG,IC,ROIC increased. The tax rate and invested capital worked against the change. Invested capital was the dominant driver.,0,False
786,INCREASE,EBIT_ZERO__TAX_NEG__IC_NEG,TAX,ROIC increased. The tax rate and invested capital worked against the change. The tax rate was the dominant driver.,0,False
725,INCREASE,EBIT_NEG__TAX_POS__IC_NEG,EBIT,"ROIC increased. The tax rate contributed positively, while EBIT and invested capital worked against the change. EBIT was the dominant driver.",0,False
774,INCREASE,EBIT_ZERO__TAX_POS__IC_NEG,NONE,"ROIC increased. The tax rate contributed positively, while invested capital worked against the change.",0,False
785,INCREASE,EBIT_ZERO__TAX_NEG__IC_NEG,EBIT,ROIC increased. The tax rate and invested capital worked against the change. EBIT was the dominant driver.,0,False
784,INCREASE,EBIT_ZERO__TAX_NEG__IC_POS,NONE,"ROIC increased. Invested capital contributed positively, while the tax rate worked against the change.",0,False
86,NEGATIVE_IC,EBIT_NEG__TAX_ZERO__IC_ZERO,TAX,"Invested capital was negative, so the ratio is mechanical rather than economic. EBIT worked against the change. The tax rate was the dominant driver.",0,False
727,INCREASE,EBIT_NEG__TAX_POS__IC_NEG,IC,"ROIC increased. The tax rate contributed positively, while EBIT and invested capital worked against the change. Invested capital was the dominant driver.",0,False
781,INCREASE,EBIT_ZERO__TAX_NEG__IC_POS,TAX,"ROIC increased. Invested capital contributed positively, while the tax rate worked against the change. The tax rate was the dominant driver.",0,False
780,INCREASE,EBIT_ZERO__TAX_NEG__IC_POS,EBIT,"ROIC increased. Invested capital contributed positively, while the tax rate worked against the change. EBIT was the dominant driver.",0,False
779,INCREASE,EBIT_ZERO__TAX_POS__IC_ZERO,NONE,ROIC increased. The tax rate contributed positively.,0,False
778,INCREASE,EBIT_ZERO__TAX_POS__IC_ZERO,BALANCED,ROIC increased. The tax rate contributed positively. No single driver dominated.,0,False
777,INCREASE,EBIT_ZERO__TAX_POS__IC_ZERO,IC,ROIC increased. The tax rate contributed positively. Invested capital was the dominant driver.,0,False
729,INCREASE,EBIT_NEG__TAX_POS__IC_NEG,NONE,"ROIC increased. The tax rate contributed positively, while EBIT and invested capital worked against the change.",0,False
730,INCREASE,EBIT_NEG__TAX_POS__IC_ZERO,EBIT,"ROIC increased. The tax rate contributed positively, while EBIT worked against the change. EBIT was the dominant driver.",0,False
84,NEGATIVE_IC,EBIT_NEG__TAX_ZERO__IC_NEG,NONE,"Invested capital was negative, so the ratio is mechanical rather than economic. EBIT and invested capital worked against the change.",0,False
732,INCREASE,EBIT_NEG__TAX_POS__IC_ZERO,IC,"ROIC increased. The tax rate contributed positively, while EBIT worked against the change. Invested capital was the dominant driver.",0,False
775,INCREASE,EBIT_ZERO__TAX_POS__IC_ZERO,EBIT,ROIC increased. The tax rate contributed positively. EBIT was the dominant driver.,0,False
64,NEGATIVE_IC,EBIT_NEG__TAX_NEG__IC_POS,NONE,"Invested capital was negative, so the ratio is mechanical rather than economic. Invested capital contributed positively, while EBIT and the tax rate worked against the change.",0,False
207,LOSS_TO_PROFIT,EBIT_NEG__TAX_NEG__IC_ZERO,IC,NOPAT turned positive. EBIT and the tax rate worked against the change. Invested capital was the dominant driver.,0,False
835,DECREASE,EBIT_POS__TAX_NEG__IC_ZERO,EBIT,"ROIC decreased. EBIT contributed positively, while the tax rate worked against the change. EBIT was the dominant driver.",0,False
1006,UNCHANGED,EBIT_NEG__TAX_NEG__IC_POS,TAX,"ROIC was essentially unchanged. Invested capital contributed positively, while EBIT and the tax rate worked against the change. The tax rate was the dominant driver.",0,False
992,UNCHANGED,EBIT_NEG__TAX_POS__IC_POS,IC,"ROIC was essentially unchanged. The tax rate and invested capital contributed positively, while EBIT worked against the change. Invested capital was the dominant driver.",0,False
994,UNCHANGED,EBIT_NEG__TAX_POS__IC_POS,NONE,"ROIC was essentially unchanged. The tax rate and invested capital contributed positively, while EBIT worked against the change.",0,False
995,UNCHANGED,EBIT_NEG__TAX_POS__IC_NEG,EBIT,"ROIC was essentially unchanged. The tax rate contributed positively, while EBIT and invested capital worked against the change. EBIT was the dominant driver.",0,False
9,NEGATIVE_IC,EBIT_POS__TAX_POS__IC_NEG,NONE,"Invested capital was negative, so the ratio is mechanical rather than economic. EBIT and the tax rate contributed positively, while invested capital worked against the change.",0,False
997,UNCHANGED,EBIT_NEG__TAX_POS__IC_NEG,IC,"ROIC was essentially unchanged. The tax rate contributed positively, while EBIT and invested capital worked against the change. Invested capital was the dominant driver.",0,False
999,UNCHANGED,EBIT_NEG__TAX_POS__IC_NEG,NONE,"ROIC was essentially unchanged. The tax rate contributed positively, while EBIT and invested capital worked against the change.",0,False
1002,UNCHANGED,EBIT_NEG__TAX_POS__IC_ZERO,IC,"ROIC was essentially unchanged. The tax rate contributed positively, while EBIT worked against the change. Invested capital was the dominant driver.",0,False
1004,UNCHANGED,EBIT_NEG__TAX_POS__IC_ZERO,NONE,"ROIC was essentially unchanged. The tax rate contributed positively, while EBIT worked against the change.",0,False
1005,UNCHANGED,EBIT_NEG__TAX_NEG__IC_POS,EBIT,"ROIC was essentially unchanged. Invested capital contributed positively, while EBIT and the tax rate worked against the change. EBIT was the dominant driver.",0,False
1009,UNCHANGED,EBIT_NEG__TAX_NEG__IC_POS,NONE,"ROIC was essentially unchanged. Invested capital contributed positively, while EBIT and the tax rate worked against the change.",0,False
989,UNCHANGED,EBIT_POS__TAX_ZERO__IC_ZERO,NONE,ROIC was essentially unchanged. EBIT contributed positively.,0,False
1010,UNCHANGED,EBIT_NEG__TAX_NEG__IC_NEG,EBIT,"ROIC was essentially unchanged. EBIT, the tax rate and invested capital worked against the change. EBIT was the dominant driver.",0,False
1011,UNCHANGED,EBIT_NEG__TAX_NEG__IC_NEG,TAX,"ROIC was essentially unchanged. EBIT, the tax rate and invested capital worked against the change. The tax rate was the dominant driver.",0,False
1012,UNCHANGED,EBIT_NEG__TAX_NEG__IC_NEG,IC,"ROIC was essentially unchanged. EBIT, the tax rate and invested capital worked against the change. Invested capital was the dominant driver.",0,False
1013,UNCHANGED,EBIT_NEG__TAX_NEG__IC_NEG,BALANCED,"ROIC was essentially unchanged. EBIT, the tax rate and invested capital worked against the change. No single driver dominated.",0,False
1014,UNCHANGED,EBIT_NEG__TAX_NEG__IC_NEG,NONE,"ROIC was essentially unchanged. EBIT, the tax rate and invested capital worked against the change.",0,False
1015,UNCHANGED,EBIT_NEG__TAX_NEG__IC_ZERO,EBIT,ROIC was essentially unchanged. EBIT and the tax rate worked against the change. EBIT was the dominant driver.,0,False
1016,UNCHANGED,EBIT_NEG__TAX_NEG__IC_ZERO,TAX,ROIC was essentially unchanged. EBIT and the tax rate worked against the change. The tax rate was the dominant driver.,0,False
1017,UNCHANGED,EBIT_NEG__TAX_NEG__IC_ZERO,IC,ROIC was essentially unchanged. EBIT and the tax rate worked against the change. Invested capital was the dominant driver.,0,False
1018,UNCHANGED,EBIT_NEG__TAX_NEG__IC_ZERO,BALANCED,ROIC was essentially unchanged. EBIT and the tax rate worked against the change. No single driver dominated.,0,False
991,UNCHANGED,EBIT_NEG__TAX_POS__IC_POS,TAX,"ROIC was essentially unchanged. The tax rate and invested capital contributed positively, while EBIT worked against the change. The tax rate was the dominant driver.",0,False
988,UNCHANGED,EBIT_POS__TAX_ZERO__IC_ZERO,BALANCED,ROIC was essentially unchanged. EBIT contributed positively. No single driver dominated.,0,False
956,UNCHANGED,EBIT_POS__TAX_POS__IC_ZERO,TAX,ROIC was essentially unchanged. EBIT and the tax rate contributed positively. The tax rate was the dominant driver.,0,False
972,UNCHANGED,EBIT_POS__TAX_NEG__IC_ZERO,IC,"ROIC was essentially unchanged. EBIT contributed positively, while the tax rate worked against the change. Invested capital was the dominant driver.",0,False
958,UNCHANGED,EBIT_POS__TAX_POS__IC_ZERO,BALANCED,ROIC was essentially unchanged. EBIT and the tax rate contributed positively. No single driver dominated.,0,False
959,UNCHANGED,EBIT_POS__TAX_POS__IC_ZERO,NONE,ROIC was essentially unchanged. EBIT and the tax rate contributed positively.,0,False
960,UNCHANGED,EBIT_POS__TAX_NEG__IC_POS,EBIT,"ROIC was essentially unchanged. EBIT and invested capital contributed positively, while the tax rate worked against the change. EBIT was the dominant driver.",0,False
962,UNCHANGED,EBIT_POS__TAX_NEG__IC_POS,IC,"ROIC was essentially unchanged. EBIT and invested capital contributed positively, while the tax rate worked against the change. Invested capital was the dominant driver.",0,False
964,UNCHANGED,EBIT_POS__TAX_NEG__IC_POS,NONE,"ROIC was essentially unchanged. EBIT and invested capital contributed positively, while the tax rate worked against the change.",0,False
14,NEGATIVE_IC,EBIT_POS__TAX_POS__IC_ZERO,NONE,"Invested capital was negative, so the ratio is mechanical rather than economic. EBIT and the tax rate contributed positively.",0,False
966,UNCHANGED,EBIT_POS__TAX_NEG__IC_NEG,TAX,"ROIC was essentially unchanged. EBIT contributed positively, while the tax rate and invested capital worked against the change. The tax rate was the dominant driver.",0,False
967,UNCHANGED,EBIT_POS__TAX_NEG__IC_NEG,IC,"ROIC was essentially unchanged. EBIT contributed positively, while the tax rate and invested capital worked against the change. Invested capital was the dominant driver.",0,False
969,UNCHANGED,EBIT_POS__TAX_NEG__IC_NEG,NONE,"ROIC was essentially unchanged. EBIT contributed positively, while the tax rate and invested capital worked against the change.",0,False
12,NEGATIVE_IC,EBIT_POS__TAX_POS__IC_ZERO,IC,"Invested capital was negative, so the ratio is mechanical rather than economic. EBIT and the tax rate contributed positively. Invested capital was the dominant driver.",0,False
987,UNCHANGED,EBIT_POS__TAX_ZERO__IC_ZERO,IC,ROIC was essentially unchanged. EBIT contributed positively. Invested capital was the dominant driver.,0,False
974,UNCHANGED,EBIT_POS__TAX_NEG__IC_ZERO,NONE,"ROIC was essentially unchanged. EBIT contributed positively, while the tax rate worked against the change.",0,False
975,UNCHANGED,EBIT_POS__TAX_ZERO__IC_POS,EBIT,ROIC was essentially unchanged. EBIT and invested capital contributed positively. EBIT was the dominant driver.,0,False
976,UNCHANGED,EBIT_POS__TAX_ZERO__IC_POS,TAX,ROIC was essentially unchanged. EBIT and invested capital contributed positively. The tax rate was the dominant driver.,0,False
977,UNCHANGED,EBIT_POS__TAX_ZERO__IC_POS,IC,ROIC was essentially unchanged. EBIT and invested capital contributed positively. Invested capital was the dominant driver.,0,False
978,UNCHANGED,EBIT_POS__TAX_ZERO__IC_POS,BALANCED,ROIC was essentially unchanged. EBIT and invested capital contributed positively. No single driver dominated.,0,False
979,UNCHANGED,EBIT_POS__TAX_ZERO__IC_POS,NONE,ROIC was essentially unchanged. EBIT and invested capital contributed positively.,0,False
981,UNCHANGED,EBIT_POS__TAX_ZERO__IC_NEG,TAX,"ROIC was essentially unchanged. EBIT contributed positively, while invested capital worked against the change. The tax rate was the dominant driver.",0,False
984,UNCHANGED,EBIT_POS__TAX_ZERO__IC_NEG,NONE,"ROIC was essentially unchanged. EBIT contributed positively, while invested capital worked against the change.",0,False
986,UNCHANGED,EBIT_POS__TAX_ZERO__IC_ZERO,TAX,ROIC was essentially unchanged. EBIT contributed positively. The tax rate was the dominant driver.,0,False
1019,UNCHANGED,EBIT_NEG__TAX_NEG__IC_ZERO,NONE,ROIC was essentially unchanged. EBIT and the tax rate worked against the change.,0,False
1021,UNCHANGED,EBIT_NEG__TAX_ZERO__IC_POS,TAX,"ROIC was essentially unchanged. Invested capital contributed positively, while EBIT worked against the change. The tax rate was the dominant driver.",0,False
1024,UNCHANGED,EBIT_NEG__TAX_ZERO__IC_POS,NONE,"ROIC was essentially unchanged. Invested capital contributed positively, while EBIT worked against the change.",0,False
1068,UNCHANGED,EBIT_ZERO__TAX_ZERO__IC_POS,BALANCED,ROIC was essentially unchanged. Invested capital contributed positively. No single driver dominated.,0,False
1057,UNCHANGED,EBIT_ZERO__TAX_NEG__IC_NEG,IC,ROIC was essentially unchanged. The tax rate and invested capital worked against the change. Invested capital was the dominant driver.,0,False
1058,UNCHANGED,EBIT_ZERO__TAX_NEG__IC_NEG,BALANCED,ROIC was essentially unchanged. The tax rate and invested capital worked against the change. No single driver dominated.,0,False
1059,UNCHANGED,EBIT_ZERO__TAX_NEG__IC_NEG,NONE,ROIC was essentially unchanged. The tax rate and invested capital worked against the change.,0,False
1060,UNCHANGED,EBIT_ZERO__TAX_NEG__IC_ZERO,EBIT,ROIC was essentially unchanged. The tax rate worked against the change. EBIT was the dominant driver.,0,False
1062,UNCHANGED,EBIT_ZERO__TAX_NEG__IC_ZERO,IC,ROIC was essentially unchanged. The tax rate worked against the change. Invested capital was the dominant driver.,0,False
1063,UNCHANGED,EBIT_ZERO__TAX_NEG__IC_ZERO,BALANCED,ROIC was essentially unchanged. The tax rate worked against the change. No single driver dominated.,0,False
1064,UNCHANGED,EBIT_ZERO__TAX_NEG__IC_ZERO,NONE,ROIC was essentially unchanged. The tax rate worked against the change.,0,False
1065,UNCHANGED,EBIT_ZERO__TAX_ZERO__IC_POS,EBIT,ROIC was essentially unchanged. Invested capital contributed positively. EBIT was the dominant driver.,0,False
1066,UNCHANGED,EBIT_ZERO__TAX_ZERO__IC_POS,TAX,ROIC was essentially unchanged. Invested capital contributed positively. The tax rate was the dominant driver.,0,False
1069,UNCHANGED,EBIT_ZERO__TAX_ZERO__IC_POS,NONE,ROIC was essentially unchanged. Invested capital contributed positively.,0,False
1025,UNCHANGED,EBIT_NEG__TAX_ZERO__IC_NEG,EBIT,ROIC was essentially unchanged. EBIT and invested capital worked against the change. EBIT was the dominant driver.,0,False
1070,UNCHANGED,EBIT_ZERO__TAX_ZERO__IC_NEG,EBIT,ROIC was essentially unchanged. Invested capital worked against the change. EBIT was the dominant driver.,0,False
1071,UNCHANGED,EBIT_ZERO__TAX_ZERO__IC_NEG,TAX,ROIC was essentially unchanged. Invested capital worked against the change. The tax rate was the dominant driver.,0,False
1073,UNCHANGED,EBIT_ZERO__TAX_ZERO__IC_NEG,BALANCED,ROIC was essentially unchanged. Invested capital worked against the change. No single driver dominated.,0,False
1074,UNCHANGED,EBIT_ZERO__TAX_ZERO__IC_NEG,NONE,ROIC was essentially unchanged. Invested capital worked against the change.,0,False
1075,UNCHANGED,EBIT_ZERO__TAX_ZERO__IC_ZERO,EBIT,ROIC was essentially unchanged. No driver moved materially. EBIT was the dominant driver.,0,False
1076,UNCHANGED,EBIT_ZERO__TAX_ZERO__IC_ZERO,TAX,ROIC was essentially unchanged. No driver moved materially. The tax rate was the dominant driver.,0,False
1077,UNCHANGED,EBIT_ZERO__TAX_ZERO__IC_ZERO,IC,ROIC was essentially unchanged. No driver moved materially. Invested capital was the dominant driver.,0,False
1078,UNCHANGED,EBIT_ZERO__TAX_ZERO__IC_ZERO,BALANCED,ROIC was essentially unchanged. No driver moved materially. No single driver dominated.,0,False
4,NEGATIVE_IC,EBIT_POS__TAX_POS__IC_POS,NONE,"Invested capital was negative, so the ratio is mechanical rather than economic. EBIT, the tax rate and invested capital contributed positively.",0,False
1056,UNCHANGED,EBIT_ZERO__TAX_NEG__IC_NEG,TAX,ROIC was essentially unchanged. The tax rate and invested capital worked against the change. The tax rate was the dominant driver.,0,False
1055,UNCHANGED,EBIT_ZERO__TAX_NEG__IC_NEG,EBIT,ROIC was essentially unchanged. The tax rate and invested capital worked against the change. EBIT was the dominant driver.,0,False
1054,UNCHANGED,EBIT_ZERO__TAX_NEG__IC_POS,NONE,"ROIC was essentially unchanged. Invested capital contributed positively, while the tax rate worked against the change.",0,False
1050,UNCHANGED,EBIT_ZERO__TAX_NEG__IC_POS,EBIT,"ROIC was essentially unchanged. Invested capital contributed positively, while the tax rate worked against the change. EBIT was the dominant driver.",0,False
1026,UNCHANGED,EBIT_NEG__TAX_ZERO__IC_NEG,TAX,ROIC was essentially unchanged. EBIT and invested capital worked against the change. The tax rate was the dominant driver.,0,False
1027,UNCHANGED,EBIT_NEG__TAX_ZERO__IC_NEG,IC,ROIC was essentially unchanged. EBIT and invested capital worked against the change. Invested capital was the dominant driver.,0,False
1028,UNCHANGED,EBIT_NEG__TAX_ZERO__IC_NEG,BALANCED,ROIC was essentially unchanged. EBIT and invested capital worked against the change. No single driver dominated.,0,False
1029,UNCHANGED,EBIT_NEG__TAX_ZERO__IC_NEG,NONE,ROIC was essentially unchanged. EBIT and invested capital worked against the change.,0,False
1031,UNCHANGED,EBIT_NEG__TAX_ZERO__IC_ZERO,TAX,ROIC was essentially unchanged. EBIT worked against the change. The tax rate was the dominant driver.,0,False
1032,UNCHANGED,EBIT_NEG__TAX_ZERO__IC_ZERO,IC,ROIC was essentially unchanged. EBIT worked against the change. Invested capital was the dominant driver.,0,False
1033,UNCHANGED,EBIT_NEG__TAX_ZERO__IC_ZERO,BALANCED,ROIC was essentially unchanged. EBIT worked against the change. No single driver dominated.,0,False
1034,UNCHANGED,EBIT_NEG__TAX_ZERO__IC_ZERO,NONE,ROIC was essentially unchanged. EBIT worked against the change.,0,False
1035,UNCHANGED,EBIT_ZERO__TAX_POS__IC_POS,EBIT,ROIC was essentially unchanged. The tax rate and invested capital contributed positively. EBIT was the dominant driver.,0,False
1036,UNCHANGED,EBIT_ZERO__TAX_POS__IC_POS,TAX,ROIC was essentially unchanged. The tax rate and invested capital contributed positively. The tax rate was the dominant driver.,0,False
1037,UNCHANGED,EBIT_ZERO__TAX_POS__IC_POS,IC,ROIC was essentially unchanged. The tax rate and invested capital contributed positively. Invested capital was the dominant driver.,0,False
1038,UNCHANGED,EBIT_ZERO__TAX_POS__IC_POS,BALANCED,ROIC was essentially unchanged. The tax rate and invested capital contributed positively. No single driver dominated.,0,False
1039,UNCHANGED,EBIT_ZERO__TAX_POS__IC_POS,NONE,ROIC was essentially unchanged. The tax rate and invested capital contributed positively.,0,False
1040,UNCHANGED,EBIT_ZERO__TAX_POS__IC_NEG,EBIT,"ROIC was essentially unchanged. The tax rate contributed positively, while invested capital worked against the change. EBIT was the dominant driver.",0,False
1044,UNCHANGED,EBIT_ZERO__TAX_POS__IC_NEG,NONE,"ROIC was essentially unchanged. The tax rate contributed positively, while invested capital worked against the change.",0,False
1045,UNCHANGED,EBIT_ZERO__TAX_POS__IC_ZERO,EBIT,ROIC was essentially unchanged. The tax rate contributed positively. EBIT was the dominant driver.,0,False
1047,UNCHANGED,EBIT_ZERO__TAX_POS__IC_ZERO,IC,ROIC was essentially unchanged. The tax rate contributed positively. Invested capital was the dominant driver.,0,False
1048,UNCHANGED,EBIT_ZERO__TAX_POS__IC_ZERO,BALANCED,ROIC was essentially unchanged. The tax rate contributed positively. No single driver dominated.,0,False
1049,UNCHANGED,EBIT_ZERO__TAX_POS__IC_ZERO,NONE,ROIC was essentially unchanged. The tax rate contributed positively.,0,False
957,UNCHANGED,EBIT_POS__TAX_POS__IC_ZERO,IC,ROIC was essentially unchanged. EBIT and the tax rate contributed positively. Invested capital was the dominant driver.,0,False
955,UNCHANGED,EBIT_POS__TAX_POS__IC_ZERO,EBIT,ROIC was essentially unchanged. EBIT and the tax rate contributed positively. EBIT was the dominant driver.,0,False
837,DECREASE,EBIT_POS__TAX_NEG__IC_ZERO,IC,"ROIC decreased. EBIT contributed positively, while the tax rate worked against the change. Invested capital was the dominant driver.",0,False
882,DECREASE,EBIT_NEG__TAX_NEG__IC_ZERO,IC,ROIC decreased. EBIT and the tax rate worked against the change. Invested capital was the dominant driver.,0,False
49,NEGATIVE_IC,EBIT_NEG__TAX_POS__IC_POS,NONE,"Invested capital was negative, so the ratio is mechanical rather than economic. The tax rate and invested capital contributed positively, while EBIT worked against the change.",0,False
874,DECREASE,EBIT_NEG__TAX_NEG__IC_POS,NONE,"ROIC decreased. Invested capital contributed positively, while EBIT and the tax rate worked against the change.",0,False
679,INCREASE,EBIT_POS__TAX_POS__IC_POS,NONE,"ROIC increased. EBIT, the tax rate and invested capital contributed positively.",0,False
43,NEGATIVE_IC,EBIT_POS__TAX_ZERO__IC_ZERO,BALANCED,"Invested capital was negative, so the ratio is mechanical rather than economic. EBIT contributed positively. No single driver dominated.",0,False
42,NEGATIVE_IC,EBIT_POS__TAX_ZERO__IC_ZERO,IC,"Invested capital was negative, so the ratio is mechanical rather than economic. EBIT contributed positively. Invested capital was the dominant driver.",0,False
41,NEGATIVE_IC,EBIT_POS__TAX_ZERO__IC_ZERO,TAX,"Invested capital was negative, so the ratio is mechanical rather than economic. EBIT contributed positively. The tax rate was the dominant driver.",0,False
879,DECREASE,EBIT_NEG__TAX_NEG__IC_NEG,NONE,"ROIC decreased. EBIT, the tax rate and invested capital worked against the change.",0,False
39,NEGATIVE_IC,EBIT_POS__TAX_ZERO__IC_NEG,NONE,"Invested capital was negative, so the ratio is mechanical rather than economic. EBIT contributed positively, while invested capital worked against the change.",0,False
36,NEGATIVE_IC,EBIT_POS__TAX_ZERO__IC_NEG,TAX,"Invested capital was negative, so the ratio is mechanical rather than economic. EBIT contributed positively, while invested capital worked against the change. The tax rate was the dominant driver.",0,False
34,NEGATIVE_IC,EBIT_POS__TAX_ZERO__IC_POS,NONE,"Invested capital was negative, so the ratio is mechanical rather than economic. EBIT and invested capital contributed positively.",0,False
867,DECREASE,EBIT_NEG__TAX_POS__IC_ZERO,IC,"ROIC decreased. The tax rate contributed positively, while EBIT worked against the change. Invested capital was the dominant driver.",0,False
884,DECREASE,EBIT_NEG__TAX_NEG__IC_ZERO,NONE,ROIC decreased. EBIT and the tax rate worked against the change.,0,False
31,NEGATIVE_IC,EBIT_POS__TAX_ZERO__IC_POS,TAX,"Invested capital was negative, so the ratio is mechanical rather than economic. EBIT and invested capital contributed positively. The tax rate was the dominant driver.",0,False
886,DECREASE,EBIT_NEG__TAX_ZERO__IC_POS,TAX,"ROIC decreased. Invested capital contributed positively, while EBIT worked against the change. The tax rate was the dominant driver.",0,False
887,DECREASE,EBIT_NEG__TAX_ZERO__IC_POS,IC,"ROIC decreased. Invested capital contributed positively, while EBIT worked against the change. Invested capital was the dominant driver.",0,False
889,DECREASE,EBIT_NEG__TAX_ZERO__IC_POS,NONE,"ROIC decreased. Invested capital contributed positively, while EBIT worked against the change.",0,False
29,NEGATIVE_IC,EBIT_POS__TAX_NEG__IC_ZERO,NONE,"Invested capital was negative, so the ratio is mechanical rather than economic. EBIT contributed positively, while the tax rate worked against the change.",0,False
891,DECREASE,EBIT_NEG__TAX_ZERO__IC_NEG,TAX,ROIC decreased. EBIT and invested capital worked against the change. The tax rate was the dominant driver.,0,False
27,NEGATIVE_IC,EBIT_POS__TAX_NEG__IC_ZERO,IC,"Invested capital was negative, so the ratio is mechanical rather than economic. EBIT contributed positively, while the tax rate worked against the change. Invested capital was the dominant driver.",0,False
894,DECREASE,EBIT_NEG__TAX_ZERO__IC_NEG,NONE,ROIC decreased. EBIT and invested capital worked against the change.,0,False
869,DECREASE,EBIT_NEG__TAX_POS__IC_ZERO,NONE,"ROIC decreased. The tax rate contributed positively, while EBIT worked against the change.",0,False
866,DECREASE,EBIT_NEG__TAX_POS__IC_ZERO,TAX,"ROIC decreased. The tax rate contributed positively, while EBIT worked against the change. The tax rate was the dominant driver.",0,False
954,UNCHANGED,EBIT_POS__TAX_POS__IC_NEG,NONE,"ROIC was essentially unchanged. EBIT and the tax rate contributed positively, while invested capital worked against the change.",0,False
849,DECREASE,EBIT_POS__TAX_ZERO__IC_NEG,NONE,"ROIC decreased. EBIT contributed positively, while invested capital worked against the change.",0,False
839,DECREASE,EBIT_POS__TAX_NEG__IC_ZERO,NONE,"ROIC decreased. EBIT contributed positively, while the tax rate worked against the change.",0,False
840,DECREASE,EBIT_POS__TAX_ZERO__IC_POS,EBIT,ROIC decreased. EBIT and invested capital contributed positively. EBIT was the dominant driver.,0,False
841,DECREASE,EBIT_POS__TAX_ZERO__IC_POS,TAX,ROIC decreased. EBIT and invested capital contributed positively. The tax rate was the dominant driver.,0,False
842,DECREASE,EBIT_POS__TAX_ZERO__IC_POS,IC,ROIC decreased. EBIT and invested capital contributed positively. Invested capital was the dominant driver.,0,False
843,DECREASE,EBIT_POS__TAX_ZERO__IC_POS,BALANCED,ROIC decreased. EBIT and invested capital contributed positively. No single driver dominated.,0,False
844,DECREASE,EBIT_POS__TAX_ZERO__IC_POS,NONE,ROIC decreased. EBIT and invested capital contributed positively.,0,False
845,DECREASE,EBIT_POS__TAX_ZERO__IC_NEG,EBIT,"ROIC decreased. EBIT contributed positively, while invested capital worked against the change. EBIT was the dominant driver.",0,False
846,DECREASE,EBIT_POS__TAX_ZERO__IC_NEG,TAX,"ROIC decreased. EBIT contributed positively, while invested capital worked against the change. The tax rate was the dominant driver.",0,False
59,NEGATIVE_IC,EBIT_NEG__TAX_POS__IC_ZERO,NONE,"Invested capital was negative, so the ratio is mechanical rather than economic. The tax rate contributed positively, while EBIT worked against the change.",0,False
850,DECREASE,EBIT_POS__TAX_ZERO__IC_ZERO,EBIT,ROIC decreased. EBIT contributed positively. EBIT was the dominant driver.,0,False
864,DECREASE,EBIT_NEG__TAX_POS__IC_NEG,NONE,"ROIC decreased. The tax rate contributed positively, while EBIT and invested capital worked against the change.",0,False
851,DECREASE,EBIT_POS__TAX_ZERO__IC_ZERO,TAX,ROIC decreased. EBIT contributed positively. The tax rate was the dominant driver.,0,False
852,DECREASE,EBIT_POS__TAX_ZERO__IC_ZERO,IC,ROIC decreased. EBIT contributed positively. Invested capital was the dominant driver.,0,False
853,DECREASE,EBIT_POS__TAX_ZERO__IC_ZERO,BALANCED,ROIC decreased. EBIT contributed positively. No single driver dominated.,0,False
854,DECREASE,EBIT_POS__TAX_ZERO__IC_ZERO,NONE,ROIC decreased. EBIT contributed positively.,0,False
856,DECREASE,EBIT_NEG__TAX_POS__IC_POS,TAX,"ROIC decreased. The tax rate and invested capital contributed positively, while EBIT worked against the change. The tax rate was the dominant driver.",0,False
857,DECREASE,EBIT_NEG__TAX_POS__IC_POS,IC,"ROIC decreased. The tax rate and invested capital contributed positively, while EBIT worked against the change. Invested capital was the dominant driver.",0,False
859,DECREASE,EBIT_NEG__TAX_POS__IC_POS,NONE,"ROIC decreased. The tax rate and invested capital contributed positively, while EBIT worked against the change.",0,False
57,NEGATIVE_IC,EBIT_NEG__TAX_POS__IC_ZERO,IC,"Invested capital was negative, so the ratio is mechanical rather than economic. The tax rate contributed positively, while EBIT worked against the change. Invested capital was the dominant driver.",0,False
54,NEGATIVE_IC,EBIT_NEG__TAX_POS__IC_NEG,NONE,"Invested capital was negative, so the ratio is mechanical rather than economic. The tax rate contributed positively, while EBIT and invested capital worked against the change.",0,False
896,DECREASE,EBIT_NEG__TAX_ZERO__IC_ZERO,TAX,ROIC decreased. EBIT worked against the change. The tax rate was the dominant driver.,0,False
897,DECREASE,EBIT_NEG__TAX_ZERO__IC_ZERO,IC,ROIC decreased. EBIT worked against the change. Invested capital was the dominant driver.,0,False
898,DECREASE,EBIT_NEG__TAX_ZERO__IC_ZERO,BALANCED,ROIC decreased. EBIT worked against the change. No single driver dominated.,0,False
940,DECREASE,EBIT_ZERO__TAX_ZERO__IC_ZERO,EBIT,ROIC decreased. No driver moved materially. EBIT was the dominant driver.,0,False
929,DECREASE,EBIT_ZERO__TAX_NEG__IC_ZERO,NONE,ROIC decreased. The tax rate worked against the change.,0,False
930,DECREASE,EBIT_ZERO__TAX_ZERO__IC_POS,EBIT,ROIC decreased. Invested capital contributed positively. EBIT was the dominant driver.,0,False
931,DECREASE,EBIT_ZERO__TAX_ZERO__IC_POS,TAX,ROIC decreased. Invested capital contributed positively. The tax rate was the dominant driver.,0,False
932,DECREASE,EBIT_ZERO__TAX_ZERO__IC_POS,IC,ROIC decreased. Invested capital contributed positively. Invested capital was the dominant driver.,0,False
933,DECREASE,EBIT_ZERO__TAX_ZERO__IC_POS,BALANCED,ROIC decreased. Invested capital contributed positively. No single driver dominated.,0,False
934,DECREASE,EBIT_ZERO__TAX_ZERO__IC_POS,NONE,ROIC decreased. Invested capital contributed positively.,0,False
935,DECREASE,EBIT_ZERO__TAX_ZERO__IC_NEG,EBIT,ROIC decreased. Invested capital worked against the change. EBIT was the dominant driver.,0,False
936,DECREASE,EBIT_ZERO__TAX_ZERO__IC_NEG,TAX,ROIC decreased. Invested capital worked against the change. The tax rate was the dominant driver.,0,False
939,DECREASE,EBIT_ZERO__TAX_ZERO__IC_NEG,NONE,ROIC decreased. Invested capital worked against the change.,0,False
941,DECREASE,EBIT_ZERO__TAX_ZERO__IC_ZERO,TAX,ROIC decreased. No driver moved materially. The tax rate was the dominant driver.,0,False
899,DECREASE,EBIT_NEG__TAX_ZERO__IC_ZERO,NONE,ROIC decreased. EBIT worked against the change.,0,False
942,DECREASE,EBIT_ZERO__TAX_ZERO__IC_ZERO,IC,ROIC decreased. No driver moved materially. Invested capital was the dominant driver.,0,False
943,DECREASE,EBIT_ZERO__TAX_ZERO__IC_ZERO,BALANCED,ROIC decreased. No driver moved materially. No single driver dominated.,0,False
945,UNCHANGED,EBIT_POS__TAX_POS__IC_POS,EBIT,"ROIC was essentially unchanged. EBIT, the tax rate and invested capital contributed positively. EBIT was the dominant driver.",0,False
946,UNCHANGED,EBIT_POS__TAX_POS__IC_POS,TAX,"ROIC was essentially unchanged. EBIT, the tax rate and invested capital contributed positively. The tax rate was the dominant driver.",0,False
947,UNCHANGED,EBIT_POS__TAX_POS__IC_POS,IC,"ROIC was essentially unchanged. EBIT, the tax rate and invested capital contributed positively. Invested capital was the dominant driver.",0,False
948,UNCHANGED,EBIT_POS__TAX_POS__IC_POS,BALANCED,"ROIC was essentially unchanged. EBIT, the tax rate and invested capital contributed positively. No single driver dominated.",0,False
949,UNCHANGED,EBIT_POS__TAX_POS__IC_POS,NONE,"ROIC was essentially unchanged. EBIT, the tax rate and invested capital contributed positively.",0,False
950,UNCHANGED,EBIT_POS__TAX_POS__IC_NEG,EBIT,"ROIC was essentially unchanged. EBIT and the tax rate contributed positively, while invested capital worked against the change. EBIT was the dominant driver.",0,False
951,UNCHANGED,EBIT_POS__TAX_POS__IC_NEG,TAX,"ROIC was essentially unchanged. EBIT and the tax rate contributed positively, while invested capital worked against the change. The tax rate was the dominant driver.",0,False
928,DECREASE,EBIT_ZERO__TAX_NEG__IC_ZERO,BALANCED,ROIC decreased. The tax rate worked against the change. No single driver dominated.,0,False
927,DECREASE,EBIT_ZERO__TAX_NEG__IC_ZERO,IC,ROIC decreased. The tax rate worked against the change. Invested capital was the dominant driver.,0,False
19,NEGATIVE_IC,EBIT_POS__TAX_NEG__IC_POS,NONE,"Invested capital was negative, so the ratio is mechanical rather than economic. EBIT and invested capital contributed positively, while the tax rate worked against the change.",0,False
925,DECREASE,EBIT_ZERO__TAX_NEG__IC_ZERO,EBIT,ROIC decreased. The tax rate worked against the change. EBIT was the dominant driver.,0,False
900,DECREASE,EBIT_ZERO__TAX_POS__IC_POS,EBIT,ROIC decreased. The tax rate and invested capital contributed positively. EBIT was the dominant driver.,0,False
901,DECREASE,EBIT_ZERO__TAX_POS__IC_POS,TAX,ROIC decreased. The tax rate and invested capital contributed positively. The tax rate was the dominant driver.,0,False
902,DECREASE,EBIT_ZERO__TAX_POS__IC_POS,IC,ROIC decreased. The tax rate and invested capital contributed positively. Invested capital was the dominant driver.,0,False
903,DECREASE,EBIT_ZERO__TAX_POS__IC_POS,BALANCED,ROIC decreased. The tax rate and invested capital contributed positively. No single driver dominated.,0,False
904,DECREASE,EBIT_ZERO__TAX_POS__IC_POS,NONE,ROIC decreased. The tax rate and invested capital contributed positively.,0,False
905,DECREASE,EBIT_ZERO__TAX_POS__IC_NEG,EBIT,"ROIC decreased. The tax rate contributed positively, while invested capital worked against the change. EBIT was the dominant driver.",0,False
906,DECREASE,EBIT_ZERO__TAX_POS__IC_NEG,TAX,"ROIC decreased. The tax rate contributed positively, while invested capital worked against the change. The tax rate was the dominant driver.",0,False
909,DECREASE,EBIT_ZERO__TAX_POS__IC_NEG,NONE,"ROIC decreased. The tax rate contributed positively, while invested capital worked against the change.",0,False
910,DECREASE,EBIT_ZERO__TAX_POS__IC_ZERO,EBIT,ROIC decreased. The tax rate contributed positively. EBIT was the dominant driver.,0,False
911,DECREASE,EBIT_ZERO__TAX_POS__IC_ZERO,TAX,ROIC decreased. The tax rate contributed positively. The tax rate was the dominant driver.,0,False
912,DECREASE,EBIT_ZERO__TAX_POS__IC_ZERO,IC,ROIC decreased. The tax rate contributed positively. Invested capital was the dominant driver.,0,False
913,DECREASE,EBIT_ZERO__TAX_POS__IC_ZERO,BALANCED,ROIC decreased. The tax rate contributed positively. No single driver dominated.,0,False
914,DECREASE,EBIT_ZERO__TAX_POS__IC_ZERO,NONE,ROIC decreased. The tax rate contributed positively.,0,False
915,DECREASE,EBIT_ZERO__TAX_NEG__IC_POS,EBIT,"ROIC decreased. Invested capital contributed positively, while the tax rate worked against the change. EBIT was the dominant driver.",0,False
24,NEGATIVE_IC,EBIT_POS__TAX_NEG__IC_NEG,NONE,"Invested capital was negative, so the ratio is mechanical rather than economic. EBIT contributed positively, while the tax rate and invested capital worked against the change.",0,False
917,DECREASE,EBIT_ZERO__TAX_NEG__IC_POS,IC,"ROIC decreased. Invested capital contributed positively, while the tax rate worked against the change. Invested capital was the dominant driver.",0,False
919,DECREASE,EBIT_ZERO__TAX_NEG__IC_POS,NONE,"ROIC decreased. Invested capital contributed positively, while the tax rate worked against the change.",0,False
920,DECREASE,EBIT_ZERO__TAX_NEG__IC_NEG,EBIT,ROIC decreased. The tax rate and invested capital worked against the change. EBIT was the dominant driver.,0,False
924,DECREASE,EBIT_ZERO__TAX_NEG__IC_NEG,NONE,ROIC decreased. The tax rate and invested capital worked against the change.,0,False
44,NEGATIVE_IC,EBIT_POS__TAX_ZERO__IC_ZERO,NONE,"Invested capital was negative, so the ratio is mechanical rather than economic. EBIT contributed positively.",0,False
645,NEGATIVE_NOPAT_DECREASE,EBIT_ZERO__TAX_NEG__IC_POS,EBIT,"ROIC became more negative. Invested capital contributed positively, while the tax rate worked against the change. EBIT was the dominant driver.",0,False
110,NEGATIVE_IC,EBIT_ZERO__TAX_NEG__IC_NEG,EBIT,"Invested capital was negative, so the ratio is mechanical rather than economic. The tax rate and invested capital worked against the change. EBIT was the dominant driver.",0,False
360,PROFIT_TO_LOSS,EBIT_ZERO__TAX_POS__IC_POS,EBIT,NOPAT turned negative. The tax rate and invested capital contributed positively. EBIT was the dominant driver.,0,False
349,PROFIT_TO_LOSS,EBIT_NEG__TAX_ZERO__IC_POS,NONE,"NOPAT turned negative. Invested capital contributed positively, while EBIT worked against the change.",0,False
192,LOSS_TO_PROFIT,EBIT_NEG__TAX_POS__IC_ZERO,IC,"NOPAT turned positive. The tax rate contributed positively, while EBIT worked against the change. Invested capital was the dominant driver.",0,False
351,PROFIT_TO_LOSS,EBIT_NEG__TAX_ZERO__IC_NEG,TAX,NOPAT turned negative. EBIT and invested capital worked against the change. The tax rate was the dominant driver.,0,False
352,PROFIT_TO_LOSS,EBIT_NEG__TAX_ZERO__IC_NEG,IC,NOPAT turned negative. EBIT and invested capital worked against the change. Invested capital was the dominant driver.,0,False
354,PROFIT_TO_LOSS,EBIT_NEG__TAX_ZERO__IC_NEG,NONE,NOPAT turned negative. EBIT and invested capital worked against the change.,0,False
190,LOSS_TO_PROFIT,EBIT_NEG__TAX_POS__IC_ZERO,EBIT,"NOPAT turned positive. The tax rate contributed positively, while EBIT worked against the change. EBIT was the dominant driver.",0,False
356,PROFIT_TO_LOSS,EBIT_NEG__TAX_ZERO__IC_ZERO,TAX,NOPAT turned negative. EBIT worked against the change. The tax rate was the dominant driver.,0,False
357,PROFIT_TO_LOSS,EBIT_NEG__TAX_ZERO__IC_ZERO,IC,NOPAT turned negative. EBIT worked against the change. Invested capital was the dominant driver.,0,False
358,PROFIT_TO_LOSS,EBIT_NEG__TAX_ZERO__IC_ZERO,BALANCED,NOPAT turned negative. EBIT worked against the change. No single driver dominated.,0,False
359,PROFIT_TO_LOSS,EBIT_NEG__TAX_ZERO__IC_ZERO,NONE,NOPAT turned negative. EBIT worked against the change.,0,False
361,PROFIT_TO_LOSS,EBIT_ZERO__TAX_POS__IC_POS,TAX,NOPAT turned negative. The tax rate and invested capital contributed positively. The tax rate was the dominant driver.,0,False
373,PROFIT_TO_LOSS,EBIT_ZERO__TAX_POS__IC_ZERO,BALANCED,NOPAT turned negative. The tax rate contributed positively. No single driver dominated.,0,False
362,PROFIT_TO_LOSS,EBIT_ZERO__TAX_POS__IC_POS,IC,NOPAT turned negative. The tax rate and invested capital contributed positively. Invested capital was the dominant driver.,0,False
363,PROFIT_TO_LOSS,EBIT_ZERO__TAX_POS__IC_POS,BALANCED,NOPAT turned negative. The tax rate and invested capital contributed positively. No single driver dominated.,0,False
364,PROFIT_TO_LOSS,EBIT_ZERO__TAX_POS__IC_POS,NONE,NOPAT turned negative. The tax rate and invested capital contributed positively.,0,False
365,PROFIT_TO_LOSS,EBIT_ZERO__TAX_POS__IC_NEG,EBIT,"NOPAT turned negative. The tax rate contributed positively, while invested capital worked against the change. EBIT was the dominant driver.",0,False
366,PROFIT_TO_LOSS,EBIT_ZERO__TAX_POS__IC_NEG,TAX,"NOPAT turned negative. The tax rate contributed positively, while invested capital worked against the change. The tax rate was the dominant driver.",0,False
367,PROFIT_TO_LOSS,EBIT_ZERO__TAX_POS__IC_NEG,IC,"NOPAT turned negative. The tax rate contributed positively, while invested capital worked against the change. Invested capital was the dominant driver.",0,False
368,PROFIT_TO_LOSS,EBIT_ZERO__TAX_POS__IC_NEG,BALANCED,"NOPAT turned negative. The tax rate contributed positively, while invested capital worked against the change. No single driver dominated.",0,False
369,PROFIT_TO_LOSS,EBIT_ZERO__TAX_POS__IC_NEG,NONE,"NOPAT turned negative. The tax rate contributed positively, while invested capital worked against the change.",0,False
370,PROFIT_TO_LOSS,EBIT_ZERO__TAX_POS__IC_ZERO,EBIT,NOPAT turned negative. The tax rate contributed positively. EBIT was the dominant driver.,0,False
371,PROFIT_TO_LOSS,EBIT_ZERO__TAX_POS__IC_ZERO,TAX,NOPAT turned negative. The tax rate contributed positively. The tax rate was the dominant driver.,0,False
348,PROFIT_TO_LOSS,EBIT_NEG__TAX_ZERO__IC_POS,BALANCED,"NOPAT turned negative. Invested capital contributed positively, while EBIT worked against the change. No single driver dominated.",0,False
347,PROFIT_TO_LOSS,EBIT_NEG__TAX_ZERO__IC_POS,IC,"NOPAT turned negative. Invested capital contributed positively, while EBIT worked against the change. Invested capital was the dominant driver.",0,False
346,PROFIT_TO_LOSS,EBIT_NEG__TAX_ZERO__IC_POS,TAX,"NOPAT turned negative. Invested capital contributed positively, while EBIT worked against the change. The tax rate was the dominant driver.",0,False
344,PROFIT_TO_LOSS,EBIT_NEG__TAX_NEG__IC_ZERO,NONE,NOPAT turned negative. EBIT and the tax rate worked against the change.,0,False
316,PROFIT_TO_LOSS,EBIT_NEG__TAX_POS__IC_POS,TAX,"NOPAT turned negative. The tax rate and invested capital contributed positively, while EBIT worked against the change. The tax rate was the dominant driver.",0,False
317,PROFIT_TO_LOSS,EBIT_NEG__TAX_POS__IC_POS,IC,"NOPAT turned negative. The tax rate and invested capital contributed positively, while EBIT worked against the change. Invested capital was the dominant driver.",0,False
319,PROFIT_TO_LOSS,EBIT_NEG__TAX_POS__IC_POS,NONE,"NOPAT turned negative. The tax rate and invested capital contributed positively, while EBIT worked against the change.",0,False
201,LOSS_TO_PROFIT,EBIT_NEG__TAX_NEG__IC_NEG,TAX,"NOPAT turned positive. EBIT, the tax rate and invested capital worked against the change. The tax rate was the dominant driver.",0,False
322,PROFIT_TO_LOSS,EBIT_NEG__TAX_POS__IC_NEG,IC,"NOPAT turned negative. The tax rate contributed positively, while EBIT and invested capital worked against the change. Invested capital was the dominant driver.",0,False
324,PROFIT_TO_LOSS,EBIT_NEG__TAX_POS__IC_NEG,NONE,"NOPAT turned negative. The tax rate contributed positively, while EBIT and invested capital worked against the change.",0,False
200,LOSS_TO_PROFIT,EBIT_NEG__TAX_NEG__IC_NEG,EBIT,"NOPAT turned positive. EBIT, the tax rate and invested capital worked against the change. EBIT was the dominant driver.",0,False
326,PROFIT_TO_LOSS,EBIT_NEG__TAX_POS__IC_ZERO,TAX,"NOPAT turned negative. The tax rate contributed positively, while EBIT worked against the change. The tax rate was the dominant driver.",0,False
327,PROFIT_TO_LOSS,EBIT_NEG__TAX_POS__IC_ZERO,IC,"NOPAT turned negative. The tax rate contributed positively, while EBIT worked against the change. Invested capital was the dominant driver.",0,False
329,PROFIT_TO_LOSS,EBIT_NEG__TAX_POS__IC_ZERO,NONE,"NOPAT turned negative. The tax rate contributed positively, while EBIT worked against the change.",0,False
199,LOSS_TO_PROFIT,EBIT_NEG__TAX_NEG__IC_POS,NONE,"NOPAT turned positive. Invested capital contributed positively, while EBIT and the tax rate worked against the change.",0,False
198,LOSS_TO_PROFIT,EBIT_NEG__TAX_NEG__IC_POS,BALANCED,"NOPAT turned positive. Invested capital contributed positively, while EBIT and the tax rate worked against the change. No single driver dominated.",0,False
332,PROFIT_TO_LOSS,EBIT_NEG__TAX_NEG__IC_POS,IC,"NOPAT turned negative. Invested capital contributed positively, while EBIT and the tax rate worked against the change. Invested capital was the dominant driver.",0,False
334,PROFIT_TO_LOSS,EBIT_NEG__TAX_NEG__IC_POS,NONE,"NOPAT turned negative. Invested capital contributed positively, while EBIT and the tax rate worked against the change.",0,False
197,LOSS_TO_PROFIT,EBIT_NEG__TAX_NEG__IC_POS,IC,"NOPAT turned positive. Invested capital contributed positively, while EBIT and the tax rate worked against the change. Invested capital was the dominant driver.",0,False
196,LOSS_TO_PROFIT,EBIT_NEG__TAX_NEG__IC_POS,TAX,"NOPAT turned positive. Invested capital contributed positively, while EBIT and the tax rate worked against the change. The tax rate was the dominant driver.",0,False
337,PROFIT_TO_LOSS,EBIT_NEG__TAX_NEG__IC_NEG,IC,"NOPAT turned negative. EBIT, the tax rate and invested capital worked against the change. Invested capital was the dominant driver.",0,False
339,PROFIT_TO_LOSS,EBIT_NEG__TAX_NEG__IC_NEG,NONE,"NOPAT turned negative. EBIT, the tax rate and invested capital worked against the change.",0,False
195,LOSS_TO_PROFIT,EBIT_NEG__TAX_NEG__IC_POS,EBIT,"NOPAT turned positive. Invested capital contributed positively, while EBIT and the tax rate worked against the change. EBIT was the dominant driver.",0,False
194,LOSS_TO_PROFIT,EBIT_NEG__TAX_POS__IC_ZERO,NONE,"NOPAT turned positive. The tax rate contributed positively, while EBIT worked against the change.",0,False
342,PROFIT_TO_LOSS,EBIT_NEG__TAX_NEG__IC_ZERO,IC,NOPAT turned negative. EBIT and the tax rate worked against the change. Invested capital was the dominant driver.,0,False
372,PROFIT_TO_LOSS,EBIT_ZERO__TAX_POS__IC_ZERO,IC,NOPAT turned negative. The tax rate contributed positively. Invested capital was the dominant driver.,0,False
374,PROFIT_TO_LOSS,EBIT_ZERO__TAX_POS__IC_ZERO,NONE,NOPAT turned negative. The tax rate contributed positively.,0,False
113,NEGATIVE_IC,EBIT_ZERO__TAX_NEG__IC_NEG,BALANCED,"Invested capital was negative, so the ratio is mechanical rather than economic. The tax rate and invested capital worked against the change. No single driver dominated.",0,False
419,NEGATIVE_NOPAT_INCREASE,EBIT_POS__TAX_POS__IC_ZERO,NONE,"ROIC became less negative, but the change was mechanical. EBIT and the tax rate contributed positively.",0,False
403,PROFIT_TO_LOSS,EBIT_ZERO__TAX_ZERO__IC_ZERO,BALANCED,NOPAT turned negative. No driver moved materially. No single driver dominated.,0,False
187,LOSS_TO_PROFIT,EBIT_NEG__TAX_POS__IC_NEG,IC,"NOPAT turned positive. The tax rate contributed positively, while EBIT and invested capital worked against the change. Invested capital was the dominant driver.",0,False
185,LOSS_TO_PROFIT,EBIT_NEG__TAX_POS__IC_NEG,EBIT,"NOPAT turned positive. The tax rate contributed positively, while EBIT and invested capital worked against the change. EBIT was the dominant driver.",0,False
184,LOSS_TO_PROFIT,EBIT_NEG__TAX_POS__IC_POS,NONE,"NOPAT turned positive. The tax rate and invested capital contributed positively, while EBIT worked against the change.",0,False
409,NEGATIVE_NOPAT_INCREASE,EBIT_POS__TAX_POS__IC_POS,NONE,"ROIC became less negative, but the change was mechanical. EBIT, the tax rate and invested capital contributed positively.",0,False
182,LOSS_TO_PROFIT,EBIT_NEG__TAX_POS__IC_POS,IC,"NOPAT turned positive. The tax rate and invested capital contributed positively, while EBIT worked against the change. Invested capital was the dominant driver.",0,False
414,NEGATIVE_NOPAT_INCREASE,EBIT_POS__TAX_POS__IC_NEG,NONE,"ROIC became less negative, but the change was mechanical. EBIT and the tax rate contributed positively, while invested capital worked against the change.",0,False
179,LOSS_TO_PROFIT,EBIT_POS__TAX_ZERO__IC_ZERO,NONE,NOPAT turned positive. EBIT contributed positively.,0,False
178,LOSS_TO_PROFIT,EBIT_POS__TAX_ZERO__IC_ZERO,BALANCED,NOPAT turned positive. EBIT contributed positively. No single driver dominated.,0,False
417,NEGATIVE_NOPAT_INCREASE,EBIT_POS__TAX_POS__IC_ZERO,IC,"ROIC became less negative, but the change was mechanical. EBIT and the tax rate contributed positively. Invested capital was the dominant driver.",0,False
177,LOSS_TO_PROFIT,EBIT_POS__TAX_ZERO__IC_ZERO,IC,NOPAT turned positive. EBIT contributed positively. Invested capital was the dominant driver.,0,False
375,PROFIT_TO_LOSS,EBIT_ZERO__TAX_NEG__IC_POS,EBIT,"NOPAT turned negative. Invested capital contributed positively, while the tax rate worked against the change. EBIT was the dominant driver.",0,False
176,LOSS_TO_PROFIT,EBIT_POS__TAX_ZERO__IC_ZERO,TAX,NOPAT turned positive. EBIT contributed positively. The tax rate was the dominant driver.,0,False
174,LOSS_TO_PROFIT,EBIT_POS__TAX_ZERO__IC_NEG,NONE,"NOPAT turned positive. EBIT contributed positively, while invested capital worked against the change.",0,False
424,NEGATIVE_NOPAT_INCREASE,EBIT_POS__TAX_NEG__IC_POS,NONE,"ROIC became less negative, but the change was mechanical. EBIT and invested capital contributed positively, while the tax rate worked against the change.",0,False
426,NEGATIVE_NOPAT_INCREASE,EBIT_POS__TAX_NEG__IC_NEG,TAX,"ROIC became less negative, but the change was mechanical. EBIT contributed positively, while the tax rate and invested capital worked against the change. The tax rate was the dominant driver.",0,False
427,NEGATIVE_NOPAT_INCREASE,EBIT_POS__TAX_NEG__IC_NEG,IC,"ROIC became less negative, but the change was mechanical. EBIT contributed positively, while the tax rate and invested capital worked against the change. Invested capital was the dominant driver.",0,False
429,NEGATIVE_NOPAT_INCREASE,EBIT_POS__TAX_NEG__IC_NEG,NONE,"ROIC became less negative, but the change was mechanical. EBIT contributed positively, while the tax rate and invested capital worked against the change.",0,False
172,LOSS_TO_PROFIT,EBIT_POS__TAX_ZERO__IC_NEG,IC,"NOPAT turned positive. EBIT contributed positively, while invested capital worked against the change. Invested capital was the dominant driver.",0,False
431,NEGATIVE_NOPAT_INCREASE,EBIT_POS__TAX_NEG__IC_ZERO,TAX,"ROIC became less negative, but the change was mechanical. EBIT contributed positively, while the tax rate worked against the change. The tax rate was the dominant driver.",0,False
432,NEGATIVE_NOPAT_INCREASE,EBIT_POS__TAX_NEG__IC_ZERO,IC,"ROIC became less negative, but the change was mechanical. EBIT contributed positively, while the tax rate worked against the change. Invested capital was the dominant driver.",0,False
434,NEGATIVE_NOPAT_INCREASE,EBIT_POS__TAX_NEG__IC_ZERO,NONE,"ROIC became less negative, but the change was mechanical. EBIT contributed positively, while the tax rate worked against the change.",0,False
402,PROFIT_TO_LOSS,EBIT_ZERO__TAX_ZERO__IC_ZERO,IC,NOPAT turned negative. No driver moved materially. Invested capital was the dominant driver.,0,False
401,PROFIT_TO_LOSS,EBIT_ZERO__TAX_ZERO__IC_ZERO,TAX,NOPAT turned negative. No driver moved materially. The tax rate was the dominant driver.,0,False
400,PROFIT_TO_LOSS,EBIT_ZERO__TAX_ZERO__IC_ZERO,EBIT,NOPAT turned negative. No driver moved materially. EBIT was the dominant driver.,0,False
399,PROFIT_TO_LOSS,EBIT_ZERO__TAX_ZERO__IC_NEG,NONE,NOPAT turned negative. Invested capital worked against the change.,0,False
377,PROFIT_TO_LOSS,EBIT_ZERO__TAX_NEG__IC_POS,IC,"NOPAT turned negative. Invested capital contributed positively, while the tax rate worked against the change. Invested capital was the dominant driver.",0,False
378,PROFIT_TO_LOSS,EBIT_ZERO__TAX_NEG__IC_POS,BALANCED,"NOPAT turned negative. Invested capital contributed positively, while the tax rate worked against the change. No single driver dominated.",0,False
379,PROFIT_TO_LOSS,EBIT_ZERO__TAX_NEG__IC_POS,NONE,"NOPAT turned negative. Invested capital contributed positively, while the tax rate worked against the change.",0,False
380,PROFIT_TO_LOSS,EBIT_ZERO__TAX_NEG__IC_NEG,EBIT,NOPAT turned negative. The tax rate and invested capital worked against the change. EBIT was the dominant driver.,0,False
382,PROFIT_TO_LOSS,EBIT_ZERO__TAX_NEG__IC_NEG,IC,NOPAT turned negative. The tax rate and invested capital worked against the change. Invested capital was the dominant driver.,0,False
383,PROFIT_TO_LOSS,EBIT_ZERO__TAX_NEG__IC_NEG,BALANCED,NOPAT turned negative. The tax rate and invested capital worked against the change. No single driver dominated.,0,False
384,PROFIT_TO_LOSS,EBIT_ZERO__TAX_NEG__IC_NEG,NONE,NOPAT turned negative. The tax rate and invested capital worked against the change.,0,False
385,PROFIT_TO_LOSS,EBIT_ZERO__TAX_NEG__IC_ZERO,EBIT,NOPAT turned negative. The tax rate worked against the change. EBIT was the dominant driver.,0,False
189,LOSS_TO_PROFIT,EBIT_NEG__TAX_POS__IC_NEG,NONE,"NOPAT turned positive. The tax rate contributed positively, while EBIT and invested capital worked against the change.",0,False
387,PROFIT_TO_LOSS,EBIT_ZERO__TAX_NEG__IC_ZERO,IC,NOPAT turned negative. The tax rate worked against the change. Invested capital was the dominant driver.,0,False
388,PROFIT_TO_LOSS,EBIT_ZERO__TAX_NEG__IC_ZERO,BALANCED,NOPAT turned negative. The tax rate worked against the change. No single driver dominated.,0,False
389,PROFIT_TO_LOSS,EBIT_ZERO__TAX_NEG__IC_ZERO,NONE,NOPAT turned negative. The tax rate worked against the change.,0,False
390,PROFIT_TO_LOSS,EBIT_ZERO__TAX_ZERO__IC_POS,EBIT,NOPAT turned negative. Invested capital contributed positively. EBIT was the dominant driver.,0,False
391,PROFIT_TO_LOSS,EBIT_ZERO__TAX_ZERO__IC_POS,TAX,NOPAT turned negative. Invested capital contributed positively. The tax rate was the dominant driver.,0,False
392,PROFIT_TO_LOSS,EBIT_ZERO__TAX_ZERO__IC_POS,IC,NOPAT turned negative. Invested capital contributed positively. Invested capital was the dominant driver.,0,False
393,PROFIT_TO_LOSS,EBIT_ZERO__TAX_ZERO__IC_POS,BALANCED,NOPAT turned negative. Invested capital contributed positively. No single driver dominated.,0,False
394,PROFIT_TO_LOSS,EBIT_ZERO__TAX_ZERO__IC_POS,NONE,NOPAT turned negative. Invested capital contributed positively.,0,False
395,PROFIT_TO_LOSS,EBIT_ZERO__TAX_ZERO__IC_NEG,EBIT,NOPAT turned negative. Invested capital worked against the change. EBIT was the dominant driver.,0,False
396,PROFIT_TO_LOSS,EBIT_ZERO__TAX_ZERO__IC_NEG,TAX,NOPAT turned negative. Invested capital worked against the change. The tax rate was the dominant driver.,0,False
397,PROFIT_TO_LOSS,EBIT_ZERO__TAX_ZERO__IC_NEG,IC,NOPAT turned negative. Invested capital worked against the change. Invested capital was the dominant driver.,0,False
398,PROFIT_TO_LOSS,EBIT_ZERO__TAX_ZERO__IC_NEG,BALANCED,NOPAT turned negative. Invested capital worked against the change. No single driver dominated.,0,False
202,LOSS_TO_PROFIT,EBIT_NEG__TAX_NEG__IC_NEG,IC,"NOPAT turned positive. EBIT, the tax rate and invested capital worked against the change. Invested capital was the dominant driver.",0,False
314,PROFIT_TO_LOSS,EBIT_POS__TAX_ZERO__IC_ZERO,NONE,NOPAT turned negative. EBIT contributed positively.,0,False
313,PROFIT_TO_LOSS,EBIT_POS__TAX_ZERO__IC_ZERO,BALANCED,NOPAT turned negative. EBIT contributed positively. No single driver dominated.,0,False
246,LOSS_TO_PROFIT,EBIT_ZERO__TAX_NEG__IC_NEG,TAX,NOPAT turned positive. The tax rate and invested capital worked against the change. The tax rate was the dominant driver.,0,False
206,LOSS_TO_PROFIT,EBIT_NEG__TAX_NEG__IC_ZERO,TAX,NOPAT turned positive. EBIT and the tax rate worked against the change. The tax rate was the dominant driver.,0,False
237,LOSS_TO_PROFIT,EBIT_ZERO__TAX_POS__IC_ZERO,IC,NOPAT turned positive. The tax rate contributed positively. Invested capital was the dominant driver.,0,False
238,LOSS_TO_PROFIT,EBIT_ZERO__TAX_POS__IC_ZERO,BALANCED,NOPAT turned positive. The tax rate contributed positively. No single driver dominated.,0,False
239,LOSS_TO_PROFIT,EBIT_ZERO__TAX_POS__IC_ZERO,NONE,NOPAT turned positive. The tax rate contributed positively.,0,False
240,LOSS_TO_PROFIT,EBIT_ZERO__TAX_NEG__IC_POS,EBIT,"NOPAT turned positive. Invested capital contributed positively, while the tax rate worked against the change. EBIT was the dominant driver.",0,False
241,LOSS_TO_PROFIT,EBIT_ZERO__TAX_NEG__IC_POS,TAX,"NOPAT turned positive. Invested capital contributed positively, while the tax rate worked against the change. The tax rate was the dominant driver.",0,False
242,LOSS_TO_PROFIT,EBIT_ZERO__TAX_NEG__IC_POS,IC,"NOPAT turned positive. Invested capital contributed positively, while the tax rate worked against the change. Invested capital was the dominant driver.",0,False
243,LOSS_TO_PROFIT,EBIT_ZERO__TAX_NEG__IC_POS,BALANCED,"NOPAT turned positive. Invested capital contributed positively, while the tax rate worked against the change. No single driver dominated.",0,False
244,LOSS_TO_PROFIT,EBIT_ZERO__TAX_NEG__IC_POS,NONE,"NOPAT turned positive. Invested capital contributed positively, while the tax rate worked against the change.",0,False
245,LOSS_TO_PROFIT,EBIT_ZERO__TAX_NEG__IC_NEG,EBIT,NOPAT turned positive. The tax rate and invested capital worked against the change. EBIT was the dominant driver.,0,False
247,LOSS_TO_PROFIT,EBIT_ZERO__TAX_NEG__IC_NEG,IC,NOPAT turned positive. The tax rate and invested capital worked against the change. Invested capital was the dominant driver.,0,False
312,PROFIT_TO_LOSS,EBIT_POS__TAX_ZERO__IC_ZERO,IC,NOPAT turned negative. EBIT contributed positively. Invested capital was the dominant driver.,0,False
248,LOSS_TO_PROFIT,EBIT_ZERO__TAX_NEG__IC_NEG,BALANCED,NOPAT turned positive. The tax rate and invested capital worked against the change. No single driver dominated.,0,False
249,LOSS_TO_PROFIT,EBIT_ZERO__TAX_NEG__IC_NEG,NONE,NOPAT turned positive. The tax rate and invested capital worked against the change.,0,False
250,LOSS_TO_PROFIT,EBIT_ZERO__TAX_NEG__IC_ZERO,EBIT,NOPAT turned positive. The tax rate worked against the change. EBIT was the dominant driver.,0,False
251,LOSS_TO_PROFIT,EBIT_ZERO__TAX_NEG__IC_ZERO,TAX,NOPAT turned positive. The tax rate worked against the change. The tax rate was the dominant driver.,0,False
252,LOSS_TO_PROFIT,EBIT_ZERO__TAX_NEG__IC_ZERO,IC,NOPAT turned positive. The tax rate worked against the change. Invested capital was the dominant driver.,0,False
253,LOSS_TO_PROFIT,EBIT_ZERO__TAX_NEG__IC_ZERO,BALANCED,NOPAT turned positive. The tax rate worked against the change. No single driver dominated.,0,False
254,LOSS_TO_PROFIT,EBIT_ZERO__TAX_NEG__IC_ZERO,NONE,NOPAT turned positive. The tax rate worked against the change.,0,False
255,LOSS_TO_PROFIT,EBIT_ZERO__TAX_ZERO__IC_POS,EBIT,NOPAT turned positive. Invested capital contributed positively. EBIT was the dominant driver.,0,False
256,LOSS_TO_PROFIT,EBIT_ZERO__TAX_ZERO__IC_POS,TAX,NOPAT turned positive. Invested capital contributed positively. The tax rate was the dominant driver.,0,False
257,LOSS_TO_PROFIT,EBIT_ZERO__TAX_ZERO__IC_POS,IC,NOPAT turned positive. Invested capital contributed positively. Invested capital was the dominant driver.,0,False
235,LOSS_TO_PROFIT,EBIT_ZERO__TAX_POS__IC_ZERO,EBIT,NOPAT turned positive. The tax rate contributed positively. EBIT was the dominant driver.,0,False
234,LOSS_TO_PROFIT,EBIT_ZERO__TAX_POS__IC_NEG,NONE,"NOPAT turned positive. The tax rate contributed positively, while invested capital worked against the change.",0,False
233,LOSS_TO_PROFIT,EBIT_ZERO__TAX_POS__IC_NEG,BALANCED,"NOPAT turned positive. The tax rate contributed positively, while invested capital worked against the change. No single driver dominated.",0,False
232,LOSS_TO_PROFIT,EBIT_ZERO__TAX_POS__IC_NEG,IC,"NOPAT turned positive. The tax rate contributed positively, while invested capital worked against the change. Invested capital was the dominant driver.",0,False
209,LOSS_TO_PROFIT,EBIT_NEG__TAX_NEG__IC_ZERO,NONE,NOPAT turned positive. EBIT and the tax rate worked against the change.,0,False
210,LOSS_TO_PROFIT,EBIT_NEG__TAX_ZERO__IC_POS,EBIT,"NOPAT turned positive. Invested capital contributed positively, while EBIT worked against the change. EBIT was the dominant driver.",0,False
211,LOSS_TO_PROFIT,EBIT_NEG__TAX_ZERO__IC_POS,TAX,"NOPAT turned positive. Invested capital contributed positively, while EBIT worked against the change. The tax rate was the dominant driver.",0,False
212,LOSS_TO_PROFIT,EBIT_NEG__TAX_ZERO__IC_POS,IC,"NOPAT turned positive. Invested capital contributed positively, while EBIT worked against the change. Invested capital was the dominant driver.",0,False
213,LOSS_TO_PROFIT,EBIT_NEG__TAX_ZERO__IC_POS,BALANCED,"NOPAT turned positive. Invested capital contributed positively, while EBIT worked against the change. No single driver dominated.",0,False
214,LOSS_TO_PROFIT,EBIT_NEG__TAX_ZERO__IC_POS,NONE,"NOPAT turned positive. Invested capital contributed positively, while EBIT worked against the change.",0,False
215,LOSS_TO_PROFIT,EBIT_NEG__TAX_ZERO__IC_NEG,EBIT,NOPAT turned positive. EBIT and invested capital worked against the change. EBIT was the dominant driver.,0,False
216,LOSS_TO_PROFIT,EBIT_NEG__TAX_ZERO__IC_NEG,TAX,NOPAT turned positive. EBIT and invested capital worked against the change. The tax rate was the dominant driver.,0,False
217,LOSS_TO_PROFIT,EBIT_NEG__TAX_ZERO__IC_NEG,IC,NOPAT turned positive. EBIT and invested capital worked against the change. Invested capital was the dominant driver.,0,False
218,LOSS_TO_PROFIT,EBIT_NEG__TAX_ZERO__IC_NEG,BALANCED,NOPAT turned positive. EBIT and invested capital worked against the change. No single driver dominated.,0,False
219,LOSS_TO_PROFIT,EBIT_NEG__TAX_ZERO__IC_NEG,NONE,NOPAT turned positive. EBIT and invested capital worked against the change.,0,False
220,LOSS_TO_PROFIT,EBIT_NEG__TAX_ZERO__IC_ZERO,EBIT,NOPAT turned positive. EBIT worked against the change. EBIT was the dominant driver.,0,False
221,LOSS_TO_PROFIT,EBIT_NEG__TAX_ZERO__IC_ZERO,TAX,NOPAT turned positive. EBIT worked against the change. The tax rate was the dominant driver.,0,False
222,LOSS_TO_PROFIT,EBIT_NEG__TAX_ZERO__IC_ZERO,IC,NOPAT turned positive. EBIT worked against the change. Invested capital was the dominant driver.,0,False
223,LOSS_TO_PROFIT,EBIT_NEG__TAX_ZERO__IC_ZERO,BALANCED,NOPAT turned positive. EBIT worked against the change. No single driver dominated.,0,False
224,LOSS_TO_PROFIT,EBIT_NEG__TAX_ZERO__IC_ZERO,NONE,NOPAT turned positive. EBIT worked against the change.,0,False
225,LOSS_TO_PROFIT,EBIT_ZERO__TAX_POS__IC_POS,EBIT,NOPAT turned positive. The tax rate and invested capital contributed positively. EBIT was the dominant driver.,0,False
227,LOSS_TO_PROFIT,EBIT_ZERO__TAX_POS__IC_POS,IC,NOPAT turned positive. The tax rate and invested capital contributed positively. Invested capital was the dominant driver.,0,False
228,LOSS_TO_PROFIT,EBIT_ZERO__TAX_POS__IC_POS,BALANCED,NOPAT turned positive. The tax rate and invested capital contributed positively. No single driver dominated.,0,False
229,LOSS_TO_PROFIT,EBIT_ZERO__TAX_POS__IC_POS,NONE,NOPAT turned positive. The tax rate and invested capital contributed positively.,0,False
230,LOSS_TO_PROFIT,EBIT_ZERO__TAX_POS__IC_NEG,EBIT,"NOPAT turned positive. The tax rate contributed positively, while invested capital worked against the change. EBIT was the dominant driver.",0,False
258,LOSS_TO_PROFIT,EBIT_ZERO__TAX_ZERO__IC_POS,BALANCED,NOPAT turned positive. Invested capital contributed positively. No single driver dominated.,0,False
259,LOSS_TO_PROFIT,EBIT_ZERO__TAX_ZERO__IC_POS,NONE,NOPAT turned positive. Invested capital contributed positively.,0,False
260,LOSS_TO_PROFIT,EBIT_ZERO__TAX_ZERO__IC_NEG,EBIT,NOPAT turned positive. Invested capital worked against the change. EBIT was the dominant driver.,0,False
205,LOSS_TO_PROFIT,EBIT_NEG__TAX_NEG__IC_ZERO,EBIT,NOPAT turned positive. EBIT and the tax rate worked against the change. EBIT was the dominant driver.,0,False
289,PROFIT_TO_LOSS,EBIT_POS__TAX_NEG__IC_POS,NONE,"NOPAT turned negative. EBIT and invested capital contributed positively, while the tax rate worked against the change.",0,False
290,PROFIT_TO_LOSS,EBIT_POS__TAX_NEG__IC_NEG,EBIT,"NOPAT turned negative. EBIT contributed positively, while the tax rate and invested capital worked against the change. EBIT was the dominant driver.",0,False
204,LOSS_TO_PROFIT,EBIT_NEG__TAX_NEG__IC_NEG,NONE,"NOPAT turned positive. EBIT, the tax rate and invested capital worked against the change.",0,False
292,PROFIT_TO_LOSS,EBIT_POS__TAX_NEG__IC_NEG,IC,"NOPAT turned negative. EBIT contributed positively, while the tax rate and invested capital worked against the change. Invested capital was the dominant driver.",0,False
294,PROFIT_TO_LOSS,EBIT_POS__TAX_NEG__IC_NEG,NONE,"NOPAT turned negative. EBIT contributed positively, while the tax rate and invested capital worked against the change.",0,False
295,PROFIT_TO_LOSS,EBIT_POS__TAX_NEG__IC_ZERO,EBIT,"NOPAT turned negative. EBIT contributed positively, while the tax rate worked against the change. EBIT was the dominant driver.",0,False
203,LOSS_TO_PROFIT,EBIT_NEG__TAX_NEG__IC_NEG,BALANCED,"NOPAT turned positive. EBIT, the tax rate and invested capital worked against the change. No single driver dominated.",0,False
297,PROFIT_TO_LOSS,EBIT_POS__TAX_NEG__IC_ZERO,IC,"NOPAT turned negative. EBIT contributed positively, while the tax rate worked against the change. Invested capital was the dominant driver.",0,False
299,PROFIT_TO_LOSS,EBIT_POS__TAX_NEG__IC_ZERO,NONE,"NOPAT turned negative. EBIT contributed positively, while the tax rate worked against the change.",0,False
300,PROFIT_TO_LOSS,EBIT_POS__TAX_ZERO__IC_POS,EBIT,NOPAT turned negative. EBIT and invested capital contributed positively. EBIT was the dominant driver.,0,False
301,PROFIT_TO_LOSS,EBIT_POS__TAX_ZERO__IC_POS,TAX,NOPAT turned negative. EBIT and invested capital contributed positively. The tax rate was the dominant driver.,0,False
302,PROFIT_TO_LOSS,EBIT_POS__TAX_ZERO__IC_POS,IC,NOPAT turned negative. EBIT and invested capital contributed positively. Invested capital was the dominant driver.,0,False
303,PROFIT_TO_LOSS,EBIT_POS__TAX_ZERO__IC_POS,BALANCED,NOPAT turned negative. EBIT and invested capital contributed positively. No single driver dominated.,0,False
304,PROFIT_TO_LOSS,EBIT_POS__TAX_ZERO__IC_POS,NONE,NOPAT turned negative. EBIT and invested capital contributed positively.,0,False
305,PROFIT_TO_LOSS,EBIT_POS__TAX_ZERO__IC_NEG,EBIT,"NOPAT turned negative. EBIT contributed positively, while invested capital worked against the change. EBIT was the dominant driver.",0,False
306,PROFIT_TO_LOSS,EBIT_POS__TAX_ZERO__IC_NEG,TAX,"NOPAT turned negative. EBIT contributed positively, while invested capital worked against the change. The tax rate was the dominant driver.",0,False
307,PROFIT_TO_LOSS,EBIT_POS__TAX_ZERO__IC_NEG,IC,"NOPAT turned negative. EBIT contributed positively, while invested capital worked against the change. Invested capital was the dominant driver.",0,False
308,PROFIT_TO_LOSS,EBIT_POS__TAX_ZERO__IC_NEG,BALANCED,"NOPAT turned negative. EBIT contributed positively, while invested capital worked against the change. No single driver dominated.",0,False
309,PROFIT_TO_LOSS,EBIT_POS__TAX_ZERO__IC_NEG,NONE,"NOPAT turned negative. EBIT contributed positively, while invested capital worked against the change.",0,False
310,PROFIT_TO_LOSS,EBIT_POS__TAX_ZERO__IC_ZERO,EBIT,NOPAT turned negative. EBIT contributed positively. EBIT was the dominant driver.,0,False
311,PROFIT_TO_LOSS,EBIT_POS__TAX_ZERO__IC_ZERO,TAX,NOPAT turned negative. EBIT contributed positively. The tax rate was the dominant driver.,0,False
287,PROFIT_TO_LOSS,EBIT_POS__TAX_NEG__IC_POS,IC,"NOPAT turned negative. EBIT and invested capital contributed positively, while the tax rate worked against the change. Invested capital was the dominant driver.",0,False
285,PROFIT_TO_LOSS,EBIT_POS__TAX_NEG__IC_POS,EBIT,"NOPAT turned negative. EBIT and invested capital contributed positively, while the tax rate worked against the change. EBIT was the dominant driver.",0,False
261,LOSS_TO_PROFIT,EBIT_ZERO__TAX_ZERO__IC_NEG,TAX,NOPAT turned positive. Invested capital worked against the change. The tax rate was the dominant driver.,0,False
284,PROFIT_TO_LOSS,EBIT_POS__TAX_POS__IC_ZERO,NONE,NOPAT turned negative. EBIT and the tax rate contributed positively.,0,False
262,LOSS_TO_PROFIT,EBIT_ZERO__TAX_ZERO__IC_NEG,IC,NOPAT turned positive. Invested capital worked against the change. Invested capital was the dominant driver.,0,False
263,LOSS_TO_PROFIT,EBIT_ZERO__TAX_ZERO__IC_NEG,BALANCED,NOPAT turned positive. Invested capital worked against the change. No single driver dominated.,0,False
264,LOSS_TO_PROFIT,EBIT_ZERO__TAX_ZERO__IC_NEG,NONE,NOPAT turned positive. Invested capital worked against the change.,0,False
265,LOSS_TO_PROFIT,EBIT_ZERO__TAX_ZERO__IC_ZERO,EBIT,NOPAT turned positive. No driver moved materially. EBIT was the dominant driver.,0,False
266,LOSS_TO_PROFIT,EBIT_ZERO__TAX_ZERO__IC_ZERO,TAX,NOPAT turned positive. No driver moved materially. The tax rate was the dominant driver.,0,False
267,LOSS_TO_PROFIT,EBIT_ZERO__TAX_ZERO__IC_ZERO,IC,NOPAT turned positive. No driver moved materially. Invested capital was the dominant driver.,0,False
268,LOSS_TO_PROFIT,EBIT_ZERO__TAX_ZERO__IC_ZERO,BALANCED,NOPAT turned positive. No driver moved materially. No single driver dominated.,0,False
270,PROFIT_TO_LOSS,EBIT_POS__TAX_POS__IC_POS,EBIT,"NOPAT turned negative. EBIT, the tax rate and invested capital contributed positively. EBIT was the dominant driver.",0,False
271,PROFIT_TO_LOSS,EBIT_POS__TAX_POS__IC_POS,TAX,"NOPAT turned negative. EBIT, the tax rate and invested capital contributed positively. The tax rate was the dominant driver.",0,False
272,PROFIT_TO_LOSS,EBIT_POS__TAX_POS__IC_POS,IC,"NOPAT turned negative. EBIT, the tax rate and invested capital contributed positively. Invested capital was the dominant driver.",0,False
273,PROFIT_TO_LOSS,EBIT_POS__TAX_POS__IC_POS,BALANCED,"NOPAT turned negative. EBIT, the tax rate and invested capital contributed positively. No single driver dominated.",0,False
274,PROFIT_TO_LOSS,EBIT_POS__TAX_POS__IC_POS,NONE,"NOPAT turned negative. EBIT, the tax rate and invested capital contributed positively.",0,False
275,PROFIT_TO_LOSS,EBIT_POS__TAX_POS__IC_NEG,EBIT,"NOPAT turned negative. EBIT and the tax rate contributed positively, while invested capital worked against the change. EBIT was the dominant driver.",0,False
276,PROFIT_TO_LOSS,EBIT_POS__TAX_POS__IC_NEG,TAX,"NOPAT turned negative. EBIT and the tax rate contributed positively, while invested capital worked against the change. The tax rate was the dominant driver.",0,False
277,PROFIT_TO_LOSS,EBIT_POS__TAX_POS__IC_NEG,IC,"NOPAT turned negative. EBIT and the tax rate contributed positively, while invested capital worked against the change. Invested capital was the dominant driver.",0,False
278,PROFIT_TO_LOSS,EBIT_POS__TAX_POS__IC_NEG,BALANCED,"NOPAT turned negative. EBIT and the tax rate contributed positively, while invested capital worked against the change. No single driver dominated.",0,False
279,PROFIT_TO_LOSS,EBIT_POS__TAX_POS__IC_NEG,NONE,"NOPAT turned negative. EBIT and the tax rate contributed positively, while invested capital worked against the change.",0,False
280,PROFIT_TO_LOSS,EBIT_POS__TAX_POS__IC_ZERO,EBIT,NOPAT turned negative. EBIT and the tax rate contributed positively. EBIT was the dominant driver.,0,False
281,PROFIT_TO_LOSS,EBIT_POS__TAX_POS__IC_ZERO,TAX,NOPAT turned negative. EBIT and the tax rate contributed positively. The tax rate was the dominant driver.,0,False
282,PROFIT_TO_LOSS,EBIT_POS__TAX_POS__IC_ZERO,IC,NOPAT turned negative. EBIT and the tax rate contributed positively. Invested capital was the dominant driver.,0,False
283,PROFIT_TO_LOSS,EBIT_POS__TAX_POS__IC_ZERO,BALANCED,NOPAT turned negative. EBIT and the tax rate contributed positively. No single driver dominated.,0,False
171,LOSS_TO_PROFIT,EBIT_POS__TAX_ZERO__IC_NEG,TAX,"NOPAT turned positive. EBIT contributed positively, while invested capital worked against the change. The tax rate was the dominant driver.",0,False
436,NEGATIVE_NOPAT_INCREASE,EBIT_POS__TAX_ZERO__IC_POS,TAX,"ROIC became less negative, but the change was mechanical. EBIT and invested capital contributed positively. The tax rate was the dominant driver.",0,False
169,LOSS_TO_PROFIT,EBIT_POS__TAX_ZERO__IC_POS,NONE,NOPAT turned positive. EBIT and invested capital contributed positively.,0,False
130,NEGATIVE_IC,EBIT_ZERO__TAX_ZERO__IC_ZERO,EBIT,"Invested capital was negative, so the ratio is mechanical rather than economic. No driver moved materially. EBIT was the dominant driver.",0,False
587,NEGATIVE_NOPAT_DECREASE,EBIT_NEG__TAX_POS__IC_POS,IC,"ROIC became more negative. The tax rate and invested capital contributed positively, while EBIT worked against the change. Invested capital was the dominant driver.",0,False
589,NEGATIVE_NOPAT_DECREASE,EBIT_NEG__TAX_POS__IC_POS,NONE,"ROIC became more negative. The tax rate and invested capital contributed positively, while EBIT worked against the change.",0,False
137,LOSS_TO_PROFIT,EBIT_POS__TAX_POS__IC_POS,IC,"NOPAT turned positive. EBIT, the tax rate and invested capital contributed positively. Invested capital was the dominant driver.",0,False
133,NEGATIVE_IC,EBIT_ZERO__TAX_ZERO__IC_ZERO,BALANCED,"Invested capital was negative, so the ratio is mechanical rather than economic. No driver moved materially. No single driver dominated.",0,False
132,NEGATIVE_IC,EBIT_ZERO__TAX_ZERO__IC_ZERO,IC,"Invested capital was negative, so the ratio is mechanical rather than economic. No driver moved materially. Invested capital was the dominant driver.",0,False
594,NEGATIVE_NOPAT_DECREASE,EBIT_NEG__TAX_POS__IC_NEG,NONE,"ROIC became more negative. The tax rate contributed positively, while EBIT and invested capital worked against the change.",0,False
131,NEGATIVE_IC,EBIT_ZERO__TAX_ZERO__IC_ZERO,TAX,"Invested capital was negative, so the ratio is mechanical rather than economic. No driver moved materially. The tax rate was the dominant driver.",0,False
596,NEGATIVE_NOPAT_DECREASE,EBIT_NEG__TAX_POS__IC_ZERO,TAX,"ROIC became more negative. The tax rate contributed positively, while EBIT worked against the change. The tax rate was the dominant driver.",0,False
597,NEGATIVE_NOPAT_DECREASE,EBIT_NEG__TAX_POS__IC_ZERO,IC,"ROIC became more negative. The tax rate contributed positively, while EBIT worked against the change. Invested capital was the dominant driver.",0,False
599,NEGATIVE_NOPAT_DECREASE,EBIT_NEG__TAX_POS__IC_ZERO,NONE,"ROIC became more negative. The tax rate contributed positively, while EBIT worked against the change.",0,False
129,NEGATIVE_IC,EBIT_ZERO__TAX_ZERO__IC_NEG,NONE,"Invested capital was negative, so the ratio is mechanical rather than economic. Invested capital worked against the change.",0,False
553,NEGATIVE_NOPAT_DECREASE,EBIT_POS__TAX_POS__IC_ZERO,BALANCED,ROIC became more negative. EBIT and the tax rate contributed positively. No single driver dominated.,0,False
128,NEGATIVE_IC,EBIT_ZERO__TAX_ZERO__IC_NEG,BALANCED,"Invested capital was negative, so the ratio is mechanical rather than economic. Invested capital worked against the change. No single driver dominated.",0,False
604,NEGATIVE_NOPAT_DECREASE,EBIT_NEG__TAX_NEG__IC_POS,NONE,"ROIC became more negative. Invested capital contributed positively, while EBIT and the tax rate worked against the change.",0,False
126,NEGATIVE_IC,EBIT_ZERO__TAX_ZERO__IC_NEG,TAX,"Invested capital was negative, so the ratio is mechanical rather than economic. Invested capital worked against the change. The tax rate was the dominant driver.",0,False
125,NEGATIVE_IC,EBIT_ZERO__TAX_ZERO__IC_NEG,EBIT,"Invested capital was negative, so the ratio is mechanical rather than economic. Invested capital worked against the change. EBIT was the dominant driver.",0,False
124,NEGATIVE_IC,EBIT_ZERO__TAX_ZERO__IC_POS,NONE,"Invested capital was negative, so the ratio is mechanical rather than economic. Invested capital contributed positively.",0,False
123,NEGATIVE_IC,EBIT_ZERO__TAX_ZERO__IC_POS,BALANCED,"Invested capital was negative, so the ratio is mechanical rather than economic. Invested capital contributed positively. No single driver dominated.",0,False
609,NEGATIVE_NOPAT_DECREASE,EBIT_NEG__TAX_NEG__IC_NEG,NONE,"ROIC became more negative. EBIT, the tax rate and invested capital worked against the change.",0,False
121,NEGATIVE_IC,EBIT_ZERO__TAX_ZERO__IC_POS,TAX,"Invested capital was negative, so the ratio is mechanical rather than economic. Invested capital contributed positively. The tax rate was the dominant driver.",0,False
612,NEGATIVE_NOPAT_DECREASE,EBIT_NEG__TAX_NEG__IC_ZERO,IC,ROIC became more negative. EBIT and the tax rate worked against the change. Invested capital was the dominant driver.,0,False
614,NEGATIVE_NOPAT_DECREASE,EBIT_NEG__TAX_NEG__IC_ZERO,NONE,ROIC became more negative. EBIT and the tax rate worked against the change.,0,False
586,NEGATIVE_NOPAT_DECREASE,EBIT_NEG__TAX_POS__IC_POS,TAX,"ROIC became more negative. The tax rate and invested capital contributed positively, while EBIT worked against the change. The tax rate was the dominant driver.",0,False
584,NEGATIVE_NOPAT_DECREASE,EBIT_POS__TAX_ZERO__IC_ZERO,NONE,ROIC became more negative. EBIT contributed positively.,0,False
583,NEGATIVE_NOPAT_DECREASE,EBIT_POS__TAX_ZERO__IC_ZERO,BALANCED,ROIC became more negative. EBIT contributed positively. No single driver dominated.,0,False
582,NEGATIVE_NOPAT_DECREASE,EBIT_POS__TAX_ZERO__IC_ZERO,IC,ROIC became more negative. EBIT contributed positively. Invested capital was the dominant driver.,0,False
555,NEGATIVE_NOPAT_DECREASE,EBIT_POS__TAX_NEG__IC_POS,EBIT,"ROIC became more negative. EBIT and invested capital contributed positively, while the tax rate worked against the change. EBIT was the dominant driver.",0,False
557,NEGATIVE_NOPAT_DECREASE,EBIT_POS__TAX_NEG__IC_POS,IC,"ROIC became more negative. EBIT and invested capital contributed positively, while the tax rate worked against the change. Invested capital was the dominant driver.",0,False
559,NEGATIVE_NOPAT_DECREASE,EBIT_POS__TAX_NEG__IC_POS,NONE,"ROIC became more negative. EBIT and invested capital contributed positively, while the tax rate worked against the change.",0,False
149,LOSS_TO_PROFIT,EBIT_POS__TAX_POS__IC_ZERO,NONE,NOPAT turned positive. EBIT and the tax rate contributed positively.,0,False
147,LOSS_TO_PROFIT,EBIT_POS__TAX_POS__IC_ZERO,IC,NOPAT turned positive. EBIT and the tax rate contributed positively. Invested capital was the dominant driver.,0,False
144,LOSS_TO_PROFIT,EBIT_POS__TAX_POS__IC_NEG,NONE,"NOPAT turned positive. EBIT and the tax rate contributed positively, while invested capital worked against the change.",0,False
564,NEGATIVE_NOPAT_DECREASE,EBIT_POS__TAX_NEG__IC_NEG,NONE,"ROIC became more negative. EBIT contributed positively, while the tax rate and invested capital worked against the change.",0,False
565,NEGATIVE_NOPAT_DECREASE,EBIT_POS__TAX_NEG__IC_ZERO,EBIT,"ROIC became more negative. EBIT contributed positively, while the tax rate worked against the change. EBIT was the dominant driver.",0,False
567,NEGATIVE_NOPAT_DECREASE,EBIT_POS__TAX_NEG__IC_ZERO,IC,"ROIC became more negative. EBIT contributed positively, while the tax rate worked against the change. Invested capital was the dominant driver.",0,False
569,NEGATIVE_NOPAT_DECREASE,EBIT_POS__TAX_NEG__IC_ZERO,NONE,"ROIC became more negative. EBIT contributed positively, while the tax rate worked against the change.",0,False
570,NEGATIVE_NOPAT_DECREASE,EBIT_POS__TAX_ZERO__IC_POS,EBIT,ROIC became more negative. EBIT and invested capital contributed positively. EBIT was the dominant driver.,0,False
571,NEGATIVE_NOPAT_DECREASE,EBIT_POS__TAX_ZERO__IC_POS,TAX,ROIC became more negative. EBIT and invested capital contributed positively. The tax rate was the dominant driver.,0,False
572,NEGATIVE_NOPAT_DECREASE,EBIT_POS__TAX_ZERO__IC_POS,IC,ROIC became more negative. EBIT and invested capital contributed positively. Invested capital was the dominant driver.,0,False
573,NEGATIVE_NOPAT_DECREASE,EBIT_POS__TAX_ZERO__IC_POS,BALANCED,ROIC became more negative. EBIT and invested capital contributed positively. No single driver dominated.,0,False
574,NEGATIVE_NOPAT_DECREASE,EBIT_POS__TAX_ZERO__IC_POS,NONE,ROIC became more negative. EBIT and invested capital contributed positively.,0,False
575,NEGATIVE_NOPAT_DECREASE,EBIT_POS__TAX_ZERO__IC_NEG,EBIT,"ROIC became more negative. EBIT contributed positively, while invested capital worked against the change. EBIT was the dominant driver.",0,False
576,NEGATIVE_NOPAT_DECREASE,EBIT_POS__TAX_ZERO__IC_NEG,TAX,"ROIC became more negative. EBIT contributed positively, while invested capital worked against the change. The tax rate was the dominant driver.",0,False
139,LOSS_TO_PROFIT,EBIT_POS__TAX_POS__IC_POS,NONE,"NOPAT turned positive. EBIT, the tax rate and invested capital contributed positively.",0,False
579,NEGATIVE_NOPAT_DECREASE,EBIT_POS__TAX_ZERO__IC_NEG,NONE,"ROIC became more negative. EBIT contributed positively, while invested capital worked against the change.",0,False
580,NEGATIVE_NOPAT_DECREASE,EBIT_POS__TAX_ZERO__IC_ZERO,EBIT,ROIC became more negative. EBIT contributed positively. EBIT was the dominant driver.,0,False
581,NEGATIVE_NOPAT_DECREASE,EBIT_POS__TAX_ZERO__IC_ZERO,TAX,ROIC became more negative. EBIT contributed positively. The tax rate was the dominant driver.,0,False
120,NEGATIVE_IC,EBIT_ZERO__TAX_ZERO__IC_POS,EBIT,"Invested capital was negative, so the ratio is mechanical rather than economic. Invested capital contributed positively. EBIT was the dominant driver.",0,False
616,NEGATIVE_NOPAT_DECREASE,EBIT_NEG__TAX_ZERO__IC_POS,TAX,"ROIC became more negative. Invested capital contributed positively, while EBIT worked against the change. The tax rate was the dominant driver.",0,False
617,NEGATIVE_NOPAT_DECREASE,EBIT_NEG__TAX_ZERO__IC_POS,IC,"ROIC became more negative. Invested capital contributed positively, while EBIT worked against the change. Invested capital was the dominant driver.",0,False
208,LOSS_TO_PROFIT,EBIT_NEG__TAX_NEG__IC_ZERO,BALANCED,NOPAT turned positive. EBIT and the tax rate worked against the change. No single driver dominated.,0,False
649,NEGATIVE_NOPAT_DECREASE,EBIT_ZERO__TAX_NEG__IC_POS,NONE,"ROIC became more negative. Invested capital contributed positively, while the tax rate worked against the change.",0,False
650,NEGATIVE_NOPAT_DECREASE,EBIT_ZERO__TAX_NEG__IC_NEG,EBIT,ROIC became more negative. The tax rate and invested capital worked against the change. EBIT was the dominant driver.,0,False
654,NEGATIVE_NOPAT_DECREASE,EBIT_ZERO__TAX_NEG__IC_NEG,NONE,ROIC became more negative. The tax rate and invested capital worked against the change.,0,False
655,NEGATIVE_NOPAT_DECREASE,EBIT_ZERO__TAX_NEG__IC_ZERO,EBIT,ROIC became more negative. The tax rate worked against the change. EBIT was the dominant driver.,0,False
657,NEGATIVE_NOPAT_DECREASE,EBIT_ZERO__TAX_NEG__IC_ZERO,IC,ROIC became more negative. The tax rate worked against the change. Invested capital was the dominant driver.,0,False
658,NEGATIVE_NOPAT_DECREASE,EBIT_ZERO__TAX_NEG__IC_ZERO,BALANCED,ROIC became more negative. The tax rate worked against the change. No single driver dominated.,0,False
659,NEGATIVE_NOPAT_DECREASE,EBIT_ZERO__TAX_NEG__IC_ZERO,NONE,ROIC became more negative. The tax rate worked against the change.,0,False
660,NEGATIVE_NOPAT_DECREASE,EBIT_ZERO__TAX_ZERO__IC_POS,EBIT,ROIC became more negative. Invested capital contributed positively. EBIT was the dominant driver.,0,False
661,NEGATIVE_NOPAT_DECREASE,EBIT_ZERO__TAX_ZERO__IC_POS,TAX,ROIC became more negative. Invested capital contributed positively. The tax rate was the dominant driver.,0,False
662,NEGATIVE_NOPAT_DECREASE,EBIT_ZERO__TAX_ZERO__IC_POS,IC,ROIC became more negative. Invested capital contributed positively. Invested capital was the dominant driver.,0,False
663,NEGATIVE_NOPAT_DECREASE,EBIT_ZERO__TAX_ZERO__IC_POS,BALANCED,ROIC became more negative. Invested capital contributed positively. No single driver dominated.,0,False
664,NEGATIVE_NOPAT_DECREASE,EBIT_ZERO__TAX_ZERO__IC_POS,NONE,ROIC became more negative. Invested capital contributed positively.,0,False
665,NEGATIVE_NOPAT_DECREASE,EBIT_ZERO__TAX_ZERO__IC_NEG,EBIT,ROIC became more negative. Invested capital worked against the change. EBIT was the dominant driver.,0,False
666,NEGATIVE_NOPAT_DECREASE,EBIT_ZERO__TAX_ZERO__IC_NEG,TAX,ROIC became more negative. Invested capital worked against the change. The tax rate was the dominant driver.,0,False
114,NEGATIVE_IC,EBIT_ZERO__TAX_NEG__IC_NEG,NONE,"Invested capital was negative, so the ratio is mechanical rather than economic. The tax rate and invested capital worked against the change.",0,False
668,NEGATIVE_NOPAT_DECREASE,EBIT_ZERO__TAX_ZERO__IC_NEG,BALANCED,ROIC became more negative. Invested capital worked against the change. No single driver dominated.,0,False
669,NEGATIVE_NOPAT_DECREASE,EBIT_ZERO__TAX_ZERO__IC_NEG,NONE,ROIC became more negative. Invested capital worked against the change.,0,False
670,NEGATIVE_NOPAT_DECREASE,EBIT_ZERO__TAX_ZERO__IC_ZERO,EBIT,ROIC became more negative. No driver moved materially. EBIT was the dominant driver.,0,False
671,NEGATIVE_NOPAT_DECREASE,EBIT_ZERO__TAX_ZERO__IC_ZERO,TAX,ROIC became more negative. No driver moved materially. The tax rate was the dominant driver.,0,False
672,NEGATIVE_NOPAT_DECREASE,EBIT_ZERO__TAX_ZERO__IC_ZERO,IC,ROIC became more negative. No driver moved materially. Invested capital was the dominant driver.,0,False
673,NEGATIVE_NOPAT_DECREASE,EBIT_ZERO__TAX_ZERO__IC_ZERO,BALANCED,ROIC became more negative. No driver moved materially. No single driver dominated.,0,False
647,NEGATIVE_NOPAT_DECREASE,EBIT_ZERO__TAX_NEG__IC_POS,IC,"ROIC became more negative. Invested capital contributed positively, while the tax rate worked against the change. Invested capital was the dominant driver.",0,False
644,NEGATIVE_NOPAT_DECREASE,EBIT_ZERO__TAX_POS__IC_ZERO,NONE,ROIC became more negative. The tax rate contributed positively.,0,False
119,NEGATIVE_IC,EBIT_ZERO__TAX_NEG__IC_ZERO,NONE,"Invested capital was negative, so the ratio is mechanical rather than economic. The tax rate worked against the change.",0,False
643,NEGATIVE_NOPAT_DECREASE,EBIT_ZERO__TAX_POS__IC_ZERO,BALANCED,ROIC became more negative. The tax rate contributed positively. No single driver dominated.,0,False
619,NEGATIVE_NOPAT_DECREASE,EBIT_NEG__TAX_ZERO__IC_POS,NONE,"ROIC became more negative. Invested capital contributed positively, while EBIT worked against the change.",0,False
118,NEGATIVE_IC,EBIT_ZERO__TAX_NEG__IC_ZERO,BALANCED,"Invested capital was negative, so the ratio is mechanical rather than economic. The tax rate worked against the change. No single driver dominated.",0,False
621,NEGATIVE_NOPAT_DECREASE,EBIT_NEG__TAX_ZERO__IC_NEG,TAX,ROIC became more negative. EBIT and invested capital worked against the change. The tax rate was the dominant driver.,0,False
117,NEGATIVE_IC,EBIT_ZERO__TAX_NEG__IC_ZERO,IC,"Invested capital was negative, so the ratio is mechanical rather than economic. The tax rate worked against the change. Invested capital was the dominant driver.",0,False
624,NEGATIVE_NOPAT_DECREASE,EBIT_NEG__TAX_ZERO__IC_NEG,NONE,ROIC became more negative. EBIT and invested capital worked against the change.,0,False
115,NEGATIVE_IC,EBIT_ZERO__TAX_NEG__IC_ZERO,EBIT,"Invested capital was negative, so the ratio is mechanical rather than economic. The tax rate worked against the change. EBIT was the dominant driver.",0,False
626,NEGATIVE_NOPAT_DECREASE,EBIT_NEG__TAX_ZERO__IC_ZERO,TAX,ROIC became more negative. EBIT worked against the change. The tax rate was the dominant driver.,0,False
627,NEGATIVE_NOPAT_DECREASE,EBIT_NEG__TAX_ZERO__IC_ZERO,IC,ROIC became more negative. EBIT worked against the change. Invested capital was the dominant driver.,0,False
628,NEGATIVE_NOPAT_DECREASE,EBIT_NEG__TAX_ZERO__IC_ZERO,BALANCED,ROIC became more negative. EBIT worked against the change. No single driver dominated.,0,False
629,NEGATIVE_NOPAT_DECREASE,EBIT_NEG__TAX_ZERO__IC_ZERO,NONE,ROIC became more negative. EBIT worked against the change.,0,False
630,NEGATIVE_NOPAT_DECREASE,EBIT_ZERO__TAX_POS__IC_POS,EBIT,ROIC became more negative. The tax rate and invested capital contributed positively. EBIT was the dominant driver.,0,False
631,NEGATIVE_NOPAT_DECREASE,EBIT_ZERO__TAX_POS__IC_POS,TAX,ROIC became more negative. The tax rate and invested capital contributed positively. The tax rate was the dominant driver.,0,False
632,NEGATIVE_NOPAT_DECREASE,EBIT_ZERO__TAX_POS__IC_POS,IC,ROIC became more negative. The tax rate and invested capital contributed positively. Invested capital was the dominant driver.,0,False
633,NEGATIVE_NOPAT_DECREASE,EBIT_ZERO__TAX_POS__IC_POS,BALANCED,ROIC became more negative. The tax rate and invested capital contributed positively. No single driver dominated.,0,False
634,NEGATIVE_NOPAT_DECREASE,EBIT_ZERO__TAX_POS__IC_POS,NONE,ROIC became more negative. The tax rate and invested capital contributed positively.,0,False
635,NEGATIVE_NOPAT_DECREASE,EBIT_ZERO__TAX_POS__IC_NEG,EBIT,"ROIC became more negative. The tax rate contributed positively, while invested capital worked against the change. EBIT was the dominant driver.",0,False
636,NEGATIVE_NOPAT_DECREASE,EBIT_ZERO__TAX_POS__IC_NEG,TAX,"ROIC became more negative. The tax rate contributed positively, while invested capital worked against the change. The tax rate was the dominant driver.",0,False
639,NEGATIVE_NOPAT_DECREASE,EBIT_ZERO__TAX_POS__IC_NEG,NONE,"ROIC became more negative. The tax rate contributed positively, while invested capital worked against the change.",0,False
640,NEGATIVE_NOPAT_DECREASE,EBIT_ZERO__TAX_POS__IC_ZERO,EBIT,ROIC became more negative. The tax rate contributed positively. EBIT was the dominant driver.,0,False
641,NEGATIVE_NOPAT_DECREASE,EBIT_ZERO__TAX_POS__IC_ZERO,TAX,ROIC became more negative. The tax rate contributed positively. The tax rate was the dominant driver.,0,False
642,NEGATIVE_NOPAT_DECREASE,EBIT_ZERO__TAX_POS__IC_ZERO,IC,ROIC became more negative. The tax rate contributed positively. Invested capital was the dominant driver.,0,False
554,NEGATIVE_NOPAT_DECREASE,EBIT_POS__TAX_POS__IC_ZERO,NONE,ROIC became more negative. EBIT and the tax rate contributed positively.,0,False
552,NEGATIVE_NOPAT_DECREASE,EBIT_POS__TAX_POS__IC_ZERO,IC,ROIC became more negative. EBIT and the tax rate contributed positively. Invested capital was the dominant driver.,0,False
168,LOSS_TO_PROFIT,EBIT_POS__TAX_ZERO__IC_POS,BALANCED,NOPAT turned positive. EBIT and invested capital contributed positively. No single driver dominated.,0,False
479,NEGATIVE_NOPAT_INCREASE,EBIT_NEG__TAX_NEG__IC_ZERO,NONE,"ROIC became less negative, but the change was mechanical. EBIT and the tax rate worked against the change.",0,False
469,NEGATIVE_NOPAT_INCREASE,EBIT_NEG__TAX_NEG__IC_POS,NONE,"ROIC became less negative, but the change was mechanical. Invested capital contributed positively, while EBIT and the tax rate worked against the change.",0,False
470,NEGATIVE_NOPAT_INCREASE,EBIT_NEG__TAX_NEG__IC_NEG,EBIT,"ROIC became less negative, but the change was mechanical. EBIT, the tax rate and invested capital worked against the change. EBIT was the dominant driver.",0,False
471,NEGATIVE_NOPAT_INCREASE,EBIT_NEG__TAX_NEG__IC_NEG,TAX,"ROIC became less negative, but the change was mechanical. EBIT, the tax rate and invested capital worked against the change. The tax rate was the dominant driver.",0,False
472,NEGATIVE_NOPAT_INCREASE,EBIT_NEG__TAX_NEG__IC_NEG,IC,"ROIC became less negative, but the change was mechanical. EBIT, the tax rate and invested capital worked against the change. Invested capital was the dominant driver.",0,False
473,NEGATIVE_NOPAT_INCREASE,EBIT_NEG__TAX_NEG__IC_NEG,BALANCED,"ROIC became less negative, but the change was mechanical. EBIT, the tax rate and invested capital worked against the change. No single driver dominated.",0,False
474,NEGATIVE_NOPAT_INCREASE,EBIT_NEG__TAX_NEG__IC_NEG,NONE,"ROIC became less negative, but the change was mechanical. EBIT, the tax rate and invested capital worked against the change.",0,False
475,NEGATIVE_NOPAT_INCREASE,EBIT_NEG__TAX_NEG__IC_ZERO,EBIT,"ROIC became less negative, but the change was mechanical. EBIT and the tax rate worked against the change. EBIT was the dominant driver.",0,False
476,NEGATIVE_NOPAT_INCREASE,EBIT_NEG__TAX_NEG__IC_ZERO,TAX,"ROIC became less negative, but the change was mechanical. EBIT and the tax rate worked against the change. The tax rate was the dominant driver.",0,False
477,NEGATIVE_NOPAT_INCREASE,EBIT_NEG__TAX_NEG__IC_ZERO,IC,"ROIC became less negative, but the change was mechanical. EBIT and the tax rate worked against the change. Invested capital was the dominant driver.",0,False
478,NEGATIVE_NOPAT_INCREASE,EBIT_NEG__TAX_NEG__IC_ZERO,BALANCED,"ROIC became less negative, but the change was mechanical. EBIT and the tax rate worked against the change. No single driver dominated.",0,False
480,NEGATIVE_NOPAT_INCREASE,EBIT_NEG__TAX_ZERO__IC_POS,EBIT,"ROIC became less negative, but the change was mechanical. Invested capital contributed positively, while EBIT worked against the change. EBIT was the dominant driver.",0,False
551,NEGATIVE_NOPAT_DECREASE,EBIT_POS__TAX_POS__IC_ZERO,TAX,ROIC became more negative. EBIT and the tax rate contributed positively. The tax rate was the dominant driver.,0,False
481,NEGATIVE_NOPAT_INCREASE,EBIT_NEG__TAX_ZERO__IC_POS,TAX,"ROIC became less negative, but the change was mechanical. Invested capital contributed positively, while EBIT worked against the change. The tax rate was the dominant driver.",0,False
156,LOSS_TO_PROFIT,EBIT_POS__TAX_NEG__IC_NEG,TAX,"NOPAT turned positive. EBIT contributed positively, while the tax rate and invested capital worked against the change. The tax rate was the dominant driver.",0,False
154,LOSS_TO_PROFIT,EBIT_POS__TAX_NEG__IC_POS,NONE,"NOPAT turned positive. EBIT and invested capital contributed positively, while the tax rate worked against the change.",0,False
484,NEGATIVE_NOPAT_INCREASE,EBIT_NEG__TAX_ZERO__IC_POS,NONE,"ROIC became less negative, but the change was mechanical. Invested capital contributed positively, while EBIT worked against the change.",0,False
485,NEGATIVE_NOPAT_INCREASE,EBIT_NEG__TAX_ZERO__IC_NEG,EBIT,"ROIC became less negative, but the change was mechanical. EBIT and invested capital worked against the change. EBIT was the dominant driver.",0,False
486,NEGATIVE_NOPAT_INCREASE,EBIT_NEG__TAX_ZERO__IC_NEG,TAX,"ROIC became less negative, but the change was mechanical. EBIT and invested capital worked against the change. The tax rate was the dominant driver.",0,False
487,NEGATIVE_NOPAT_INCREASE,EBIT_NEG__TAX_ZERO__IC_NEG,IC,"ROIC became less negative, but the change was mechanical. EBIT and invested capital worked against the change. Invested capital was the dominant driver.",0,False
488,NEGATIVE_NOPAT_INCREASE,EBIT_NEG__TAX_ZERO__IC_NEG,BALANCED,"ROIC became less negative, but the change was mechanical. EBIT and invested capital worked against the change. No single driver dominated.",0,False
489,NEGATIVE_NOPAT_INCREASE,EBIT_NEG__TAX_ZERO__IC_NEG,NONE,"ROIC became less negative, but the change was mechanical. EBIT and invested capital worked against the change.",0,False
490,NEGATIVE_NOPAT_INCREASE,EBIT_NEG__TAX_ZERO__IC_ZERO,EBIT,"ROIC became less negative, but the change was mechanical. EBIT worked against the change. EBIT was the dominant driver.",0,False
157,LOSS_TO_PROFIT,EBIT_POS__TAX_NEG__IC_NEG,IC,"NOPAT turned positive. EBIT contributed positively, while the tax rate and invested capital worked against the change. Invested capital was the dominant driver.",0,False
466,NEGATIVE_NOPAT_INCREASE,EBIT_NEG__TAX_NEG__IC_POS,TAX,"ROIC became less negative, but the change was mechanical. Invested capital contributed positively, while EBIT and the tax rate worked against the change. The tax rate was the dominant driver.",0,False
465,NEGATIVE_NOPAT_INCREASE,EBIT_NEG__TAX_NEG__IC_POS,EBIT,"ROIC became less negative, but the change was mechanical. Invested capital contributed positively, while EBIT and the tax rate worked against the change. EBIT was the dominant driver.",0,False
464,NEGATIVE_NOPAT_INCREASE,EBIT_NEG__TAX_POS__IC_ZERO,NONE,"ROIC became less negative, but the change was mechanical. The tax rate contributed positively, while EBIT worked against the change.",0,False
439,NEGATIVE_NOPAT_INCREASE,EBIT_POS__TAX_ZERO__IC_POS,NONE,"ROIC became less negative, but the change was mechanical. EBIT and invested capital contributed positively.",0,False
167,LOSS_TO_PROFIT,EBIT_POS__TAX_ZERO__IC_POS,IC,NOPAT turned positive. EBIT and invested capital contributed positively. Invested capital was the dominant driver.,0,False
441,NEGATIVE_NOPAT_INCREASE,EBIT_POS__TAX_ZERO__IC_NEG,TAX,"ROIC became less negative, but the change was mechanical. EBIT contributed positively, while invested capital worked against the change. The tax rate was the dominant driver.",0,False
442,NEGATIVE_NOPAT_INCREASE,EBIT_POS__TAX_ZERO__IC_NEG,IC,"ROIC became less negative, but the change was mechanical. EBIT contributed positively, while invested capital worked against the change. Invested capital was the dominant driver.",0,False
166,LOSS_TO_PROFIT,EBIT_POS__TAX_ZERO__IC_POS,TAX,NOPAT turned positive. EBIT and invested capital contributed positively. The tax rate was the dominant driver.,0,False
444,NEGATIVE_NOPAT_INCREASE,EBIT_POS__TAX_ZERO__IC_NEG,NONE,"ROIC became less negative, but the change was mechanical. EBIT contributed positively, while invested capital worked against the change.",0,False
164,LOSS_TO_PROFIT,EBIT_POS__TAX_NEG__IC_ZERO,NONE,"NOPAT turned positive. EBIT contributed positively, while the tax rate worked against the change.",0,False
446,NEGATIVE_NOPAT_INCREASE,EBIT_POS__TAX_ZERO__IC_ZERO,TAX,"ROIC became less negative, but the change was mechanical. EBIT contributed positively. The tax rate was the dominant driver.",0,False
447,NEGATIVE_NOPAT_INCREASE,EBIT_POS__TAX_ZERO__IC_ZERO,IC,"ROIC became less negative, but the change was mechanical. EBIT contributed positively. Invested capital was the dominant driver.",0,False
448,NEGATIVE_NOPAT_INCREASE,EBIT_POS__TAX_ZERO__IC_ZERO,BALANCED,"ROIC became less negative, but the change was mechanical. EBIT contributed positively. No single driver dominated.",0,False
449,NEGATIVE_NOPAT_INCREASE,EBIT_POS__TAX_ZERO__IC_ZERO,NONE,"ROIC became less negative, but the change was mechanical. EBIT contributed positively.",0,False
163,LOSS_TO_PROFIT,EBIT_POS__TAX_NEG__IC_ZERO,BALANCED,"NOPAT turned positive. EBIT contributed positively, while the tax rate worked against the change. No single driver dominated.",0,False
162,LOSS_TO_PROFIT,EBIT_POS__TAX_NEG__IC_ZERO,IC,"NOPAT turned positive. EBIT contributed positively, while the tax rate worked against the change. Invested capital was the dominant driver.",0,False
161,LOSS_TO_PROFIT,EBIT_POS__TAX_NEG__IC_ZERO,TAX,"NOPAT turned positive. EBIT contributed positively, while the tax rate worked against the change. The tax rate was the dominant driver.",0,False
454,NEGATIVE_NOPAT_INCREASE,EBIT_NEG__TAX_POS__IC_POS,NONE,"ROIC became less negative, but the change was mechanical. The tax rate and invested capital contributed positively, while EBIT worked against the change.",0,False
455,NEGATIVE_NOPAT_INCREASE,EBIT_NEG__TAX_POS__IC_NEG,EBIT,"ROIC became less negative, but the change was mechanical. The tax rate contributed positively, while EBIT and invested capital worked against the change. EBIT was the dominant driver.",0,False
159,LOSS_TO_PROFIT,EBIT_POS__TAX_NEG__IC_NEG,NONE,"NOPAT turned positive. EBIT contributed positively, while the tax rate and invested capital worked against the change.",0,False
457,NEGATIVE_NOPAT_INCREASE,EBIT_NEG__TAX_POS__IC_NEG,IC,"ROIC became less negative, but the change was mechanical. The tax rate contributed positively, while EBIT and invested capital worked against the change. Invested capital was the dominant driver.",0,False
459,NEGATIVE_NOPAT_INCREASE,EBIT_NEG__TAX_POS__IC_NEG,NONE,"ROIC became less negative, but the change was mechanical. The tax rate contributed positively, while EBIT and invested capital worked against the change.",0,False
460,NEGATIVE_NOPAT_INCREASE,EBIT_NEG__TAX_POS__IC_ZERO,EBIT,"ROIC became less negative, but the change was mechanical. The tax rate contributed positively, while EBIT worked against the change. EBIT was the dominant driver.",0,False
462,NEGATIVE_NOPAT_INCREASE,EBIT_NEG__TAX_POS__IC_ZERO,IC,"ROIC became less negative, but the change was mechanical. The tax rate contributed positively, while EBIT worked against the change. Invested capital was the dominant driver.",0,False
491,NEGATIVE_NOPAT_INCREASE,EBIT_NEG__TAX_ZERO__IC_ZERO,TAX,"ROIC became less negative, but the change was mechanical. EBIT worked against the change. The tax rate was the dominant driver.",0,False
492,NEGATIVE_NOPAT_INCREASE,EBIT_NEG__TAX_ZERO__IC_ZERO,IC,"ROIC became less negative, but the change was mechanical. EBIT worked against the change. Invested capital was the dominant driver.",0,False
493,NEGATIVE_NOPAT_INCREASE,EBIT_NEG__TAX_ZERO__IC_ZERO,BALANCED,"ROIC became less negative, but the change was mechanical. EBIT worked against the change. No single driver dominated.",0,False
524,NEGATIVE_NOPAT_INCREASE,EBIT_ZERO__TAX_NEG__IC_ZERO,NONE,"ROIC became less negative, but the change was mechanical. The tax rate worked against the change.",0,False
526,NEGATIVE_NOPAT_INCREASE,EBIT_ZERO__TAX_ZERO__IC_POS,TAX,"ROIC became less negative, but the change was mechanical. Invested capital contributed positively. The tax rate was the dominant driver.",0,False
528,NEGATIVE_NOPAT_INCREASE,EBIT_ZERO__TAX_ZERO__IC_POS,BALANCED,"ROIC became less negative, but the change was mechanical. Invested capital contributed positively. No single driver dominated.",0,False
529,NEGATIVE_NOPAT_INCREASE,EBIT_ZERO__TAX_ZERO__IC_POS,NONE,"ROIC became less negative, but the change was mechanical. Invested capital contributed positively.",0,False
530,NEGATIVE_NOPAT_INCREASE,EBIT_ZERO__TAX_ZERO__IC_NEG,EBIT,"ROIC became less negative, but the change was mechanical. Invested capital worked against the change. EBIT was the dominant driver.",0,False
531,NEGATIVE_NOPAT_INCREASE,EBIT_ZERO__TAX_ZERO__IC_NEG,TAX,"ROIC became less negative, but the change was mechanical. Invested capital worked against the change. The tax rate was the dominant driver.",0,False
532,NEGATIVE_NOPAT_INCREASE,EBIT_ZERO__TAX_ZERO__IC_NEG,IC,"ROIC became less negative, but the change was mechanical. Invested capital worked against the change. Invested capital was the dominant driver.",0,False
533,NEGATIVE_NOPAT_INCREASE,EBIT_ZERO__TAX_ZERO__IC_NEG,BALANCED,"ROIC became less negative, but the change was mechanical. Invested capital worked against the change. No single driver dominated.",0,False
534,NEGATIVE_NOPAT_INCREASE,EBIT_ZERO__TAX_ZERO__IC_NEG,NONE,"ROIC became less negative, but the change was mechanical. Invested capital worked against the change.",0,False
535,NEGATIVE_NOPAT_INCREASE,EBIT_ZERO__TAX_ZERO__IC_ZERO,EBIT,"ROIC became less negative, but the change was mechanical. No driver moved materially. EBIT was the dominant driver.",0,False
536,NEGATIVE_NOPAT_INCREASE,EBIT_ZERO__TAX_ZERO__IC_ZERO,TAX,"ROIC became less negative, but the change was mechanical. No driver moved materially. The tax rate was the dominant driver.",0,False
537,NEGATIVE_NOPAT_INCREASE,EBIT_ZERO__TAX_ZERO__IC_ZERO,IC,"ROIC became less negative, but the change was mechanical. No driver moved materially. Invested capital was the dominant driver.",0,False
538,NEGATIVE_NOPAT_INCREASE,EBIT_ZERO__TAX_ZERO__IC_ZERO,BALANCED,"ROIC became less negative, but the change was mechanical. No driver moved materially. No single driver dominated.",0,False
540,NEGATIVE_NOPAT_DECREASE,EBIT_POS__TAX_POS__IC_POS,EBIT,"ROIC became more negative. EBIT, the tax rate and invested capital contributed positively. EBIT was the dominant driver.",0,False
542,NEGATIVE_NOPAT_DECREASE,EBIT_POS__TAX_POS__IC_POS,IC,"ROIC became more negative. EBIT, the tax rate and invested capital contributed positively. Invested capital was the dominant driver.",0,False
543,NEGATIVE_NOPAT_DECREASE,EBIT_POS__TAX_POS__IC_POS,BALANCED,"ROIC became more negative. EBIT, the tax rate and invested capital contributed positively. No single driver dominated.",0,False
544,NEGATIVE_NOPAT_DECREASE,EBIT_POS__TAX_POS__IC_POS,NONE,"ROIC became more negative. EBIT, the tax rate and invested capital contributed positively.",0,False
545,NEGATIVE_NOPAT_DECREASE,EBIT_POS__TAX_POS__IC_NEG,EBIT,"ROIC became more negative. EBIT and the tax rate contributed positively, while invested capital worked against the change. EBIT was the dominant driver.",0,False
546,NEGATIVE_NOPAT_DECREASE,EBIT_POS__TAX_POS__IC_NEG,TAX,"ROIC became more negative. EBIT and the tax rate contributed positively, while invested capital worked against the change. The tax rate was the dominant driver.",0,False
152,LOSS_TO_PROFIT,EBIT_POS__TAX_NEG__IC_POS,IC,"NOPAT turned positive. EBIT and invested capital contributed positively, while the tax rate worked against the change. Invested capital was the dominant driver.",0,False
549,NEGATIVE_NOPAT_DECREASE,EBIT_POS__TAX_POS__IC_NEG,NONE,"ROIC became more negative. EBIT and the tax rate contributed positively, while invested capital worked against the change.",0,False
550,NEGATIVE_NOPAT_DECREASE,EBIT_POS__TAX_POS__IC_ZERO,EBIT,ROIC became more negative. EBIT and the tax rate contributed positively. EBIT was the dominant driver.,0,False
525,NEGATIVE_NOPAT_INCREASE,EBIT_ZERO__TAX_ZERO__IC_POS,EBIT,"ROIC became less negative, but the change was mechanical. Invested capital contributed positively. EBIT was the dominant driver.",0,False
523,NEGATIVE_NOPAT_INCREASE,EBIT_ZERO__TAX_NEG__IC_ZERO,BALANCED,"ROIC became less negative, but the change was mechanical. The tax rate worked against the change. No single driver dominated.",0,False
494,NEGATIVE_NOPAT_INCREASE,EBIT_NEG__TAX_ZERO__IC_ZERO,NONE,"ROIC became less negative, but the change was mechanical. EBIT worked against the change.",0,False
522,NEGATIVE_NOPAT_INCREASE,EBIT_ZERO__TAX_NEG__IC_ZERO,IC,"ROIC became less negative, but the change was mechanical. The tax rate worked against the change. Invested capital was the dominant driver.",0,False
495,NEGATIVE_NOPAT_INCREASE,EBIT_ZERO__TAX_POS__IC_POS,EBIT,"ROIC became less negative, but the change was mechanical. The tax rate and invested capital contributed positively. EBIT was the dominant driver.",0,False
498,NEGATIVE_NOPAT_INCREASE,EBIT_ZERO__TAX_POS__IC_POS,BALANCED,"ROIC became less negative, but the change was mechanical. The tax rate and invested capital contributed positively. No single driver dominated.",0,False
499,NEGATIVE_NOPAT_INCREASE,EBIT_ZERO__TAX_POS__IC_POS,NONE,"ROIC became less negative, but the change was mechanical. The tax rate and invested capital contributed positively.",0,False
500,NEGATIVE_NOPAT_INCREASE,EBIT_ZERO__TAX_POS__IC_NEG,EBIT,"ROIC became less negative, but the change was mechanical. The tax rate contributed positively, while invested capital worked against the change. EBIT was the dominant driver.",0,False
502,NEGATIVE_NOPAT_INCREASE,EBIT_ZERO__TAX_POS__IC_NEG,IC,"ROIC became less negative, but the change was mechanical. The tax rate contributed positively, while invested capital worked against the change. Invested capital was the dominant driver.",0,False
504,NEGATIVE_NOPAT_INCREASE,EBIT_ZERO__TAX_POS__IC_NEG,NONE,"ROIC became less negative, but the change was mechanical. The tax rate contributed positively, while invested capital worked against the change.",0,False
505,NEGATIVE_NOPAT_INCREASE,EBIT_ZERO__TAX_POS__IC_ZERO,EBIT,"ROIC became less negative, but the change was mechanical. The tax rate contributed positively. EBIT was the dominant driver.",0,False
507,NEGATIVE_NOPAT_INCREASE,EBIT_ZERO__TAX_POS__IC_ZERO,IC,"ROIC became less negative, but the change was mechanical. The tax rate contributed positively. Invested capital was the dominant driver.",0,False
508,NEGATIVE_NOPAT_INCREASE,EBIT_ZERO__TAX_POS__IC_ZERO,BALANCED,"ROIC became less negative, but the change was mechanical. The tax rate contributed positively. No single driver dominated.",0,False
509,NEGATIVE_NOPAT_INCREASE,EBIT_ZERO__TAX_POS__IC_ZERO,NONE,"ROIC became less negative, but the change was mechanical. The tax rate contributed positively.",0,False
510,NEGATIVE_NOPAT_INCREASE,EBIT_ZERO__TAX_NEG__IC_POS,EBIT,"ROIC became less negative, but the change was mechanical. Invested capital contributed positively, while the tax rate worked against the change. EBIT was the dominant driver.",0,False
511,NEGATIVE_NOPAT_INCREASE,EBIT_ZERO__TAX_NEG__IC_POS,TAX,"ROIC became less negative, but the change was mechanical. Invested capital contributed positively, while the tax rate worked against the change. The tax rate was the dominant driver.",0,False
513,NEGATIVE_NOPAT_INCREASE,EBIT_ZERO__TAX_NEG__IC_POS,BALANCED,"ROIC became less negative, but the change was mechanical. Invested capital contributed positively, while the tax rate worked against the change. No single driver dominated.",0,False
514,NEGATIVE_NOPAT_INCREASE,EBIT_ZERO__TAX_NEG__IC_POS,NONE,"ROIC became less negative, but the change was mechanical. Invested capital contributed positively, while the tax rate worked against the change.",0,False
515,NEGATIVE_NOPAT_INCREASE,EBIT_ZERO__TAX_NEG__IC_NEG,EBIT,"ROIC became less negative, but the change was mechanical. The tax rate and invested capital worked against the change. EBIT was the dominant driver.",0,False
516,NEGATIVE_NOPAT_INCREASE,EBIT_ZERO__TAX_NEG__IC_NEG,TAX,"ROIC became less negative, but the change was mechanical. The tax rate and invested capital worked against the change. The tax rate was the dominant driver.",0,False
517,NEGATIVE_NOPAT_INCREASE,EBIT_ZERO__TAX_NEG__IC_NEG,IC,"ROIC became less negative, but the change was mechanical. The tax rate and invested capital worked against the change. Invested capital was the dominant driver.",0,False
518,NEGATIVE_NOPAT_INCREASE,EBIT_ZERO__TAX_NEG__IC_NEG,BALANCED,"ROIC became less negative, but the change was mechanical. The tax rate and invested capital worked against the change. No single driver dominated.",0,False
519,NEGATIVE_NOPAT_INCREASE,EBIT_ZERO__TAX_NEG__IC_NEG,NONE,"ROIC became less negative, but the change was mechanical. The tax rate and invested capital worked against the change.",0,False
520,NEGATIVE_NOPAT_INCREASE,EBIT_ZERO__TAX_NEG__IC_ZERO,EBIT,"ROIC became less negative, but the change was mechanical. The tax rate worked against the change. EBIT was the dominant driver.",0,False
521,NEGATIVE_NOPAT_INCREASE,EBIT_ZERO__TAX_NEG__IC_ZERO,TAX,"ROIC became less negative, but the change was mechanical. The tax rate worked against the change. The tax rate was the dominant driver.",0,False
541,NEGATIVE_NOPAT_DECREASE,EBIT_POS__TAX_POS__IC_POS,TAX,"ROIC became more negative. EBIT, the tax rate and invested capital contributed positively. The tax rate was the dominant driver.",0,False
