ticker,q_ord,range_id,period_key
A,187,0,2016Q4
A,188,0,2017Q1
A,189,0,2017Q2
A,190,0,2017Q3
A,191,0,2017Q4
A,192,0,2018Q1
A,193,0,2018Q2
A,194,0,2018Q3
A,195,0,2018Q4
A,196,0,2019Q1
A,197,0,2019Q2
A,198,0,2019Q3
A,199,0,2019Q4
A,200,0,2020Q1
A,201,0,2020Q2
A,202,0,2020Q3
A,203,0,2020Q4
A,204,0,2021Q1
A,205,0,2021Q2
A,206,0,2021Q3
A,207,0,2021Q4
A,208,0,2022Q1
A,209,0,2022Q2
A,210,0,2022Q3
A,211,0,2022Q4
A,212,0,2023Q1
A,213,0,2023Q2
A,214,0,2023Q3
A,215,0,2023Q4
A,216,0,2024Q1
A,217,0,2024Q2
A,218,0,2024Q3
A,219,0,2024Q4
A,220,0,2025Q1
A,221,0,2025Q2
A,222,0,2025Q3
A,223,0,2025Q4
A,224,0,2026Q1
A,225,0,2026Q2
AAL,187,2,2016Q4
AAL,188,2,2017Q1
AAL,189,2,2017Q2
AAL,190,2,2017Q3
AAL,191,2,2017Q4
AAL,192,2,2018Q1
AAL,193,2,2018Q2
AAL,194,2,2018Q3
AAL,195,2,2018Q4
AAL,196,2,2019Q1
AAL,197,2,2019Q2
AAL,198,2,2019Q3
AAL,199,2,2019Q4
AAL,200,2,2020Q1
AAL,201,2,2020Q2
AAL,202,2,2020Q3
AAL,203,2,2020Q4
AAL,204,2,2021Q1
AAL,205,2,2021Q2
AAL,206,2,2021Q3
AAL,207,2,2021Q4
AAL,208,2,2022Q1
AAL,209,2,2022Q2
AAL,210,2,2022Q3
AAL,211,2,2022Q4
AAL,212,2,2023Q1
AAL,213,2,2023Q2
AAL,214,2,2023Q3
AAL,215,2,2023Q4
AAL,216,2,2024Q1
AAL,217,2,2024Q2
AAP,187,3,2016Q4
AAP,188,3,2017Q1
AAP,189,3,2017Q2
AAP,190,3,2017Q3
AAP,191,3,2017Q4
AAP,192,3,2018Q1
AAP,193,3,2018Q2
AAP,194,3,2018Q3
AAP,195,3,2018Q4
AAP,196,3,2019Q1
AAP,197,3,2019Q2
AAP,198,3,2019Q3
AAP,199,3,2019Q4
AAP,200,3,2020Q1
AAP,201,3,2020Q2
AAP,202,3,2020Q3
AAP,203,3,2020Q4
AAP,204,3,2021Q1
AAP,205,3,2021Q2
AAP,206,3,2021Q3
AAP,207,3,2021Q4
AAP,208,3,2022Q1
AAP,209,3,2022Q2
AAP,210,3,2022Q3
AAP,211,3,2022Q4
AAP,212,3,2023Q1
AAP,213,3,2023Q2
AAPL,187,4,2016Q4
AAPL,188,4,2017Q1
AAPL,189,4,2017Q2
AAPL,190,4,2017Q3
AAPL,191,4,2017Q4
AAPL,192,4,2018Q1
AAPL,193,4,2018Q2
AAPL,194,4,2018Q3
AAPL,195,4,2018Q4
AAPL,196,4,2019Q1
AAPL,197,4,2019Q2
AAPL,198,4,2019Q3
AAPL,199,4,2019Q4
AAPL,200,4,2020Q1
AAPL,201,4,2020Q2
AAPL,202,4,2020Q3
AAPL,203,4,2020Q4
AAPL,204,4,2021Q1
AAPL,205,4,2021Q2
AAPL,206,4,2021Q3
AAPL,207,4,2021Q4
AAPL,208,4,2022Q1
AAPL,209,4,2022Q2
AAPL,210,4,2022Q3
AAPL,211,4,2022Q4
AAPL,212,4,2023Q1
AAPL,213,4,2023Q2
AAPL,214,4,2023Q3
AAPL,215,4,2023Q4
AAPL,216,4,2024Q1
AAPL,217,4,2024Q2
AAPL,218,4,2024Q3
AAPL,219,4,2024Q4
AAPL,220,4,2025Q1
AAPL,221,4,2025Q2
AAPL,222,4,2025Q3
AAPL,223,4,2025Q4
AAPL,224,4,2026Q1
AAPL,225,4,2026Q2
ABBV,187,5,2016Q4
ABBV,188,5,2017Q1
ABBV,189,5,2017Q2
ABBV,190,5,2017Q3
ABBV,191,5,2017Q4
ABBV,192,5,2018Q1
ABBV,193,5,2018Q2
ABBV,194,5,2018Q3
ABBV,195,5,2018Q4
ABBV,196,5,2019Q1
ABBV,197,5,2019Q2
ABBV,198,5,2019Q3
ABBV,199,5,2019Q4
ABBV,200,5,2020Q1
ABBV,201,5,2020Q2
ABBV,202,5,2020Q3
ABBV,203,5,2020Q4
ABBV,204,5,2021Q1
ABBV,205,5,2021Q2
ABBV,206,5,2021Q3
ABBV,207,5,2021Q4
ABBV,208,5,2022Q1
ABBV,209,5,2022Q2
ABBV,210,5,2022Q3
ABBV,211,5,2022Q4
ABBV,212,5,2023Q1
ABBV,213,5,2023Q2
ABBV,214,5,2023Q3
ABBV,215,5,2023Q4
ABBV,216,5,2024Q1
ABBV,217,5,2024Q2
ABBV,218,5,2024Q3
ABBV,219,5,2024Q4
ABBV,220,5,2025Q1
ABBV,221,5,2025Q2
ABBV,222,5,2025Q3
ABBV,223,5,2025Q4
ABBV,224,5,2026Q1
ABBV,225,5,2026Q2
ABMD,193,7,2018Q2
ABMD,194,7,2018Q3
ABMD,195,7,2018Q4
ABMD,196,7,2019Q1
ABMD,197,7,2019Q2
ABMD,198,7,2019Q3
ABMD,199,7,2019Q4
ABMD,200,7,2020Q1
ABMD,201,7,2020Q2
ABMD,202,7,2020Q3
ABMD,203,7,2020Q4
ABMD,204,7,2021Q1
ABMD,205,7,2021Q2
ABMD,206,7,2021Q3
ABMD,207,7,2021Q4
ABMD,208,7,2022Q1
ABMD,209,7,2022Q2
ABMD,210,7,2022Q3
ABNB,214,8,2023Q3
ABNB,215,8,2023Q4
ABNB,216,8,2024Q1
ABNB,217,8,2024Q2
ABNB,218,8,2024Q3
ABNB,219,8,2024Q4
ABNB,220,8,2025Q1
ABNB,221,8,2025Q2
ABNB,222,8,2025Q3
ABNB,223,8,2025Q4
ABNB,224,8,2026Q1
ABNB,225,8,2026Q2
ABT,187,10,2016Q4
ABT,188,10,2017Q1
ABT,189,10,2017Q2
ABT,190,10,2017Q3
ABT,191,10,2017Q4
ABT,192,10,2018Q1
ABT,193,10,2018Q2
ABT,194,10,2018Q3
ABT,195,10,2018Q4
ABT,196,10,2019Q1
ABT,197,10,2019Q2
ABT,198,10,2019Q3
ABT,199,10,2019Q4
ABT,200,10,2020Q1
ABT,201,10,2020Q2
ABT,202,10,2020Q3
ABT,203,10,2020Q4
ABT,204,10,2021Q1
ABT,205,10,2021Q2
ABT,206,10,2021Q3
ABT,207,10,2021Q4
ABT,208,10,2022Q1
ABT,209,10,2022Q2
ABT,210,10,2022Q3
ABT,211,10,2022Q4
ABT,212,10,2023Q1
ABT,213,10,2023Q2
ABT,214,10,2023Q3
ABT,215,10,2023Q4
ABT,216,10,2024Q1
ABT,217,10,2024Q2
ABT,218,10,2024Q3
ABT,219,10,2024Q4
ABT,220,10,2025Q1
ABT,221,10,2025Q2
ABT,222,10,2025Q3
ABT,223,10,2025Q4
ABT,224,10,2026Q1
ABT,225,10,2026Q2
ACGL,211,13,2022Q4
ACGL,212,13,2023Q1
ACGL,213,13,2023Q2
ACGL,214,13,2023Q3
ACGL,215,13,2023Q4
ACGL,216,13,2024Q1
ACGL,217,13,2024Q2
ACGL,218,13,2024Q3
ACGL,219,13,2024Q4
ACGL,220,13,2025Q1
ACGL,221,13,2025Q2
ACGL,222,13,2025Q3
ACGL,223,13,2025Q4
ACGL,224,13,2026Q1
ACGL,225,13,2026Q2
ACN,187,14,2016Q4
ACN,188,14,2017Q1
ACN,189,14,2017Q2
ACN,190,14,2017Q3
ACN,191,14,2017Q4
ACN,192,14,2018Q1
ACN,193,14,2018Q2
ACN,194,14,2018Q3
ACN,195,14,2018Q4
ACN,196,14,2019Q1
ACN,197,14,2019Q2
ACN,198,14,2019Q3
ACN,199,14,2019Q4
ACN,200,14,2020Q1
ACN,201,14,2020Q2
ACN,202,14,2020Q3
ACN,203,14,2020Q4
ACN,204,14,2021Q1
ACN,205,14,2021Q2
ACN,206,14,2021Q3
ACN,207,14,2021Q4
ACN,208,14,2022Q1
ACN,209,14,2022Q2
ACN,210,14,2022Q3
ACN,211,14,2022Q4
ACN,212,14,2023Q1
ACN,213,14,2023Q2
ACN,214,14,2023Q3
ACN,215,14,2023Q4
ACN,216,14,2024Q1
ACN,217,14,2024Q2
ACN,218,14,2024Q3
ACN,219,14,2024Q4
ACN,220,14,2025Q1
ACN,221,14,2025Q2
ACN,222,14,2025Q3
ACN,223,14,2025Q4
ACN,224,14,2026Q1
ACN,225,14,2026Q2
ADBE,187,15,2016Q4
ADBE,188,15,2017Q1
ADBE,189,15,2017Q2
ADBE,190,15,2017Q3
ADBE,191,15,2017Q4
ADBE,192,15,2018Q1
ADBE,193,15,2018Q2
ADBE,194,15,2018Q3
ADBE,195,15,2018Q4
ADBE,196,15,2019Q1
ADBE,197,15,2019Q2
ADBE,198,15,2019Q3
ADBE,199,15,2019Q4
ADBE,200,15,2020Q1
ADBE,201,15,2020Q2
ADBE,202,15,2020Q3
ADBE,203,15,2020Q4
ADBE,204,15,2021Q1
ADBE,205,15,2021Q2
ADBE,206,15,2021Q3
ADBE,207,15,2021Q4
ADBE,208,15,2022Q1
ADBE,209,15,2022Q2
ADBE,210,15,2022Q3
ADBE,211,15,2022Q4
ADBE,212,15,2023Q1
ADBE,213,15,2023Q2
ADBE,214,15,2023Q3
ADBE,215,15,2023Q4
ADBE,216,15,2024Q1
ADBE,217,15,2024Q2
ADBE,218,15,2024Q3
ADBE,219,15,2024Q4
ADBE,220,15,2025Q1
ADBE,221,15,2025Q2
ADBE,222,15,2025Q3
ADBE,223,15,2025Q4
ADBE,224,15,2026Q1
ADBE,225,15,2026Q2
ADI,187,17,2016Q4
ADI,188,17,2017Q1
ADI,189,17,2017Q2
ADI,190,17,2017Q3
ADI,191,17,2017Q4
ADI,192,17,2018Q1
ADI,193,17,2018Q2
ADI,194,17,2018Q3
ADI,195,17,2018Q4
ADI,196,17,2019Q1
ADI,197,17,2019Q2
ADI,198,17,2019Q3
ADI,199,17,2019Q4
ADI,200,17,2020Q1
ADI,201,17,2020Q2
ADI,202,17,2020Q3
ADI,203,17,2020Q4
ADI,204,17,2021Q1
ADI,205,17,2021Q2
ADI,206,17,2021Q3
ADI,207,17,2021Q4
ADI,208,17,2022Q1
ADI,209,17,2022Q2
ADI,210,17,2022Q3
ADI,211,17,2022Q4
ADI,212,17,2023Q1
ADI,213,17,2023Q2
ADI,214,17,2023Q3
ADI,215,17,2023Q4
ADI,216,17,2024Q1
ADI,217,17,2024Q2
ADI,218,17,2024Q3
ADI,219,17,2024Q4
ADI,220,17,2025Q1
ADI,221,17,2025Q2
ADI,222,17,2025Q3
ADI,223,17,2025Q4
ADI,224,17,2026Q1
ADI,225,17,2026Q2
ADM,187,18,2016Q4
ADM,188,18,2017Q1
ADM,189,18,2017Q2
ADM,190,18,2017Q3
ADM,191,18,2017Q4
ADM,192,18,2018Q1
ADM,193,18,2018Q2
ADM,194,18,2018Q3
ADM,195,18,2018Q4
ADM,196,18,2019Q1
ADM,197,18,2019Q2
ADM,198,18,2019Q3
ADM,199,18,2019Q4
ADM,200,18,2020Q1
ADM,201,18,2020Q2
ADM,202,18,2020Q3
ADM,203,18,2020Q4
ADM,204,18,2021Q1
ADM,205,18,2021Q2
ADM,206,18,2021Q3
ADM,207,18,2021Q4
ADM,208,18,2022Q1
ADM,209,18,2022Q2
ADM,210,18,2022Q3
ADM,211,18,2022Q4
ADM,212,18,2023Q1
ADM,213,18,2023Q2
ADM,214,18,2023Q3
ADM,215,18,2023Q4
ADM,216,18,2024Q1
ADM,217,18,2024Q2
ADM,218,18,2024Q3
ADM,219,18,2024Q4
ADM,220,18,2025Q1
ADM,221,18,2025Q2
ADM,222,18,2025Q3
ADM,223,18,2025Q4
ADM,224,18,2026Q1
ADM,225,18,2026Q2
ADP,187,19,2016Q4
ADP,188,19,2017Q1
ADP,189,19,2017Q2
ADP,190,19,2017Q3
ADP,191,19,2017Q4
ADP,192,19,2018Q1
ADP,193,19,2018Q2
ADP,194,19,2018Q3
ADP,195,19,2018Q4
ADP,196,19,2019Q1
ADP,197,19,2019Q2
ADP,198,19,2019Q3
ADP,199,19,2019Q4
ADP,200,19,2020Q1
ADP,201,19,2020Q2
ADP,202,19,2020Q3
ADP,203,19,2020Q4
ADP,204,19,2021Q1
ADP,205,19,2021Q2
ADP,206,19,2021Q3
ADP,207,19,2021Q4
ADP,208,19,2022Q1
ADP,209,19,2022Q2
ADP,210,19,2022Q3
ADP,211,19,2022Q4
ADP,212,19,2023Q1
ADP,213,19,2023Q2
ADP,214,19,2023Q3
ADP,215,19,2023Q4
ADP,216,19,2024Q1
ADP,217,19,2024Q2
ADP,218,19,2024Q3
ADP,219,19,2024Q4
ADP,220,19,2025Q1
ADP,221,19,2025Q2
ADP,222,19,2025Q3
ADP,223,19,2025Q4
ADP,224,19,2026Q1
ADP,225,19,2026Q2
ADS,187,20,2016Q4
ADS,188,20,2017Q1
ADS,189,20,2017Q2
ADS,190,20,2017Q3
ADS,191,20,2017Q4
ADS,192,20,2018Q1
ADS,193,20,2018Q2
ADS,194,20,2018Q3
ADS,195,20,2018Q4
ADS,196,20,2019Q1
ADS,197,20,2019Q2
ADS,198,20,2019Q3
ADS,199,20,2019Q4
ADS,200,20,2020Q1
ADSK,187,21,2016Q4
ADSK,188,21,2017Q1
ADSK,189,21,2017Q2
ADSK,190,21,2017Q3
ADSK,191,21,2017Q4
ADSK,192,21,2018Q1
ADSK,193,21,2018Q2
ADSK,194,21,2018Q3
ADSK,195,21,2018Q4
ADSK,196,21,2019Q1
ADSK,197,21,2019Q2
ADSK,198,21,2019Q3
ADSK,199,21,2019Q4
ADSK,200,21,2020Q1
ADSK,201,21,2020Q2
ADSK,202,21,2020Q3
ADSK,203,21,2020Q4
ADSK,204,21,2021Q1
ADSK,205,21,2021Q2
ADSK,206,21,2021Q3
ADSK,207,21,2021Q4
ADSK,208,21,2022Q1
ADSK,209,21,2022Q2
ADSK,210,21,2022Q3
ADSK,211,21,2022Q4
ADSK,212,21,2023Q1
ADSK,213,21,2023Q2
ADSK,214,21,2023Q3
ADSK,215,21,2023Q4
ADSK,216,21,2024Q1
ADSK,217,21,2024Q2
ADSK,218,21,2024Q3
ADSK,219,21,2024Q4
ADSK,220,21,2025Q1
ADSK,221,21,2025Q2
ADSK,222,21,2025Q3
ADSK,223,21,2025Q4
ADSK,224,21,2026Q1
ADSK,225,21,2026Q2
AEE,187,23,2016Q4
AEE,188,23,2017Q1
AEE,189,23,2017Q2
AEE,190,23,2017Q3
AEE,191,23,2017Q4
AEE,192,23,2018Q1
AEE,193,23,2018Q2
AEE,194,23,2018Q3
AEE,195,23,2018Q4
AEE,196,23,2019Q1
AEE,197,23,2019Q2
AEE,198,23,2019Q3
AEE,199,23,2019Q4
AEE,200,23,2020Q1
AEE,201,23,2020Q2
AEE,202,23,2020Q3
AEE,203,23,2020Q4
AEE,204,23,2021Q1
AEE,205,23,2021Q2
AEE,206,23,2021Q3
AEE,207,23,2021Q4
AEE,208,23,2022Q1
AEE,209,23,2022Q2
AEE,210,23,2022Q3
AEE,211,23,2022Q4
AEE,212,23,2023Q1
AEE,213,23,2023Q2
AEE,214,23,2023Q3
AEE,215,23,2023Q4
AEE,216,23,2024Q1
AEE,217,23,2024Q2
AEE,218,23,2024Q3
AEE,219,23,2024Q4
AEE,220,23,2025Q1
AEE,221,23,2025Q2
AEE,222,23,2025Q3
AEE,223,23,2025Q4
AEE,224,23,2026Q1
AEE,225,23,2026Q2
AEP,187,24,2016Q4
AEP,188,24,2017Q1
AEP,189,24,2017Q2
AEP,190,24,2017Q3
AEP,191,24,2017Q4
AEP,192,24,2018Q1
AEP,193,24,2018Q2
AEP,194,24,2018Q3
AEP,195,24,2018Q4
AEP,196,24,2019Q1
AEP,197,24,2019Q2
AEP,198,24,2019Q3
AEP,199,24,2019Q4
AEP,200,24,2020Q1
AEP,201,24,2020Q2
AEP,202,24,2020Q3
AEP,203,24,2020Q4
AEP,204,24,2021Q1
AEP,205,24,2021Q2
AEP,206,24,2021Q3
AEP,207,24,2021Q4
AEP,208,24,2022Q1
AEP,209,24,2022Q2
AEP,210,24,2022Q3
AEP,211,24,2022Q4
AEP,212,24,2023Q1
AEP,213,24,2023Q2
AEP,214,24,2023Q3
AEP,215,24,2023Q4
AEP,216,24,2024Q1
AEP,217,24,2024Q2
AEP,218,24,2024Q3
AEP,219,24,2024Q4
AEP,220,24,2025Q1
AEP,221,24,2025Q2
AEP,222,24,2025Q3
AEP,223,24,2025Q4
AEP,224,24,2026Q1
AEP,225,24,2026Q2
AES,187,25,2016Q4
AES,188,25,2017Q1
AES,189,25,2017Q2
AES,190,25,2017Q3
AES,191,25,2017Q4
AES,192,25,2018Q1
AES,193,25,2018Q2
AES,194,25,2018Q3
AES,195,25,2018Q4
AES,196,25,2019Q1
AES,197,25,2019Q2
AES,198,25,2019Q3
AES,199,25,2019Q4
AES,200,25,2020Q1
AES,201,25,2020Q2
AES,202,25,2020Q3
AES,203,25,2020Q4
AES,204,25,2021Q1
AES,205,25,2021Q2
AES,206,25,2021Q3
AES,207,25,2021Q4
AES,208,25,2022Q1
AES,209,25,2022Q2
AES,210,25,2022Q3
AES,211,25,2022Q4
AES,212,25,2023Q1
AES,213,25,2023Q2
AES,214,25,2023Q3
AES,215,25,2023Q4
AES,216,25,2024Q1
AES,217,25,2024Q2
AES,218,25,2024Q3
AES,219,25,2024Q4
AES,220,25,2025Q1
AES,221,25,2025Q2
AES,222,25,2025Q3
AES,223,25,2025Q4
AES,224,25,2026Q1
AES,225,25,2026Q2
AET,187,26,2016Q4
AET,188,26,2017Q1
AET,189,26,2017Q2
AET,190,26,2017Q3
AET,191,26,2017Q4
AET,192,26,2018Q1
AET,193,26,2018Q2
AET,194,26,2018Q3
AFL,187,27,2016Q4
AFL,188,27,2017Q1
AFL,189,27,2017Q2
AFL,190,27,2017Q3
AFL,191,27,2017Q4
AFL,192,27,2018Q1
AFL,193,27,2018Q2
AFL,194,27,2018Q3
AFL,195,27,2018Q4
AFL,196,27,2019Q1
AFL,197,27,2019Q2
AFL,198,27,2019Q3
AFL,199,27,2019Q4
AFL,200,27,2020Q1
AFL,201,27,2020Q2
AFL,202,27,2020Q3
AFL,203,27,2020Q4
AFL,204,27,2021Q1
AFL,205,27,2021Q2
AFL,206,27,2021Q3
AFL,207,27,2021Q4
AFL,208,27,2022Q1
AFL,209,27,2022Q2
AFL,210,27,2022Q3
AFL,211,27,2022Q4
AFL,212,27,2023Q1
AFL,213,27,2023Q2
AFL,214,27,2023Q3
AFL,215,27,2023Q4
AFL,216,27,2024Q1
AFL,217,27,2024Q2
AFL,218,27,2024Q3
AFL,219,27,2024Q4
AFL,220,27,2025Q1
AFL,221,27,2025Q2
AFL,222,27,2025Q3
AFL,223,27,2025Q4
AFL,224,27,2026Q1
AFL,225,27,2026Q2
AGN,187,28,2016Q4
AGN,188,28,2017Q1
AGN,189,28,2017Q2
AGN,190,28,2017Q3
AGN,191,28,2017Q4
AGN,192,28,2018Q1
AGN,193,28,2018Q2
AGN,194,28,2018Q3
AGN,195,28,2018Q4
AGN,196,28,2019Q1
AGN,197,28,2019Q2
AGN,198,28,2019Q3
AGN,199,28,2019Q4
AGN,200,28,2020Q1
AIG,187,29,2016Q4
AIG,188,29,2017Q1
AIG,189,29,2017Q2
AIG,190,29,2017Q3
AIG,191,29,2017Q4
AIG,192,29,2018Q1
AIG,193,29,2018Q2
AIG,194,29,2018Q3
AIG,195,29,2018Q4
AIG,196,29,2019Q1
AIG,197,29,2019Q2
AIG,198,29,2019Q3
AIG,199,29,2019Q4
AIG,200,29,2020Q1
AIG,201,29,2020Q2
AIG,202,29,2020Q3
AIG,203,29,2020Q4
AIG,204,29,2021Q1
AIG,205,29,2021Q2
AIG,206,29,2021Q3
AIG,207,29,2021Q4
AIG,208,29,2022Q1
AIG,209,29,2022Q2
AIG,210,29,2022Q3
AIG,211,29,2022Q4
AIG,212,29,2023Q1
AIG,213,29,2023Q2
AIG,214,29,2023Q3
AIG,215,29,2023Q4
AIG,216,29,2024Q1
AIG,217,29,2024Q2
AIG,218,29,2024Q3
AIG,219,29,2024Q4
AIG,220,29,2025Q1
AIG,221,29,2025Q2
AIG,222,29,2025Q3
AIG,223,29,2025Q4
AIG,224,29,2026Q1
AIG,225,29,2026Q2
AIV,187,30,2016Q4
AIV,188,30,2017Q1
AIV,189,30,2017Q2
AIV,190,30,2017Q3
AIV,191,30,2017Q4
AIV,192,30,2018Q1
AIV,193,30,2018Q2
AIV,194,30,2018Q3
AIV,195,30,2018Q4
AIV,196,30,2019Q1
AIV,197,30,2019Q2
AIV,198,30,2019Q3
AIV,199,30,2019Q4
AIV,200,30,2020Q1
AIV,201,30,2020Q2
AIV,202,30,2020Q3
AIZ,187,31,2016Q4
AIZ,188,31,2017Q1
AIZ,189,31,2017Q2
AIZ,190,31,2017Q3
AIZ,191,31,2017Q4
AIZ,192,31,2018Q1
AIZ,193,31,2018Q2
AIZ,194,31,2018Q3
AIZ,195,31,2018Q4
AIZ,196,31,2019Q1
AIZ,197,31,2019Q2
AIZ,198,31,2019Q3
AIZ,199,31,2019Q4
AIZ,200,31,2020Q1
AIZ,201,31,2020Q2
AIZ,202,31,2020Q3
AIZ,203,31,2020Q4
AIZ,204,31,2021Q1
AIZ,205,31,2021Q2
AIZ,206,31,2021Q3
AIZ,207,31,2021Q4
AIZ,208,31,2022Q1
AIZ,209,31,2022Q2
AIZ,210,31,2022Q3
AIZ,211,31,2022Q4
AIZ,212,31,2023Q1
AIZ,213,31,2023Q2
AIZ,214,31,2023Q3
AIZ,215,31,2023Q4
AIZ,216,31,2024Q1
AIZ,217,31,2024Q2
AIZ,218,31,2024Q3
AIZ,219,31,2024Q4
AIZ,220,31,2025Q1
AIZ,221,31,2025Q2
AIZ,222,31,2025Q3
AIZ,223,31,2025Q4
AIZ,224,31,2026Q1
AIZ,225,31,2026Q2
AJG,187,32,2016Q4
AJG,188,32,2017Q1
AJG,189,32,2017Q2
AJG,190,32,2017Q3
AJG,191,32,2017Q4
AJG,192,32,2018Q1
AJG,193,32,2018Q2
AJG,194,32,2018Q3
AJG,195,32,2018Q4
AJG,196,32,2019Q1
AJG,197,32,2019Q2
AJG,198,32,2019Q3
AJG,199,32,2019Q4
AJG,200,32,2020Q1
AJG,201,32,2020Q2
AJG,202,32,2020Q3
AJG,203,32,2020Q4
AJG,204,32,2021Q1
AJG,205,32,2021Q2
AJG,206,32,2021Q3
AJG,207,32,2021Q4
AJG,208,32,2022Q1
AJG,209,32,2022Q2
AJG,210,32,2022Q3
AJG,211,32,2022Q4
AJG,212,32,2023Q1
AJG,213,32,2023Q2
AJG,214,32,2023Q3
AJG,215,32,2023Q4
AJG,216,32,2024Q1
AJG,217,32,2024Q2
AJG,218,32,2024Q3
AJG,219,32,2024Q4
AJG,220,32,2025Q1
AJG,221,32,2025Q2
AJG,222,32,2025Q3
AJG,223,32,2025Q4
AJG,224,32,2026Q1
AJG,225,32,2026Q2
AKAM,187,33,2016Q4
AKAM,188,33,2017Q1
AKAM,189,33,2017Q2
AKAM,190,33,2017Q3
AKAM,191,33,2017Q4
AKAM,192,33,2018Q1
AKAM,193,33,2018Q2
AKAM,194,33,2018Q3
AKAM,195,33,2018Q4
AKAM,196,33,2019Q1
AKAM,197,33,2019Q2
AKAM,198,33,2019Q3
AKAM,199,33,2019Q4
AKAM,200,33,2020Q1
AKAM,201,33,2020Q2
AKAM,202,33,2020Q3
AKAM,203,33,2020Q4
AKAM,204,33,2021Q1
AKAM,205,33,2021Q2
AKAM,206,33,2021Q3
AKAM,207,33,2021Q4
AKAM,208,33,2022Q1
AKAM,209,33,2022Q2
AKAM,210,33,2022Q3
AKAM,211,33,2022Q4
AKAM,212,33,2023Q1
AKAM,213,33,2023Q2
AKAM,214,33,2023Q3
AKAM,215,33,2023Q4
AKAM,216,33,2024Q1
AKAM,217,33,2024Q2
AKAM,218,33,2024Q3
AKAM,219,33,2024Q4
AKAM,220,33,2025Q1
AKAM,221,33,2025Q2
AKAM,222,33,2025Q3
AKAM,223,33,2025Q4
AKAM,224,33,2026Q1
AKAM,225,33,2026Q2
ALB,187,35,2016Q4
ALB,188,35,2017Q1
ALB,189,35,2017Q2
ALB,190,35,2017Q3
ALB,191,35,2017Q4
ALB,192,35,2018Q1
ALB,193,35,2018Q2
ALB,194,35,2018Q3
ALB,195,35,2018Q4
ALB,196,35,2019Q1
ALB,197,35,2019Q2
ALB,198,35,2019Q3
ALB,199,35,2019Q4
ALB,200,35,2020Q1
ALB,201,35,2020Q2
ALB,202,35,2020Q3
ALB,203,35,2020Q4
ALB,204,35,2021Q1
ALB,205,35,2021Q2
ALB,206,35,2021Q3
ALB,207,35,2021Q4
ALB,208,35,2022Q1
ALB,209,35,2022Q2
ALB,210,35,2022Q3
ALB,211,35,2022Q4
ALB,212,35,2023Q1
ALB,213,35,2023Q2
ALB,214,35,2023Q3
ALB,215,35,2023Q4
ALB,216,35,2024Q1
ALB,217,35,2024Q2
ALB,218,35,2024Q3
ALB,219,35,2024Q4
ALB,220,35,2025Q1
ALB,221,35,2025Q2
ALB,222,35,2025Q3
ALB,223,35,2025Q4
ALB,224,35,2026Q1
ALB,225,35,2026Q2
ALGN,189,36,2017Q2
ALGN,190,36,2017Q3
ALGN,191,36,2017Q4
ALGN,192,36,2018Q1
ALGN,193,36,2018Q2
ALGN,194,36,2018Q3
ALGN,195,36,2018Q4
ALGN,196,36,2019Q1
ALGN,197,36,2019Q2
ALGN,198,36,2019Q3
ALGN,199,36,2019Q4
ALGN,200,36,2020Q1
ALGN,201,36,2020Q2
ALGN,202,36,2020Q3
ALGN,203,36,2020Q4
ALGN,204,36,2021Q1
ALGN,205,36,2021Q2
ALGN,206,36,2021Q3
ALGN,207,36,2021Q4
ALGN,208,36,2022Q1
ALGN,209,36,2022Q2
ALGN,210,36,2022Q3
ALGN,211,36,2022Q4
ALGN,212,36,2023Q1
ALGN,213,36,2023Q2
ALGN,214,36,2023Q3
ALGN,215,36,2023Q4
ALGN,216,36,2024Q1
ALGN,217,36,2024Q2
ALGN,218,36,2024Q3
ALGN,219,36,2024Q4
ALGN,220,36,2025Q1
ALGN,221,36,2025Q2
ALGN,222,36,2025Q3
ALGN,223,36,2025Q4
ALGN,224,36,2026Q1
ALGN,225,36,2026Q2
ALK,187,37,2016Q4
ALK,188,37,2017Q1
ALK,189,37,2017Q2
ALK,190,37,2017Q3
ALK,191,37,2017Q4
ALK,192,37,2018Q1
ALK,193,37,2018Q2
ALK,194,37,2018Q3
ALK,195,37,2018Q4
ALK,196,37,2019Q1
ALK,197,37,2019Q2
ALK,198,37,2019Q3
ALK,199,37,2019Q4
ALK,200,37,2020Q1
ALK,201,37,2020Q2
ALK,202,37,2020Q3
ALK,203,37,2020Q4
ALK,204,37,2021Q1
ALK,205,37,2021Q2
ALK,206,37,2021Q3
ALK,207,37,2021Q4
ALK,208,37,2022Q1
ALK,209,37,2022Q2
ALK,210,37,2022Q3
ALK,211,37,2022Q4
ALK,212,37,2023Q1
ALK,213,37,2023Q2
ALK,214,37,2023Q3
ALL,187,38,2016Q4
ALL,188,38,2017Q1
ALL,189,38,2017Q2
ALL,190,38,2017Q3
ALL,191,38,2017Q4
ALL,192,38,2018Q1
ALL,193,38,2018Q2
ALL,194,38,2018Q3
ALL,195,38,2018Q4
ALL,196,38,2019Q1
ALL,197,38,2019Q2
ALL,198,38,2019Q3
ALL,199,38,2019Q4
ALL,200,38,2020Q1
ALL,201,38,2020Q2
ALL,202,38,2020Q3
ALL,203,38,2020Q4
ALL,204,38,2021Q1
ALL,205,38,2021Q2
ALL,206,38,2021Q3
ALL,207,38,2021Q4
ALL,208,38,2022Q1
ALL,209,38,2022Q2
ALL,210,38,2022Q3
ALL,211,38,2022Q4
ALL,212,38,2023Q1
ALL,213,38,2023Q2
ALL,214,38,2023Q3
ALL,215,38,2023Q4
ALL,216,38,2024Q1
ALL,217,38,2024Q2
ALL,218,38,2024Q3
ALL,219,38,2024Q4
ALL,220,38,2025Q1
ALL,221,38,2025Q2
ALL,222,38,2025Q3
ALL,223,38,2025Q4
ALL,224,38,2026Q1
ALL,225,38,2026Q2
ALLE,187,39,2016Q4
ALLE,188,39,2017Q1
ALLE,189,39,2017Q2
ALLE,190,39,2017Q3
ALLE,191,39,2017Q4
ALLE,192,39,2018Q1
ALLE,193,39,2018Q2
ALLE,194,39,2018Q3
ALLE,195,39,2018Q4
ALLE,196,39,2019Q1
ALLE,197,39,2019Q2
ALLE,198,39,2019Q3
ALLE,199,39,2019Q4
ALLE,200,39,2020Q1
ALLE,201,39,2020Q2
ALLE,202,39,2020Q3
ALLE,203,39,2020Q4
ALLE,204,39,2021Q1
ALLE,205,39,2021Q2
ALLE,206,39,2021Q3
ALLE,207,39,2021Q4
ALLE,208,39,2022Q1
ALLE,209,39,2022Q2
ALLE,210,39,2022Q3
ALLE,211,39,2022Q4
ALLE,212,39,2023Q1
ALLE,213,39,2023Q2
ALLE,214,39,2023Q3
ALLE,215,39,2023Q4
ALLE,216,39,2024Q1
ALLE,217,39,2024Q2
ALLE,218,39,2024Q3
ALLE,219,39,2024Q4
ALLE,220,39,2025Q1
ALLE,221,39,2025Q2
ALLE,222,39,2025Q3
ALLE,223,39,2025Q4
ALLE,224,39,2026Q1
ALLE,225,39,2026Q2
ALXN,187,41,2016Q4
ALXN,188,41,2017Q1
ALXN,189,41,2017Q2
ALXN,190,41,2017Q3
ALXN,191,41,2017Q4
ALXN,192,41,2018Q1
ALXN,193,41,2018Q2
ALXN,194,41,2018Q3
ALXN,195,41,2018Q4
ALXN,196,41,2019Q1
ALXN,197,41,2019Q2
ALXN,198,41,2019Q3
ALXN,199,41,2019Q4
ALXN,200,41,2020Q1
ALXN,201,41,2020Q2
ALXN,202,41,2020Q3
ALXN,203,41,2020Q4
ALXN,204,41,2021Q1
ALXN,205,41,2021Q2
AMAT,187,42,2016Q4
AMAT,188,42,2017Q1
AMAT,189,42,2017Q2
AMAT,190,42,2017Q3
AMAT,191,42,2017Q4
AMAT,192,42,2018Q1
AMAT,193,42,2018Q2
AMAT,194,42,2018Q3
AMAT,195,42,2018Q4
AMAT,196,42,2019Q1
AMAT,197,42,2019Q2
AMAT,198,42,2019Q3
AMAT,199,42,2019Q4
AMAT,200,42,2020Q1
AMAT,201,42,2020Q2
AMAT,202,42,2020Q3
AMAT,203,42,2020Q4
AMAT,204,42,2021Q1
AMAT,205,42,2021Q2
AMAT,206,42,2021Q3
AMAT,207,42,2021Q4
AMAT,208,42,2022Q1
AMAT,209,42,2022Q2
AMAT,210,42,2022Q3
AMAT,211,42,2022Q4
AMAT,212,42,2023Q1
AMAT,213,42,2023Q2
AMAT,214,42,2023Q3
AMAT,215,42,2023Q4
AMAT,216,42,2024Q1
AMAT,217,42,2024Q2
AMAT,218,42,2024Q3
AMAT,219,42,2024Q4
AMAT,220,42,2025Q1
AMAT,221,42,2025Q2
AMAT,222,42,2025Q3
AMAT,223,42,2025Q4
AMAT,224,42,2026Q1
AMAT,225,42,2026Q2
AMCR,197,43,2019Q2
AMCR,198,43,2019Q3
AMCR,199,43,2019Q4
AMCR,200,43,2020Q1
AMCR,201,43,2020Q2
AMCR,202,43,2020Q3
AMCR,203,43,2020Q4
AMCR,204,43,2021Q1
AMCR,205,43,2021Q2
AMCR,206,43,2021Q3
AMCR,207,43,2021Q4
AMCR,208,43,2022Q1
AMCR,209,43,2022Q2
AMCR,210,43,2022Q3
AMCR,211,43,2022Q4
AMCR,212,43,2023Q1
AMCR,213,43,2023Q2
AMCR,214,43,2023Q3
AMCR,215,43,2023Q4
AMCR,216,43,2024Q1
AMCR,217,43,2024Q2
AMCR,218,43,2024Q3
AMCR,219,43,2024Q4
AMCR,220,43,2025Q1
AMCR,221,43,2025Q2
AMCR,222,43,2025Q3
AMCR,223,43,2025Q4
AMCR,224,43,2026Q1
AMCR,225,43,2026Q2
AMD,188,45,2017Q1
AMD,189,45,2017Q2
AMD,190,45,2017Q3
AMD,191,45,2017Q4
AMD,192,45,2018Q1
AMD,193,45,2018Q2
AMD,194,45,2018Q3
AMD,195,45,2018Q4
AMD,196,45,2019Q1
AMD,197,45,2019Q2
AMD,198,45,2019Q3
AMD,199,45,2019Q4
AMD,200,45,2020Q1
AMD,201,45,2020Q2
AMD,202,45,2020Q3
AMD,203,45,2020Q4
AMD,204,45,2021Q1
AMD,205,45,2021Q2
AMD,206,45,2021Q3
AMD,207,45,2021Q4
AMD,208,45,2022Q1
AMD,209,45,2022Q2
AMD,210,45,2022Q3
AMD,211,45,2022Q4
AMD,212,45,2023Q1
AMD,213,45,2023Q2
AMD,214,45,2023Q3
AMD,215,45,2023Q4
AMD,216,45,2024Q1
AMD,217,45,2024Q2
AMD,218,45,2024Q3
AMD,219,45,2024Q4
AMD,220,45,2025Q1
AMD,221,45,2025Q2
AMD,222,45,2025Q3
AMD,223,45,2025Q4
AMD,224,45,2026Q1
AMD,225,45,2026Q2
AME,187,46,2016Q4
AME,188,46,2017Q1
AME,189,46,2017Q2
AME,190,46,2017Q3
AME,191,46,2017Q4
AME,192,46,2018Q1
AME,193,46,2018Q2
AME,194,46,2018Q3
AME,195,46,2018Q4
AME,196,46,2019Q1
AME,197,46,2019Q2
AME,198,46,2019Q3
AME,199,46,2019Q4
AME,200,46,2020Q1
AME,201,46,2020Q2
AME,202,46,2020Q3
AME,203,46,2020Q4
AME,204,46,2021Q1
AME,205,46,2021Q2
AME,206,46,2021Q3
AME,207,46,2021Q4
AME,208,46,2022Q1
AME,209,46,2022Q2
AME,210,46,2022Q3
AME,211,46,2022Q4
AME,212,46,2023Q1
AME,213,46,2023Q2
AME,214,46,2023Q3
AME,215,46,2023Q4
AME,216,46,2024Q1
AME,217,46,2024Q2
AME,218,46,2024Q3
AME,219,46,2024Q4
AME,220,46,2025Q1
AME,221,46,2025Q2
AME,222,46,2025Q3
AME,223,46,2025Q4
AME,224,46,2026Q1
AME,225,46,2026Q2
AMG,187,47,2016Q4
AMG,188,47,2017Q1
AMG,189,47,2017Q2
AMG,190,47,2017Q3
AMG,191,47,2017Q4
AMG,192,47,2018Q1
AMG,193,47,2018Q2
AMG,194,47,2018Q3
AMG,195,47,2018Q4
AMG,196,47,2019Q1
AMG,197,47,2019Q2
AMG,198,47,2019Q3
AMGN,187,48,2016Q4
AMGN,188,48,2017Q1
AMGN,189,48,2017Q2
AMGN,190,48,2017Q3
AMGN,191,48,2017Q4
AMGN,192,48,2018Q1
AMGN,193,48,2018Q2
AMGN,194,48,2018Q3
AMGN,195,48,2018Q4
AMGN,196,48,2019Q1
AMGN,197,48,2019Q2
AMGN,198,48,2019Q3
AMGN,199,48,2019Q4
AMGN,200,48,2020Q1
AMGN,201,48,2020Q2
AMGN,202,48,2020Q3
AMGN,203,48,2020Q4
AMGN,204,48,2021Q1
AMGN,205,48,2021Q2
AMGN,206,48,2021Q3
AMGN,207,48,2021Q4
AMGN,208,48,2022Q1
AMGN,209,48,2022Q2
AMGN,210,48,2022Q3
AMGN,211,48,2022Q4
AMGN,212,48,2023Q1
AMGN,213,48,2023Q2
AMGN,214,48,2023Q3
AMGN,215,48,2023Q4
AMGN,216,48,2024Q1
AMGN,217,48,2024Q2
AMGN,218,48,2024Q3
AMGN,219,48,2024Q4
AMGN,220,48,2025Q1
AMGN,221,48,2025Q2
AMGN,222,48,2025Q3
AMGN,223,48,2025Q4
AMGN,224,48,2026Q1
AMGN,225,48,2026Q2
AMP,187,49,2016Q4
AMP,188,49,2017Q1
AMP,189,49,2017Q2
AMP,190,49,2017Q3
AMP,191,49,2017Q4
AMP,192,49,2018Q1
AMP,193,49,2018Q2
AMP,194,49,2018Q3
AMP,195,49,2018Q4
AMP,196,49,2019Q1
AMP,197,49,2019Q2
AMP,198,49,2019Q3
AMP,199,49,2019Q4
AMP,200,49,2020Q1
AMP,201,49,2020Q2
AMP,202,49,2020Q3
AMP,203,49,2020Q4
AMP,204,49,2021Q1
AMP,205,49,2021Q2
AMP,206,49,2021Q3
AMP,207,49,2021Q4
AMP,208,49,2022Q1
AMP,209,49,2022Q2
AMP,210,49,2022Q3
AMP,211,49,2022Q4
AMP,212,49,2023Q1
AMP,213,49,2023Q2
AMP,214,49,2023Q3
AMP,215,49,2023Q4
AMP,216,49,2024Q1
AMP,217,49,2024Q2
AMP,218,49,2024Q3
AMP,219,49,2024Q4
AMP,220,49,2025Q1
AMP,221,49,2025Q2
AMP,222,49,2025Q3
AMP,223,49,2025Q4
AMP,224,49,2026Q1
AMP,225,49,2026Q2
AMT,187,50,2016Q4
AMT,188,50,2017Q1
AMT,189,50,2017Q2
AMT,190,50,2017Q3
AMT,191,50,2017Q4
AMT,192,50,2018Q1
AMT,193,50,2018Q2
AMT,194,50,2018Q3
AMT,195,50,2018Q4
AMT,196,50,2019Q1
AMT,197,50,2019Q2
AMT,198,50,2019Q3
AMT,199,50,2019Q4
AMT,200,50,2020Q1
AMT,201,50,2020Q2
AMT,202,50,2020Q3
AMT,203,50,2020Q4
AMT,204,50,2021Q1
AMT,205,50,2021Q2
AMT,206,50,2021Q3
AMT,207,50,2021Q4
AMT,208,50,2022Q1
AMT,209,50,2022Q2
AMT,210,50,2022Q3
AMT,211,50,2022Q4
AMT,212,50,2023Q1
AMT,213,50,2023Q2
AMT,214,50,2023Q3
AMT,215,50,2023Q4
AMT,216,50,2024Q1
AMT,217,50,2024Q2
AMT,218,50,2024Q3
AMT,219,50,2024Q4
AMT,220,50,2025Q1
AMT,221,50,2025Q2
AMT,222,50,2025Q3
AMT,223,50,2025Q4
AMT,224,50,2026Q1
AMT,225,50,2026Q2
AMTM,218,51,2024Q3
AMZN,187,52,2016Q4
AMZN,188,52,2017Q1
AMZN,189,52,2017Q2
AMZN,190,52,2017Q3
AMZN,191,52,2017Q4
AMZN,192,52,2018Q1
AMZN,193,52,2018Q2
AMZN,194,52,2018Q3
AMZN,195,52,2018Q4
AMZN,196,52,2019Q1
AMZN,197,52,2019Q2
AMZN,198,52,2019Q3
AMZN,199,52,2019Q4
AMZN,200,52,2020Q1
AMZN,201,52,2020Q2
AMZN,202,52,2020Q3
AMZN,203,52,2020Q4
AMZN,204,52,2021Q1
AMZN,205,52,2021Q2
AMZN,206,52,2021Q3
AMZN,207,52,2021Q4
AMZN,208,52,2022Q1
AMZN,209,52,2022Q2
AMZN,210,52,2022Q3
AMZN,211,52,2022Q4
AMZN,212,52,2023Q1
AMZN,213,52,2023Q2
AMZN,214,52,2023Q3
AMZN,215,52,2023Q4
AMZN,216,52,2024Q1
AMZN,217,52,2024Q2
AMZN,218,52,2024Q3
AMZN,219,52,2024Q4
AMZN,220,52,2025Q1
AMZN,221,52,2025Q2
AMZN,222,52,2025Q3
AMZN,223,52,2025Q4
AMZN,224,52,2026Q1
AMZN,225,52,2026Q2
AN,187,53,2016Q4
AN,188,53,2017Q1
AN,189,53,2017Q2
ANDV,187,54,2016Q4
ANDV,188,54,2017Q1
ANDV,189,54,2017Q2
ANDV,190,54,2017Q3
ANDV,191,54,2017Q4
ANDV,192,54,2018Q1
ANDV,193,54,2018Q2
ANDV,194,54,2018Q3
ANET,194,55,2018Q3
ANET,195,55,2018Q4
ANET,196,55,2019Q1
ANET,197,55,2019Q2
ANET,198,55,2019Q3
ANET,199,55,2019Q4
ANET,200,55,2020Q1
ANET,201,55,2020Q2
ANET,202,55,2020Q3
ANET,203,55,2020Q4
ANET,204,55,2021Q1
ANET,205,55,2021Q2
ANET,206,55,2021Q3
ANET,207,55,2021Q4
ANET,208,55,2022Q1
ANET,209,55,2022Q2
ANET,210,55,2022Q3
ANET,211,55,2022Q4
ANET,212,55,2023Q1
ANET,213,55,2023Q2
ANET,214,55,2023Q3
ANET,215,55,2023Q4
ANET,216,55,2024Q1
ANET,217,55,2024Q2
ANET,218,55,2024Q3
ANET,219,55,2024Q4
ANET,220,55,2025Q1
ANET,221,55,2025Q2
ANET,222,55,2025Q3
ANET,223,55,2025Q4
ANET,224,55,2026Q1
ANET,225,55,2026Q2
ANSS,189,58,2017Q2
ANSS,190,58,2017Q3
ANSS,191,58,2017Q4
ANSS,192,58,2018Q1
ANSS,193,58,2018Q2
ANSS,194,58,2018Q3
ANSS,195,58,2018Q4
ANSS,196,58,2019Q1
ANSS,197,58,2019Q2
ANSS,198,58,2019Q3
ANSS,199,58,2019Q4
ANSS,200,58,2020Q1
ANSS,201,58,2020Q2
ANSS,202,58,2020Q3
ANSS,203,58,2020Q4
ANSS,204,58,2021Q1
ANSS,205,58,2021Q2
ANSS,206,58,2021Q3
ANSS,207,58,2021Q4
ANSS,208,58,2022Q1
ANSS,209,58,2022Q2
ANSS,210,58,2022Q3
ANSS,211,58,2022Q4
ANSS,212,58,2023Q1
ANSS,213,58,2023Q2
ANSS,214,58,2023Q3
ANSS,215,58,2023Q4
ANSS,216,58,2024Q1
ANSS,217,58,2024Q2
ANSS,218,58,2024Q3
ANSS,219,58,2024Q4
ANSS,220,58,2025Q1
ANSS,221,58,2025Q2
AON,187,59,2016Q4
AON,188,59,2017Q1
AON,189,59,2017Q2
AON,190,59,2017Q3
AON,191,59,2017Q4
AON,192,59,2018Q1
AON,193,59,2018Q2
AON,194,59,2018Q3
AON,195,59,2018Q4
AON,196,59,2019Q1
AON,197,59,2019Q2
AON,198,59,2019Q3
AON,199,59,2019Q4
AON,200,59,2020Q1
AON,201,59,2020Q2
AON,202,59,2020Q3
AON,203,59,2020Q4
AON,204,59,2021Q1
AON,205,59,2021Q2
AON,206,59,2021Q3
AON,207,59,2021Q4
AON,208,59,2022Q1
AON,209,59,2022Q2
AON,210,59,2022Q3
AON,211,59,2022Q4
AON,212,59,2023Q1
AON,213,59,2023Q2
AON,214,59,2023Q3
AON,215,59,2023Q4
AON,216,59,2024Q1
AON,217,59,2024Q2
AON,218,59,2024Q3
AON,219,59,2024Q4
AON,220,59,2025Q1
AON,221,59,2025Q2
AON,222,59,2025Q3
AON,223,59,2025Q4
AON,224,59,2026Q1
AON,225,59,2026Q2
AOS,190,60,2017Q3
AOS,191,60,2017Q4
AOS,192,60,2018Q1
AOS,193,60,2018Q2
AOS,194,60,2018Q3
AOS,195,60,2018Q4
AOS,196,60,2019Q1
AOS,197,60,2019Q2
AOS,198,60,2019Q3
AOS,199,60,2019Q4
AOS,200,60,2020Q1
AOS,201,60,2020Q2
AOS,202,60,2020Q3
AOS,203,60,2020Q4
AOS,204,60,2021Q1
AOS,205,60,2021Q2
AOS,206,60,2021Q3
AOS,207,60,2021Q4
AOS,208,60,2022Q1
AOS,209,60,2022Q2
AOS,210,60,2022Q3
AOS,211,60,2022Q4
AOS,212,60,2023Q1
AOS,213,60,2023Q2
AOS,214,60,2023Q3
AOS,215,60,2023Q4
AOS,216,60,2024Q1
AOS,217,60,2024Q2
AOS,218,60,2024Q3
AOS,219,60,2024Q4
AOS,220,60,2025Q1
AOS,221,60,2025Q2
AOS,222,60,2025Q3
AOS,223,60,2025Q4
AOS,224,60,2026Q1
AOS,225,60,2026Q2
APA,187,61,2016Q4
APA,188,61,2017Q1
APA,189,61,2017Q2
APA,190,61,2017Q3
APA,191,61,2017Q4
APA,192,61,2018Q1
APA,193,61,2018Q2
APA,194,61,2018Q3
APA,195,61,2018Q4
APA,196,61,2019Q1
APA,197,61,2019Q2
APA,198,61,2019Q3
APA,199,61,2019Q4
APA,200,61,2020Q1
APA,201,61,2020Q2
APA,202,61,2020Q3
APA,203,61,2020Q4
APA,204,61,2021Q1
APA,205,61,2021Q2
APA,206,61,2021Q3
APA,207,61,2021Q4
APA,208,61,2022Q1
APA,209,61,2022Q2
APA,210,61,2022Q3
APA,211,61,2022Q4
APA,212,61,2023Q1
APA,213,61,2023Q2
APA,214,61,2023Q3
APA,215,61,2023Q4
APA,216,61,2024Q1
APA,217,61,2024Q2
APA,218,61,2024Q3
APA,219,61,2024Q4
APA,220,61,2025Q1
APA,221,61,2025Q2
APA,222,61,2025Q3
APA,223,61,2025Q4
APA,224,61,2026Q1
APA,225,61,2026Q2
APC,187,62,2016Q4
APC,188,62,2017Q1
APC,189,62,2017Q2
APC,190,62,2017Q3
APC,191,62,2017Q4
APC,192,62,2018Q1
APC,193,62,2018Q2
APC,194,62,2018Q3
APC,195,62,2018Q4
APC,196,62,2019Q1
APC,197,62,2019Q2
APD,187,63,2016Q4
APD,188,63,2017Q1
APD,189,63,2017Q2
APD,190,63,2017Q3
APD,191,63,2017Q4
APD,192,63,2018Q1
APD,193,63,2018Q2
APD,194,63,2018Q3
APD,195,63,2018Q4
APD,196,63,2019Q1
APD,197,63,2019Q2
APD,198,63,2019Q3
APD,199,63,2019Q4
APD,200,63,2020Q1
APD,201,63,2020Q2
APD,202,63,2020Q3
APD,203,63,2020Q4
APD,204,63,2021Q1
APD,205,63,2021Q2
APD,206,63,2021Q3
APD,207,63,2021Q4
APD,208,63,2022Q1
APD,209,63,2022Q2
APD,210,63,2022Q3
APD,211,63,2022Q4
APD,212,63,2023Q1
APD,213,63,2023Q2
APD,214,63,2023Q3
APD,215,63,2023Q4
APD,216,63,2024Q1
APD,217,63,2024Q2
APD,218,63,2024Q3
APD,219,63,2024Q4
APD,220,63,2025Q1
APD,221,63,2025Q2
APD,222,63,2025Q3
APD,223,63,2025Q4
APD,224,63,2026Q1
APD,225,63,2026Q2
APH,187,64,2016Q4
APH,188,64,2017Q1
APH,189,64,2017Q2
APH,190,64,2017Q3
APH,191,64,2017Q4
APH,192,64,2018Q1
APH,193,64,2018Q2
APH,194,64,2018Q3
APH,195,64,2018Q4
APH,196,64,2019Q1
APH,197,64,2019Q2
APH,198,64,2019Q3
APH,199,64,2019Q4
APH,200,64,2020Q1
APH,201,64,2020Q2
APH,202,64,2020Q3
APH,203,64,2020Q4
APH,204,64,2021Q1
APH,205,64,2021Q2
APH,206,64,2021Q3
APH,207,64,2021Q4
APH,208,64,2022Q1
APH,209,64,2022Q2
APH,210,64,2022Q3
APH,211,64,2022Q4
APH,212,64,2023Q1
APH,213,64,2023Q2
APH,214,64,2023Q3
APH,215,64,2023Q4
APH,216,64,2024Q1
APH,217,64,2024Q2
APH,218,64,2024Q3
APH,219,64,2024Q4
APH,220,64,2025Q1
APH,221,64,2025Q2
APH,222,64,2025Q3
APH,223,64,2025Q4
APH,224,64,2026Q1
APH,225,64,2026Q2
APO,219,65,2024Q4
APO,220,65,2025Q1
APO,221,65,2025Q2
APO,222,65,2025Q3
APO,223,65,2025Q4
APO,224,65,2026Q1
APO,225,65,2026Q2
APP,222,67,2025Q3
APP,223,67,2025Q4
APP,224,67,2026Q1
APP,225,67,2026Q2
APTV,187,68,2016Q4
APTV,188,68,2017Q1
APTV,189,68,2017Q2
APTV,190,68,2017Q3
APTV,191,68,2017Q4
APTV,192,68,2018Q1
APTV,193,68,2018Q2
APTV,194,68,2018Q3
APTV,195,68,2018Q4
APTV,196,68,2019Q1
APTV,197,68,2019Q2
APTV,198,68,2019Q3
APTV,199,68,2019Q4
APTV,200,68,2020Q1
APTV,201,68,2020Q2
APTV,202,68,2020Q3
APTV,203,68,2020Q4
APTV,204,68,2021Q1
APTV,205,68,2021Q2
APTV,206,68,2021Q3
APTV,207,68,2021Q4
APTV,208,68,2022Q1
APTV,209,68,2022Q2
APTV,210,68,2022Q3
APTV,211,68,2022Q4
APTV,212,68,2023Q1
APTV,213,68,2023Q2
APTV,214,68,2023Q3
APTV,215,68,2023Q4
APTV,216,68,2024Q1
APTV,217,68,2024Q2
APTV,218,68,2024Q3
APTV,219,68,2024Q4
APTV,220,68,2025Q1
APTV,221,68,2025Q2
APTV,222,68,2025Q3
APTV,223,68,2025Q4
APTV,224,68,2026Q1
APTV,225,68,2026Q2
ARE,188,69,2017Q1
ARE,189,69,2017Q2
ARE,190,69,2017Q3
ARE,191,69,2017Q4
ARE,192,69,2018Q1
ARE,193,69,2018Q2
ARE,194,69,2018Q3
ARE,195,69,2018Q4
ARE,196,69,2019Q1
ARE,197,69,2019Q2
ARE,198,69,2019Q3
ARE,199,69,2019Q4
ARE,200,69,2020Q1
ARE,201,69,2020Q2
ARE,202,69,2020Q3
ARE,203,69,2020Q4
ARE,204,69,2021Q1
ARE,205,69,2021Q2
ARE,206,69,2021Q3
ARE,207,69,2021Q4
ARE,208,69,2022Q1
ARE,209,69,2022Q2
ARE,210,69,2022Q3
ARE,211,69,2022Q4
ARE,212,69,2023Q1
ARE,213,69,2023Q2
ARE,214,69,2023Q3
ARE,215,69,2023Q4
ARE,216,69,2024Q1
ARE,217,69,2024Q2
ARE,218,69,2024Q3
ARE,219,69,2024Q4
ARE,220,69,2025Q1
ARE,221,69,2025Q2
ARE,222,69,2025Q3
ARE,223,69,2025Q4
ARE,224,69,2026Q1
ARE,225,69,2026Q2
ARES,223,70,2025Q4
ARES,224,70,2026Q1
ARES,225,70,2026Q2
ARNC,187,72,2016Q4
ARNC,188,72,2017Q1
ARNC,189,72,2017Q2
ARNC,190,72,2017Q3
ARNC,191,72,2017Q4
ARNC,192,72,2018Q1
ARNC,193,72,2018Q2
ARNC,194,72,2018Q3
ARNC,195,72,2018Q4
ARNC,196,72,2019Q1
ARNC,197,72,2019Q2
ARNC,198,72,2019Q3
ARNC,199,72,2019Q4
ARNC,200,72,2020Q1
ATO,196,74,2019Q1
ATO,197,74,2019Q2
ATO,198,74,2019Q3
ATO,199,74,2019Q4
ATO,200,74,2020Q1
ATO,201,74,2020Q2
ATO,202,74,2020Q3
ATO,203,74,2020Q4
ATO,204,74,2021Q1
ATO,205,74,2021Q2
ATO,206,74,2021Q3
ATO,207,74,2021Q4
ATO,208,74,2022Q1
ATO,209,74,2022Q2
ATO,210,74,2022Q3
ATO,211,74,2022Q4
ATO,212,74,2023Q1
ATO,213,74,2023Q2
ATO,214,74,2023Q3
ATO,215,74,2023Q4
ATO,216,74,2024Q1
ATO,217,74,2024Q2
ATO,218,74,2024Q3
ATO,219,74,2024Q4
ATO,220,74,2025Q1
ATO,221,74,2025Q2
ATO,222,74,2025Q3
ATO,223,74,2025Q4
ATO,224,74,2026Q1
ATO,225,74,2026Q2
ATVI,187,75,2016Q4
ATVI,188,75,2017Q1
ATVI,189,75,2017Q2
ATVI,190,75,2017Q3
ATVI,191,75,2017Q4
ATVI,192,75,2018Q1
ATVI,193,75,2018Q2
ATVI,194,75,2018Q3
ATVI,195,75,2018Q4
ATVI,196,75,2019Q1
ATVI,197,75,2019Q2
ATVI,198,75,2019Q3
ATVI,199,75,2019Q4
ATVI,200,75,2020Q1
ATVI,201,75,2020Q2
ATVI,202,75,2020Q3
ATVI,203,75,2020Q4
ATVI,204,75,2021Q1
ATVI,205,75,2021Q2
ATVI,206,75,2021Q3
ATVI,207,75,2021Q4
ATVI,208,75,2022Q1
ATVI,209,75,2022Q2
ATVI,210,75,2022Q3
ATVI,211,75,2022Q4
ATVI,212,75,2023Q1
ATVI,213,75,2023Q2
ATVI,214,75,2023Q3
AVB,187,77,2016Q4
AVB,188,77,2017Q1
AVB,189,77,2017Q2
AVB,190,77,2017Q3
AVB,191,77,2017Q4
AVB,192,77,2018Q1
AVB,193,77,2018Q2
AVB,194,77,2018Q3
AVB,195,77,2018Q4
AVB,196,77,2019Q1
AVB,197,77,2019Q2
AVB,198,77,2019Q3
AVB,199,77,2019Q4
AVB,200,77,2020Q1
AVB,201,77,2020Q2
AVB,202,77,2020Q3
AVB,203,77,2020Q4
AVB,204,77,2021Q1
AVB,205,77,2021Q2
AVB,206,77,2021Q3
AVB,207,77,2021Q4
AVB,208,77,2022Q1
AVB,209,77,2022Q2
AVB,210,77,2022Q3
AVB,211,77,2022Q4
AVB,212,77,2023Q1
AVB,213,77,2023Q2
AVB,214,77,2023Q3
AVB,215,77,2023Q4
AVB,216,77,2024Q1
AVB,217,77,2024Q2
AVB,218,77,2024Q3
AVB,219,77,2024Q4
AVB,220,77,2025Q1
AVB,221,77,2025Q2
AVB,222,77,2025Q3
AVB,223,77,2025Q4
AVB,224,77,2026Q1
AVB,225,77,2026Q2
AVGO,187,78,2016Q4
AVGO,188,78,2017Q1
AVGO,189,78,2017Q2
AVGO,190,78,2017Q3
AVGO,191,78,2017Q4
AVGO,192,78,2018Q1
AVGO,193,78,2018Q2
AVGO,194,78,2018Q3
AVGO,195,78,2018Q4
AVGO,196,78,2019Q1
AVGO,197,78,2019Q2
AVGO,198,78,2019Q3
AVGO,199,78,2019Q4
AVGO,200,78,2020Q1
AVGO,201,78,2020Q2
AVGO,202,78,2020Q3
AVGO,203,78,2020Q4
AVGO,204,78,2021Q1
AVGO,205,78,2021Q2
AVGO,206,78,2021Q3
AVGO,207,78,2021Q4
AVGO,208,78,2022Q1
AVGO,209,78,2022Q2
AVGO,210,78,2022Q3
AVGO,211,78,2022Q4
AVGO,212,78,2023Q1
AVGO,213,78,2023Q2
AVGO,214,78,2023Q3
AVGO,215,78,2023Q4
AVGO,216,78,2024Q1
AVGO,217,78,2024Q2
AVGO,218,78,2024Q3
AVGO,219,78,2024Q4
AVGO,220,78,2025Q1
AVGO,221,78,2025Q2
AVGO,222,78,2025Q3
AVGO,223,78,2025Q4
AVGO,224,78,2026Q1
AVGO,225,78,2026Q2
AVY,187,80,2016Q4
AVY,188,80,2017Q1
AVY,189,80,2017Q2
AVY,190,80,2017Q3
AVY,191,80,2017Q4
AVY,192,80,2018Q1
AVY,193,80,2018Q2
AVY,194,80,2018Q3
AVY,195,80,2018Q4
AVY,196,80,2019Q1
AVY,197,80,2019Q2
AVY,198,80,2019Q3
AVY,199,80,2019Q4
AVY,200,80,2020Q1
AVY,201,80,2020Q2
AVY,202,80,2020Q3
AVY,203,80,2020Q4
AVY,204,80,2021Q1
AVY,205,80,2021Q2
AVY,206,80,2021Q3
AVY,207,80,2021Q4
AVY,208,80,2022Q1
AVY,209,80,2022Q2
AVY,210,80,2022Q3
AVY,211,80,2022Q4
AVY,212,80,2023Q1
AVY,213,80,2023Q2
AVY,214,80,2023Q3
AVY,215,80,2023Q4
AVY,216,80,2024Q1
AVY,217,80,2024Q2
AVY,218,80,2024Q3
AVY,219,80,2024Q4
AVY,220,80,2025Q1
AVY,221,80,2025Q2
AVY,222,80,2025Q3
AVY,223,80,2025Q4
AVY,224,80,2026Q1
AVY,225,80,2026Q2
AWK,187,81,2016Q4
AWK,188,81,2017Q1
AWK,189,81,2017Q2
AWK,190,81,2017Q3
AWK,191,81,2017Q4
AWK,192,81,2018Q1
AWK,193,81,2018Q2
AWK,194,81,2018Q3
AWK,195,81,2018Q4
AWK,196,81,2019Q1
AWK,197,81,2019Q2
AWK,198,81,2019Q3
AWK,199,81,2019Q4
AWK,200,81,2020Q1
AWK,201,81,2020Q2
AWK,202,81,2020Q3
AWK,203,81,2020Q4
AWK,204,81,2021Q1
AWK,205,81,2021Q2
AWK,206,81,2021Q3
AWK,207,81,2021Q4
AWK,208,81,2022Q1
AWK,209,81,2022Q2
AWK,210,81,2022Q3
AWK,211,81,2022Q4
AWK,212,81,2023Q1
AWK,213,81,2023Q2
AWK,214,81,2023Q3
AWK,215,81,2023Q4
AWK,216,81,2024Q1
AWK,217,81,2024Q2
AWK,218,81,2024Q3
AWK,219,81,2024Q4
AWK,220,81,2025Q1
AWK,221,81,2025Q2
AWK,222,81,2025Q3
AWK,223,81,2025Q4
AWK,224,81,2026Q1
AWK,225,81,2026Q2
AXON,213,82,2023Q2
AXON,214,82,2023Q3
AXON,215,82,2023Q4
AXON,216,82,2024Q1
AXON,217,82,2024Q2
AXON,218,82,2024Q3
AXON,219,82,2024Q4
AXON,220,82,2025Q1
AXON,221,82,2025Q2
AXON,222,82,2025Q3
AXON,223,82,2025Q4
AXON,224,82,2026Q1
AXON,225,82,2026Q2
AXP,187,83,2016Q4
AXP,188,83,2017Q1
AXP,189,83,2017Q2
AXP,190,83,2017Q3
AXP,191,83,2017Q4
AXP,192,83,2018Q1
AXP,193,83,2018Q2
AXP,194,83,2018Q3
AXP,195,83,2018Q4
AXP,196,83,2019Q1
AXP,197,83,2019Q2
AXP,198,83,2019Q3
AXP,199,83,2019Q4
AXP,200,83,2020Q1
AXP,201,83,2020Q2
AXP,202,83,2020Q3
AXP,203,83,2020Q4
AXP,204,83,2021Q1
AXP,205,83,2021Q2
AXP,206,83,2021Q3
AXP,207,83,2021Q4
AXP,208,83,2022Q1
AXP,209,83,2022Q2
AXP,210,83,2022Q3
AXP,211,83,2022Q4
AXP,212,83,2023Q1
AXP,213,83,2023Q2
AXP,214,83,2023Q3
AXP,215,83,2023Q4
AXP,216,83,2024Q1
AXP,217,83,2024Q2
AXP,218,83,2024Q3
AXP,219,83,2024Q4
AXP,220,83,2025Q1
AXP,221,83,2025Q2
AXP,222,83,2025Q3
AXP,223,83,2025Q4
AXP,224,83,2026Q1
AXP,225,83,2026Q2
AYI,187,85,2016Q4
AYI,188,85,2017Q1
AYI,189,85,2017Q2
AYI,190,85,2017Q3
AYI,191,85,2017Q4
AYI,192,85,2018Q1
AZO,187,86,2016Q4
AZO,188,86,2017Q1
AZO,189,86,2017Q2
AZO,190,86,2017Q3
AZO,191,86,2017Q4
AZO,192,86,2018Q1
AZO,193,86,2018Q2
AZO,194,86,2018Q3
AZO,195,86,2018Q4
AZO,196,86,2019Q1
AZO,197,86,2019Q2
AZO,198,86,2019Q3
AZO,199,86,2019Q4
AZO,200,86,2020Q1
AZO,201,86,2020Q2
AZO,202,86,2020Q3
AZO,203,86,2020Q4
AZO,204,86,2021Q1
AZO,205,86,2021Q2
AZO,206,86,2021Q3
AZO,207,86,2021Q4
AZO,208,86,2022Q1
AZO,209,86,2022Q2
AZO,210,86,2022Q3
AZO,211,86,2022Q4
AZO,212,86,2023Q1
AZO,213,86,2023Q2
AZO,214,86,2023Q3
AZO,215,86,2023Q4
AZO,216,86,2024Q1
AZO,217,86,2024Q2
AZO,218,86,2024Q3
AZO,219,86,2024Q4
AZO,220,86,2025Q1
AZO,221,86,2025Q2
AZO,222,86,2025Q3
AZO,223,86,2025Q4
AZO,224,86,2026Q1
AZO,225,86,2026Q2
BA,187,87,2016Q4
BA,188,87,2017Q1
BA,189,87,2017Q2
BA,190,87,2017Q3
BA,191,87,2017Q4
BA,192,87,2018Q1
BA,193,87,2018Q2
BA,194,87,2018Q3
BA,195,87,2018Q4
BA,196,87,2019Q1
BA,197,87,2019Q2
BA,198,87,2019Q3
BA,199,87,2019Q4
BA,200,87,2020Q1
BA,201,87,2020Q2
BA,202,87,2020Q3
BA,203,87,2020Q4
BA,204,87,2021Q1
BA,205,87,2021Q2
BA,206,87,2021Q3
BA,207,87,2021Q4
BA,208,87,2022Q1
BA,209,87,2022Q2
BA,210,87,2022Q3
BA,211,87,2022Q4
BA,212,87,2023Q1
BA,213,87,2023Q2
BA,214,87,2023Q3
BA,215,87,2023Q4
BA,216,87,2024Q1
BA,217,87,2024Q2
BA,218,87,2024Q3
BA,219,87,2024Q4
BA,220,87,2025Q1
BA,221,87,2025Q2
BA,222,87,2025Q3
BA,223,87,2025Q4
BA,224,87,2026Q1
BA,225,87,2026Q2
BAC,187,88,2016Q4
BAC,188,88,2017Q1
BAC,189,88,2017Q2
BAC,190,88,2017Q3
BAC,191,88,2017Q4
BAC,192,88,2018Q1
BAC,193,88,2018Q2
BAC,194,88,2018Q3
BAC,195,88,2018Q4
BAC,196,88,2019Q1
BAC,197,88,2019Q2
BAC,198,88,2019Q3
BAC,199,88,2019Q4
BAC,200,88,2020Q1
BAC,201,88,2020Q2
BAC,202,88,2020Q3
BAC,203,88,2020Q4
BAC,204,88,2021Q1
BAC,205,88,2021Q2
BAC,206,88,2021Q3
BAC,207,88,2021Q4
BAC,208,88,2022Q1
BAC,209,88,2022Q2
BAC,210,88,2022Q3
BAC,211,88,2022Q4
BAC,212,88,2023Q1
BAC,213,88,2023Q2
BAC,214,88,2023Q3
BAC,215,88,2023Q4
BAC,216,88,2024Q1
BAC,217,88,2024Q2
BAC,218,88,2024Q3
BAC,219,88,2024Q4
BAC,220,88,2025Q1
BAC,221,88,2025Q2
BAC,222,88,2025Q3
BAC,223,88,2025Q4
BAC,224,88,2026Q1
BAC,225,88,2026Q2
BALL,187,89,2016Q4
BALL,188,89,2017Q1
BALL,189,89,2017Q2
BALL,190,89,2017Q3
BALL,191,89,2017Q4
BALL,192,89,2018Q1
BALL,193,89,2018Q2
BALL,194,89,2018Q3
BALL,195,89,2018Q4
BALL,196,89,2019Q1
BALL,197,89,2019Q2
BALL,198,89,2019Q3
BALL,199,89,2019Q4
BALL,200,89,2020Q1
BALL,201,89,2020Q2
BALL,202,89,2020Q3
BALL,203,89,2020Q4
BALL,204,89,2021Q1
BALL,205,89,2021Q2
BALL,206,89,2021Q3
BALL,207,89,2021Q4
BALL,208,89,2022Q1
BALL,209,89,2022Q2
BALL,210,89,2022Q3
BALL,211,89,2022Q4
BALL,212,89,2023Q1
BALL,213,89,2023Q2
BALL,214,89,2023Q3
BALL,215,89,2023Q4
BALL,216,89,2024Q1
BALL,217,89,2024Q2
BALL,218,89,2024Q3
BALL,219,89,2024Q4
BALL,220,89,2025Q1
BALL,221,89,2025Q2
BALL,222,89,2025Q3
BALL,223,89,2025Q4
BALL,224,89,2026Q1
BALL,225,89,2026Q2
BAX,187,90,2016Q4
BAX,188,90,2017Q1
BAX,189,90,2017Q2
BAX,190,90,2017Q3
BAX,191,90,2017Q4
BAX,192,90,2018Q1
BAX,193,90,2018Q2
BAX,194,90,2018Q3
BAX,195,90,2018Q4
BAX,196,90,2019Q1
BAX,197,90,2019Q2
BAX,198,90,2019Q3
BAX,199,90,2019Q4
BAX,200,90,2020Q1
BAX,201,90,2020Q2
BAX,202,90,2020Q3
BAX,203,90,2020Q4
BAX,204,90,2021Q1
BAX,205,90,2021Q2
BAX,206,90,2021Q3
BAX,207,90,2021Q4
BAX,208,90,2022Q1
BAX,209,90,2022Q2
BAX,210,90,2022Q3
BAX,211,90,2022Q4
BAX,212,90,2023Q1
BAX,213,90,2023Q2
BAX,214,90,2023Q3
BAX,215,90,2023Q4
BAX,216,90,2024Q1
BAX,217,90,2024Q2
BAX,218,90,2024Q3
BAX,219,90,2024Q4
BAX,220,90,2025Q1
BAX,221,90,2025Q2
BAX,222,90,2025Q3
BAX,223,90,2025Q4
BAX,224,90,2026Q1
BAX,225,90,2026Q2
BBBY,187,91,2016Q4
BBBY,188,91,2017Q1
BBBY,189,91,2017Q2
BBWI,187,92,2016Q4
BBWI,188,92,2017Q1
BBWI,189,92,2017Q2
BBWI,190,92,2017Q3
BBWI,191,92,2017Q4
BBWI,192,92,2018Q1
BBWI,193,92,2018Q2
BBWI,194,92,2018Q3
BBWI,195,92,2018Q4
BBWI,196,92,2019Q1
BBWI,197,92,2019Q2
BBWI,198,92,2019Q3
BBWI,199,92,2019Q4
BBWI,200,92,2020Q1
BBWI,201,92,2020Q2
BBWI,202,92,2020Q3
BBWI,203,92,2020Q4
BBWI,204,92,2021Q1
BBWI,205,92,2021Q2
BBWI,206,92,2021Q3
BBWI,207,92,2021Q4
BBWI,208,92,2022Q1
BBWI,209,92,2022Q2
BBWI,210,92,2022Q3
BBWI,211,92,2022Q4
BBWI,212,92,2023Q1
BBWI,213,92,2023Q2
BBWI,214,92,2023Q3
BBWI,215,92,2023Q4
BBWI,216,92,2024Q1
BBWI,217,92,2024Q2
BBWI,218,92,2024Q3
BBY,187,93,2016Q4
BBY,188,93,2017Q1
BBY,189,93,2017Q2
BBY,190,93,2017Q3
BBY,191,93,2017Q4
BBY,192,93,2018Q1
BBY,193,93,2018Q2
BBY,194,93,2018Q3
BBY,195,93,2018Q4
BBY,196,93,2019Q1
BBY,197,93,2019Q2
BBY,198,93,2019Q3
BBY,199,93,2019Q4
BBY,200,93,2020Q1
BBY,201,93,2020Q2
BBY,202,93,2020Q3
BBY,203,93,2020Q4
BBY,204,93,2021Q1
BBY,205,93,2021Q2
BBY,206,93,2021Q3
BBY,207,93,2021Q4
BBY,208,93,2022Q1
BBY,209,93,2022Q2
BBY,210,93,2022Q3
BBY,211,93,2022Q4
BBY,212,93,2023Q1
BBY,213,93,2023Q2
BBY,214,93,2023Q3
BBY,215,93,2023Q4
BBY,216,93,2024Q1
BBY,217,93,2024Q2
BBY,218,93,2024Q3
BBY,219,93,2024Q4
BBY,220,93,2025Q1
BBY,221,93,2025Q2
BBY,222,93,2025Q3
BBY,223,93,2025Q4
BBY,224,93,2026Q1
BBY,225,93,2026Q2
BCR,187,95,2016Q4
BCR,188,95,2017Q1
BCR,189,95,2017Q2
BCR,190,95,2017Q3
BCR,191,95,2017Q4
BDX,187,96,2016Q4
BDX,188,96,2017Q1
BDX,189,96,2017Q2
BDX,190,96,2017Q3
BDX,191,96,2017Q4
BDX,192,96,2018Q1
BDX,193,96,2018Q2
BDX,194,96,2018Q3
BDX,195,96,2018Q4
BDX,196,96,2019Q1
BDX,197,96,2019Q2
BDX,198,96,2019Q3
BDX,199,96,2019Q4
BDX,200,96,2020Q1
BDX,201,96,2020Q2
BDX,202,96,2020Q3
BDX,203,96,2020Q4
BDX,204,96,2021Q1
BDX,205,96,2021Q2
BDX,206,96,2021Q3
BDX,207,96,2021Q4
BDX,208,96,2022Q1
BDX,209,96,2022Q2
BDX,210,96,2022Q3
BDX,211,96,2022Q4
BDX,212,96,2023Q1
BDX,213,96,2023Q2
BDX,214,96,2023Q3
BDX,215,96,2023Q4
BDX,216,96,2024Q1
BDX,217,96,2024Q2
BDX,218,96,2024Q3
BDX,219,96,2024Q4
BDX,220,96,2025Q1
BDX,221,96,2025Q2
BDX,222,96,2025Q3
BDX,223,96,2025Q4
BDX,224,96,2026Q1
BDX,225,96,2026Q2
BEN,187,98,2016Q4
BEN,188,98,2017Q1
BEN,189,98,2017Q2
BEN,190,98,2017Q3
BEN,191,98,2017Q4
BEN,192,98,2018Q1
BEN,193,98,2018Q2
BEN,194,98,2018Q3
BEN,195,98,2018Q4
BEN,196,98,2019Q1
BEN,197,98,2019Q2
BEN,198,98,2019Q3
BEN,199,98,2019Q4
BEN,200,98,2020Q1
BEN,201,98,2020Q2
BEN,202,98,2020Q3
BEN,203,98,2020Q4
BEN,204,98,2021Q1
BEN,205,98,2021Q2
BEN,206,98,2021Q3
BEN,207,98,2021Q4
BEN,208,98,2022Q1
BEN,209,98,2022Q2
BEN,210,98,2022Q3
BEN,211,98,2022Q4
BEN,212,98,2023Q1
BEN,213,98,2023Q2
BEN,214,98,2023Q3
BEN,215,98,2023Q4
BEN,216,98,2024Q1
BEN,217,98,2024Q2
BEN,218,98,2024Q3
BEN,219,98,2024Q4
BEN,220,98,2025Q1
BEN,221,98,2025Q2
BEN,222,98,2025Q3
BEN,223,98,2025Q4
BEN,224,98,2026Q1
BEN,225,98,2026Q2
BF.B,187,99,2016Q4
BF.B,188,99,2017Q1
BF.B,189,99,2017Q2
BF.B,190,99,2017Q3
BF.B,191,99,2017Q4
BF.B,192,99,2018Q1
BF.B,193,99,2018Q2
BF.B,194,99,2018Q3
BF.B,195,99,2018Q4
BF.B,196,99,2019Q1
BF.B,197,99,2019Q2
BF.B,198,99,2019Q3
BF.B,199,99,2019Q4
BF.B,200,99,2020Q1
BF.B,201,99,2020Q2
BF.B,202,99,2020Q3
BF.B,203,99,2020Q4
BF.B,204,99,2021Q1
BF.B,205,99,2021Q2
BF.B,206,99,2021Q3
BF.B,207,99,2021Q4
BF.B,208,99,2022Q1
BF.B,209,99,2022Q2
BF.B,210,99,2022Q3
BF.B,211,99,2022Q4
BF.B,212,99,2023Q1
BF.B,213,99,2023Q2
BF.B,214,99,2023Q3
BF.B,215,99,2023Q4
BF.B,216,99,2024Q1
BF.B,217,99,2024Q2
BF.B,218,99,2024Q3
BF.B,219,99,2024Q4
BF.B,220,99,2025Q1
BF.B,221,99,2025Q2
BF.B,222,99,2025Q3
BF.B,223,99,2025Q4
BF.B,224,99,2026Q1
BF.B,225,99,2026Q2
BG,212,100,2023Q1
BG,213,100,2023Q2
BG,214,100,2023Q3
BG,215,100,2023Q4
BG,216,100,2024Q1
BG,217,100,2024Q2
BG,218,100,2024Q3
BG,219,100,2024Q4
BG,220,100,2025Q1
BG,221,100,2025Q2
BG,222,100,2025Q3
BG,223,100,2025Q4
BG,224,100,2026Q1
BG,225,100,2026Q2
BHF,190,101,2017Q3
BHF,191,101,2017Q4
BHF,192,101,2018Q1
BHF,193,101,2018Q2
BHF,194,101,2018Q3
BHF,195,101,2018Q4
BHF,196,101,2019Q1
BHI,187,102,2016Q4
BHI,188,102,2017Q1
BHI,189,102,2017Q2
BIIB,187,104,2016Q4
BIIB,188,104,2017Q1
BIIB,189,104,2017Q2
BIIB,190,104,2017Q3
BIIB,191,104,2017Q4
BIIB,192,104,2018Q1
BIIB,193,104,2018Q2
BIIB,194,104,2018Q3
BIIB,195,104,2018Q4
BIIB,196,104,2019Q1
BIIB,197,104,2019Q2
BIIB,198,104,2019Q3
BIIB,199,104,2019Q4
BIIB,200,104,2020Q1
BIIB,201,104,2020Q2
BIIB,202,104,2020Q3
BIIB,203,104,2020Q4
BIIB,204,104,2021Q1
BIIB,205,104,2021Q2
BIIB,206,104,2021Q3
BIIB,207,104,2021Q4
BIIB,208,104,2022Q1
BIIB,209,104,2022Q2
BIIB,210,104,2022Q3
BIIB,211,104,2022Q4
BIIB,212,104,2023Q1
BIIB,213,104,2023Q2
BIIB,214,104,2023Q3
BIIB,215,104,2023Q4
BIIB,216,104,2024Q1
BIIB,217,104,2024Q2
BIIB,218,104,2024Q3
BIIB,219,104,2024Q4
BIIB,220,104,2025Q1
BIIB,221,104,2025Q2
BIIB,222,104,2025Q3
BIIB,223,104,2025Q4
BIIB,224,104,2026Q1
BIIB,225,104,2026Q2
BIO,201,105,2020Q2
BIO,202,105,2020Q3
BIO,203,105,2020Q4
BIO,204,105,2021Q1
BIO,205,105,2021Q2
BIO,206,105,2021Q3
BIO,207,105,2021Q4
BIO,208,105,2022Q1
BIO,209,105,2022Q2
BIO,210,105,2022Q3
BIO,211,105,2022Q4
BIO,212,105,2023Q1
BIO,213,105,2023Q2
BIO,214,105,2023Q3
BIO,215,105,2023Q4
BIO,216,105,2024Q1
BIO,217,105,2024Q2
BKNG,187,107,2016Q4
BKNG,188,107,2017Q1
BKNG,189,107,2017Q2
BKNG,190,107,2017Q3
BKNG,191,107,2017Q4
BKNG,192,107,2018Q1
BKNG,193,107,2018Q2
BKNG,194,107,2018Q3
BKNG,195,107,2018Q4
BKNG,196,107,2019Q1
BKNG,197,107,2019Q2
BKNG,198,107,2019Q3
BKNG,199,107,2019Q4
BKNG,200,107,2020Q1
BKNG,201,107,2020Q2
BKNG,202,107,2020Q3
BKNG,203,107,2020Q4
BKNG,204,107,2021Q1
BKNG,205,107,2021Q2
BKNG,206,107,2021Q3
BKNG,207,107,2021Q4
BKNG,208,107,2022Q1
BKNG,209,107,2022Q2
BKNG,210,107,2022Q3
BKNG,211,107,2022Q4
BKNG,212,107,2023Q1
BKNG,213,107,2023Q2
BKNG,214,107,2023Q3
BKNG,215,107,2023Q4
BKNG,216,107,2024Q1
BKNG,217,107,2024Q2
BKNG,218,107,2024Q3
BKNG,219,107,2024Q4
BKNG,220,107,2025Q1
BKNG,221,107,2025Q2
BKNG,222,107,2025Q3
BKNG,223,107,2025Q4
BKNG,224,107,2026Q1
BKNG,225,107,2026Q2
BKR,190,108,2017Q3
BKR,191,108,2017Q4
BKR,192,108,2018Q1
BKR,193,108,2018Q2
BKR,194,108,2018Q3
BKR,195,108,2018Q4
BKR,196,108,2019Q1
BKR,197,108,2019Q2
BKR,198,108,2019Q3
BKR,199,108,2019Q4
BKR,200,108,2020Q1
BKR,201,108,2020Q2
BKR,202,108,2020Q3
BKR,203,108,2020Q4
BKR,204,108,2021Q1
BKR,205,108,2021Q2
BKR,206,108,2021Q3
BKR,207,108,2021Q4
BKR,208,108,2022Q1
BKR,209,108,2022Q2
BKR,210,108,2022Q3
BKR,211,108,2022Q4
BKR,212,108,2023Q1
BKR,213,108,2023Q2
BKR,214,108,2023Q3
BKR,215,108,2023Q4
BKR,216,108,2024Q1
BKR,217,108,2024Q2
BKR,218,108,2024Q3
BKR,219,108,2024Q4
BKR,220,108,2025Q1
BKR,221,108,2025Q2
BKR,222,108,2025Q3
BKR,223,108,2025Q4
BKR,224,108,2026Q1
BKR,225,108,2026Q2
BLDR,215,109,2023Q4
BLDR,216,109,2024Q1
BLDR,217,109,2024Q2
BLDR,218,109,2024Q3
BLDR,219,109,2024Q4
BLDR,220,109,2025Q1
BLDR,221,109,2025Q2
BLDR,222,109,2025Q3
BLDR,223,109,2025Q4
BLDR,224,109,2026Q1
BLDR,225,109,2026Q2
BLK,187,110,2016Q4
BLK,188,110,2017Q1
BLK,189,110,2017Q2
BLK,190,110,2017Q3
BLK,191,110,2017Q4
BLK,192,110,2018Q1
BLK,193,110,2018Q2
BLK,194,110,2018Q3
BLK,195,110,2018Q4
BLK,196,110,2019Q1
BLK,197,110,2019Q2
BLK,198,110,2019Q3
BLK,199,110,2019Q4
BLK,200,110,2020Q1
BLK,201,110,2020Q2
BLK,202,110,2020Q3
BLK,203,110,2020Q4
BLK,204,110,2021Q1
BLK,205,110,2021Q2
BLK,206,110,2021Q3
BLK,207,110,2021Q4
BLK,208,110,2022Q1
BLK,209,110,2022Q2
BLK,210,110,2022Q3
BLK,211,110,2022Q4
BLK,212,110,2023Q1
BLK,213,110,2023Q2
BLK,214,110,2023Q3
BLK,215,110,2023Q4
BLK,216,110,2024Q1
BLK,217,110,2024Q2
BLK,218,110,2024Q3
BLK,219,110,2024Q4
BLK,220,110,2025Q1
BLK,221,110,2025Q2
BLK,222,110,2025Q3
BLK,223,110,2025Q4
BLK,224,110,2026Q1
BLK,225,110,2026Q2
BMY,187,114,2016Q4
BMY,188,114,2017Q1
BMY,189,114,2017Q2
BMY,190,114,2017Q3
BMY,191,114,2017Q4
BMY,192,114,2018Q1
BMY,193,114,2018Q2
BMY,194,114,2018Q3
BMY,195,114,2018Q4
BMY,196,114,2019Q1
BMY,197,114,2019Q2
BMY,198,114,2019Q3
BMY,199,114,2019Q4
BMY,200,114,2020Q1
BMY,201,114,2020Q2
BMY,202,114,2020Q3
BMY,203,114,2020Q4
BMY,204,114,2021Q1
BMY,205,114,2021Q2
BMY,206,114,2021Q3
BMY,207,114,2021Q4
BMY,208,114,2022Q1
BMY,209,114,2022Q2
BMY,210,114,2022Q3
BMY,211,114,2022Q4
BMY,212,114,2023Q1
BMY,213,114,2023Q2
BMY,214,114,2023Q3
BMY,215,114,2023Q4
BMY,216,114,2024Q1
BMY,217,114,2024Q2
BMY,218,114,2024Q3
BMY,219,114,2024Q4
BMY,220,114,2025Q1
BMY,221,114,2025Q2
BMY,222,114,2025Q3
BMY,223,114,2025Q4
BMY,224,114,2026Q1
BMY,225,114,2026Q2
BNY,187,115,2016Q4
BNY,188,115,2017Q1
BNY,189,115,2017Q2
BNY,190,115,2017Q3
BNY,191,115,2017Q4
BNY,192,115,2018Q1
BNY,193,115,2018Q2
BNY,194,115,2018Q3
BNY,195,115,2018Q4
BNY,196,115,2019Q1
BNY,197,115,2019Q2
BNY,198,115,2019Q3
BNY,199,115,2019Q4
BNY,200,115,2020Q1
BNY,201,115,2020Q2
BNY,202,115,2020Q3
BNY,203,115,2020Q4
BNY,204,115,2021Q1
BNY,205,115,2021Q2
BNY,206,115,2021Q3
BNY,207,115,2021Q4
BNY,208,115,2022Q1
BNY,209,115,2022Q2
BNY,210,115,2022Q3
BNY,211,115,2022Q4
BNY,212,115,2023Q1
BNY,213,115,2023Q2
BNY,214,115,2023Q3
BNY,215,115,2023Q4
BNY,216,115,2024Q1
BNY,217,115,2024Q2
BNY,218,115,2024Q3
BNY,219,115,2024Q4
BNY,220,115,2025Q1
BNY,221,115,2025Q2
BNY,222,115,2025Q3
BNY,223,115,2025Q4
BNY,224,115,2026Q1
BNY,225,115,2026Q2
BR,193,116,2018Q2
BR,194,116,2018Q3
BR,195,116,2018Q4
BR,196,116,2019Q1
BR,197,116,2019Q2
BR,198,116,2019Q3
BR,199,116,2019Q4
BR,200,116,2020Q1
BR,201,116,2020Q2
BR,202,116,2020Q3
BR,203,116,2020Q4
BR,204,116,2021Q1
BR,205,116,2021Q2
BR,206,116,2021Q3
BR,207,116,2021Q4
BR,208,116,2022Q1
BR,209,116,2022Q2
BR,210,116,2022Q3
BR,211,116,2022Q4
BR,212,116,2023Q1
BR,213,116,2023Q2
BR,214,116,2023Q3
BR,215,116,2023Q4
BR,216,116,2024Q1
BR,217,116,2024Q2
BR,218,116,2024Q3
BR,219,116,2024Q4
BR,220,116,2025Q1
BR,221,116,2025Q2
BR,222,116,2025Q3
BR,223,116,2025Q4
BR,224,116,2026Q1
BR,225,116,2026Q2
BRK.B,187,118,2016Q4
BRK.B,188,118,2017Q1
BRK.B,189,118,2017Q2
BRK.B,190,118,2017Q3
BRK.B,191,118,2017Q4
BRK.B,192,118,2018Q1
BRK.B,193,118,2018Q2
BRK.B,194,118,2018Q3
BRK.B,195,118,2018Q4
BRK.B,196,118,2019Q1
BRK.B,197,118,2019Q2
BRK.B,198,118,2019Q3
BRK.B,199,118,2019Q4
BRK.B,200,118,2020Q1
BRK.B,201,118,2020Q2
BRK.B,202,118,2020Q3
BRK.B,203,118,2020Q4
BRK.B,204,118,2021Q1
BRK.B,205,118,2021Q2
BRK.B,206,118,2021Q3
BRK.B,207,118,2021Q4
BRK.B,208,118,2022Q1
BRK.B,209,118,2022Q2
BRK.B,210,118,2022Q3
BRK.B,211,118,2022Q4
BRK.B,212,118,2023Q1
BRK.B,213,118,2023Q2
BRK.B,214,118,2023Q3
BRK.B,215,118,2023Q4
BRK.B,216,118,2024Q1
BRK.B,217,118,2024Q2
BRK.B,218,118,2024Q3
BRK.B,219,118,2024Q4
BRK.B,220,118,2025Q1
BRK.B,221,118,2025Q2
BRK.B,222,118,2025Q3
BRK.B,223,118,2025Q4
BRK.B,224,118,2026Q1
BRK.B,225,118,2026Q2
BRO,206,119,2021Q3
BRO,207,119,2021Q4
BRO,208,119,2022Q1
BRO,209,119,2022Q2
BRO,210,119,2022Q3
BRO,211,119,2022Q4
BRO,212,119,2023Q1
BRO,213,119,2023Q2
BRO,214,119,2023Q3
BRO,215,119,2023Q4
BRO,216,119,2024Q1
BRO,217,119,2024Q2
BRO,218,119,2024Q3
BRO,219,119,2024Q4
BRO,220,119,2025Q1
BRO,221,119,2025Q2
BRO,222,119,2025Q3
BRO,223,119,2025Q4
BRO,224,119,2026Q1
BRO,225,119,2026Q2
BSX,187,121,2016Q4
BSX,188,121,2017Q1
BSX,189,121,2017Q2
BSX,190,121,2017Q3
BSX,191,121,2017Q4
BSX,192,121,2018Q1
BSX,193,121,2018Q2
BSX,194,121,2018Q3
BSX,195,121,2018Q4
BSX,196,121,2019Q1
BSX,197,121,2019Q2
BSX,198,121,2019Q3
BSX,199,121,2019Q4
BSX,200,121,2020Q1
BSX,201,121,2020Q2
BSX,202,121,2020Q3
BSX,203,121,2020Q4
BSX,204,121,2021Q1
BSX,205,121,2021Q2
BSX,206,121,2021Q3
BSX,207,121,2021Q4
BSX,208,121,2022Q1
BSX,209,121,2022Q2
BSX,210,121,2022Q3
BSX,211,121,2022Q4
BSX,212,121,2023Q1
BSX,213,121,2023Q2
BSX,214,121,2023Q3
BSX,215,121,2023Q4
BSX,216,121,2024Q1
BSX,217,121,2024Q2
BSX,218,121,2024Q3
BSX,219,121,2024Q4
BSX,220,121,2025Q1
BSX,221,121,2025Q2
BSX,222,121,2025Q3
BSX,223,121,2025Q4
BSX,224,121,2026Q1
BSX,225,121,2026Q2
BWA,187,123,2016Q4
BWA,188,123,2017Q1
BWA,189,123,2017Q2
BWA,190,123,2017Q3
BWA,191,123,2017Q4
BWA,192,123,2018Q1
BWA,193,123,2018Q2
BWA,194,123,2018Q3
BWA,195,123,2018Q4
BWA,196,123,2019Q1
BWA,197,123,2019Q2
BWA,198,123,2019Q3
BWA,199,123,2019Q4
BWA,200,123,2020Q1
BWA,201,123,2020Q2
BWA,202,123,2020Q3
BWA,203,123,2020Q4
BWA,204,123,2021Q1
BWA,205,123,2021Q2
BWA,206,123,2021Q3
BWA,207,123,2021Q4
BWA,208,123,2022Q1
BWA,209,123,2022Q2
BWA,210,123,2022Q3
BWA,211,123,2022Q4
BWA,212,123,2023Q1
BWA,213,123,2023Q2
BWA,214,123,2023Q3
BWA,215,123,2023Q4
BWA,216,123,2024Q1
BWA,217,123,2024Q2
BWA,218,123,2024Q3
BWA,219,123,2024Q4
BX,214,124,2023Q3
BX,215,124,2023Q4
BX,216,124,2024Q1
BX,217,124,2024Q2
BX,218,124,2024Q3
BX,219,124,2024Q4
BX,220,124,2025Q1
BX,221,124,2025Q2
BX,222,124,2025Q3
BX,223,124,2025Q4
BX,224,124,2026Q1
BX,225,124,2026Q2
BXP,187,126,2016Q4
BXP,188,126,2017Q1
BXP,189,126,2017Q2
BXP,190,126,2017Q3
BXP,191,126,2017Q4
BXP,192,126,2018Q1
BXP,193,126,2018Q2
BXP,194,126,2018Q3
BXP,195,126,2018Q4
BXP,196,126,2019Q1
BXP,197,126,2019Q2
BXP,198,126,2019Q3
BXP,199,126,2019Q4
BXP,200,126,2020Q1
BXP,201,126,2020Q2
BXP,202,126,2020Q3
BXP,203,126,2020Q4
BXP,204,126,2021Q1
BXP,205,126,2021Q2
BXP,206,126,2021Q3
BXP,207,126,2021Q4
BXP,208,126,2022Q1
BXP,209,126,2022Q2
BXP,210,126,2022Q3
BXP,211,126,2022Q4
BXP,212,126,2023Q1
BXP,213,126,2023Q2
BXP,214,126,2023Q3
BXP,215,126,2023Q4
BXP,216,126,2024Q1
BXP,217,126,2024Q2
BXP,218,126,2024Q3
BXP,219,126,2024Q4
BXP,220,126,2025Q1
BXP,221,126,2025Q2
BXP,222,126,2025Q3
BXP,223,126,2025Q4
BXP,224,126,2026Q1
BXP,225,126,2026Q2
C,187,127,2016Q4
C,188,127,2017Q1
C,189,127,2017Q2
C,190,127,2017Q3
C,191,127,2017Q4
C,192,127,2018Q1
C,193,127,2018Q2
C,194,127,2018Q3
C,195,127,2018Q4
C,196,127,2019Q1
C,197,127,2019Q2
C,198,127,2019Q3
C,199,127,2019Q4
C,200,127,2020Q1
C,201,127,2020Q2
C,202,127,2020Q3
C,203,127,2020Q4
C,204,127,2021Q1
C,205,127,2021Q2
C,206,127,2021Q3
C,207,127,2021Q4
C,208,127,2022Q1
C,209,127,2022Q2
C,210,127,2022Q3
C,211,127,2022Q4
C,212,127,2023Q1
C,213,127,2023Q2
C,214,127,2023Q3
C,215,127,2023Q4
C,216,127,2024Q1
C,217,127,2024Q2
C,218,127,2024Q3
C,219,127,2024Q4
C,220,127,2025Q1
C,221,127,2025Q2
C,222,127,2025Q3
C,223,127,2025Q4
C,224,127,2026Q1
C,225,127,2026Q2
CA,187,128,2016Q4
CA,188,128,2017Q1
CA,189,128,2017Q2
CA,190,128,2017Q3
CA,191,128,2017Q4
CA,192,128,2018Q1
CA,193,128,2018Q2
CA,194,128,2018Q3
CAG,187,129,2016Q4
CAG,188,129,2017Q1
CAG,189,129,2017Q2
CAG,190,129,2017Q3
CAG,191,129,2017Q4
CAG,192,129,2018Q1
CAG,193,129,2018Q2
CAG,194,129,2018Q3
CAG,195,129,2018Q4
CAG,196,129,2019Q1
CAG,197,129,2019Q2
CAG,198,129,2019Q3
CAG,199,129,2019Q4
CAG,200,129,2020Q1
CAG,201,129,2020Q2
CAG,202,129,2020Q3
CAG,203,129,2020Q4
CAG,204,129,2021Q1
CAG,205,129,2021Q2
CAG,206,129,2021Q3
CAG,207,129,2021Q4
CAG,208,129,2022Q1
CAG,209,129,2022Q2
CAG,210,129,2022Q3
CAG,211,129,2022Q4
CAG,212,129,2023Q1
CAG,213,129,2023Q2
CAG,214,129,2023Q3
CAG,215,129,2023Q4
CAG,216,129,2024Q1
CAG,217,129,2024Q2
CAG,218,129,2024Q3
CAG,219,129,2024Q4
CAG,220,129,2025Q1
CAG,221,129,2025Q2
CAG,222,129,2025Q3
CAG,223,129,2025Q4
CAG,224,129,2026Q1
CAH,187,130,2016Q4
CAH,188,130,2017Q1
CAH,189,130,2017Q2
CAH,190,130,2017Q3
CAH,191,130,2017Q4
CAH,192,130,2018Q1
CAH,193,130,2018Q2
CAH,194,130,2018Q3
CAH,195,130,2018Q4
CAH,196,130,2019Q1
CAH,197,130,2019Q2
CAH,198,130,2019Q3
CAH,199,130,2019Q4
CAH,200,130,2020Q1
CAH,201,130,2020Q2
CAH,202,130,2020Q3
CAH,203,130,2020Q4
CAH,204,130,2021Q1
CAH,205,130,2021Q2
CAH,206,130,2021Q3
CAH,207,130,2021Q4
CAH,208,130,2022Q1
CAH,209,130,2022Q2
CAH,210,130,2022Q3
CAH,211,130,2022Q4
CAH,212,130,2023Q1
CAH,213,130,2023Q2
CAH,214,130,2023Q3
CAH,215,130,2023Q4
CAH,216,130,2024Q1
CAH,217,130,2024Q2
CAH,218,130,2024Q3
CAH,219,130,2024Q4
CAH,220,130,2025Q1
CAH,221,130,2025Q2
CAH,222,130,2025Q3
CAH,223,130,2025Q4
CAH,224,130,2026Q1
CAH,225,130,2026Q2
CARR,201,132,2020Q2
CARR,202,132,2020Q3
CARR,203,132,2020Q4
CARR,204,132,2021Q1
CARR,205,132,2021Q2
CARR,206,132,2021Q3
CARR,207,132,2021Q4
CARR,208,132,2022Q1
CARR,209,132,2022Q2
CARR,210,132,2022Q3
CARR,211,132,2022Q4
CARR,212,132,2023Q1
CARR,213,132,2023Q2
CARR,214,132,2023Q3
CARR,215,132,2023Q4
CARR,216,132,2024Q1
CARR,217,132,2024Q2
CARR,218,132,2024Q3
CARR,219,132,2024Q4
CARR,220,132,2025Q1
CARR,221,132,2025Q2
CARR,222,132,2025Q3
CARR,223,132,2025Q4
CARR,224,132,2026Q1
CARR,225,132,2026Q2
CASY,225,133,2026Q2
CAT,187,134,2016Q4
CAT,188,134,2017Q1
CAT,189,134,2017Q2
CAT,190,134,2017Q3
CAT,191,134,2017Q4
CAT,192,134,2018Q1
CAT,193,134,2018Q2
CAT,194,134,2018Q3
CAT,195,134,2018Q4
CAT,196,134,2019Q1
CAT,197,134,2019Q2
CAT,198,134,2019Q3
CAT,199,134,2019Q4
CAT,200,134,2020Q1
CAT,201,134,2020Q2
CAT,202,134,2020Q3
CAT,203,134,2020Q4
CAT,204,134,2021Q1
CAT,205,134,2021Q2
CAT,206,134,2021Q3
CAT,207,134,2021Q4
CAT,208,134,2022Q1
CAT,209,134,2022Q2
CAT,210,134,2022Q3
CAT,211,134,2022Q4
CAT,212,134,2023Q1
CAT,213,134,2023Q2
CAT,214,134,2023Q3
CAT,215,134,2023Q4
CAT,216,134,2024Q1
CAT,217,134,2024Q2
CAT,218,134,2024Q3
CAT,219,134,2024Q4
CAT,220,134,2025Q1
CAT,221,134,2025Q2
CAT,222,134,2025Q3
CAT,223,134,2025Q4
CAT,224,134,2026Q1
CAT,225,134,2026Q2
CB,187,135,2016Q4
CB,188,135,2017Q1
CB,189,135,2017Q2
CB,190,135,2017Q3
CB,191,135,2017Q4
CB,192,135,2018Q1
CB,193,135,2018Q2
CB,194,135,2018Q3
CB,195,135,2018Q4
CB,196,135,2019Q1
CB,197,135,2019Q2
CB,198,135,2019Q3
CB,199,135,2019Q4
CB,200,135,2020Q1
CB,201,135,2020Q2
CB,202,135,2020Q3
CB,203,135,2020Q4
CB,204,135,2021Q1
CB,205,135,2021Q2
CB,206,135,2021Q3
CB,207,135,2021Q4
CB,208,135,2022Q1
CB,209,135,2022Q2
CB,210,135,2022Q3
CB,211,135,2022Q4
CB,212,135,2023Q1
CB,213,135,2023Q2
CB,214,135,2023Q3
CB,215,135,2023Q4
CB,216,135,2024Q1
CB,217,135,2024Q2
CB,218,135,2024Q3
CB,219,135,2024Q4
CB,220,135,2025Q1
CB,221,135,2025Q2
CB,222,135,2025Q3
CB,223,135,2025Q4
CB,224,135,2026Q1
CB,225,135,2026Q2
CBOE,188,138,2017Q1
CBOE,189,138,2017Q2
CBOE,190,138,2017Q3
CBOE,191,138,2017Q4
CBOE,192,138,2018Q1
CBOE,193,138,2018Q2
CBOE,194,138,2018Q3
CBOE,195,138,2018Q4
CBOE,196,138,2019Q1
CBOE,197,138,2019Q2
CBOE,198,138,2019Q3
CBOE,199,138,2019Q4
CBOE,200,138,2020Q1
CBOE,201,138,2020Q2
CBOE,202,138,2020Q3
CBOE,203,138,2020Q4
CBOE,204,138,2021Q1
CBOE,205,138,2021Q2
CBOE,206,138,2021Q3
CBOE,207,138,2021Q4
CBOE,208,138,2022Q1
CBOE,209,138,2022Q2
CBOE,210,138,2022Q3
CBOE,211,138,2022Q4
CBOE,212,138,2023Q1
CBOE,213,138,2023Q2
CBOE,214,138,2023Q3
CBOE,215,138,2023Q4
CBOE,216,138,2024Q1
CBOE,217,138,2024Q2
CBOE,218,138,2024Q3
CBOE,219,138,2024Q4
CBOE,220,138,2025Q1
CBOE,221,138,2025Q2
CBOE,222,138,2025Q3
CBOE,223,138,2025Q4
CBOE,224,138,2026Q1
CBOE,225,138,2026Q2
CBRE,187,139,2016Q4
CBRE,188,139,2017Q1
CBRE,189,139,2017Q2
CBRE,190,139,2017Q3
CBRE,191,139,2017Q4
CBRE,192,139,2018Q1
CBRE,193,139,2018Q2
CBRE,194,139,2018Q3
CBRE,195,139,2018Q4
CBRE,196,139,2019Q1
CBRE,197,139,2019Q2
CBRE,198,139,2019Q3
CBRE,199,139,2019Q4
CBRE,200,139,2020Q1
CBRE,201,139,2020Q2
CBRE,202,139,2020Q3
CBRE,203,139,2020Q4
CBRE,204,139,2021Q1
CBRE,205,139,2021Q2
CBRE,206,139,2021Q3
CBRE,207,139,2021Q4
CBRE,208,139,2022Q1
CBRE,209,139,2022Q2
CBRE,210,139,2022Q3
CBRE,211,139,2022Q4
CBRE,212,139,2023Q1
CBRE,213,139,2023Q2
CBRE,214,139,2023Q3
CBRE,215,139,2023Q4
CBRE,216,139,2024Q1
CBRE,217,139,2024Q2
CBRE,218,139,2024Q3
CBRE,219,139,2024Q4
CBRE,220,139,2025Q1
CBRE,221,139,2025Q2
CBRE,222,139,2025Q3
CBRE,223,139,2025Q4
CBRE,224,139,2026Q1
CBRE,225,139,2026Q2
CCI,187,141,2016Q4
CCI,188,141,2017Q1
CCI,189,141,2017Q2
CCI,190,141,2017Q3
CCI,191,141,2017Q4
CCI,192,141,2018Q1
CCI,193,141,2018Q2
CCI,194,141,2018Q3
CCI,195,141,2018Q4
CCI,196,141,2019Q1
CCI,197,141,2019Q2
CCI,198,141,2019Q3
CCI,199,141,2019Q4
CCI,200,141,2020Q1
CCI,201,141,2020Q2
CCI,202,141,2020Q3
CCI,203,141,2020Q4
CCI,204,141,2021Q1
CCI,205,141,2021Q2
CCI,206,141,2021Q3
CCI,207,141,2021Q4
CCI,208,141,2022Q1
CCI,209,141,2022Q2
CCI,210,141,2022Q3
CCI,211,141,2022Q4
CCI,212,141,2023Q1
CCI,213,141,2023Q2
CCI,214,141,2023Q3
CCI,215,141,2023Q4
CCI,216,141,2024Q1
CCI,217,141,2024Q2
CCI,218,141,2024Q3
CCI,219,141,2024Q4
CCI,220,141,2025Q1
CCI,221,141,2025Q2
CCI,222,141,2025Q3
CCI,223,141,2025Q4
CCI,224,141,2026Q1
CCI,225,141,2026Q2
CCL,187,143,2016Q4
CCL,188,143,2017Q1
CCL,189,143,2017Q2
CCL,190,143,2017Q3
CCL,191,143,2017Q4
CCL,192,143,2018Q1
CCL,193,143,2018Q2
CCL,194,143,2018Q3
CCL,195,143,2018Q4
CCL,196,143,2019Q1
CCL,197,143,2019Q2
CCL,198,143,2019Q3
CCL,199,143,2019Q4
CCL,200,143,2020Q1
CCL,201,143,2020Q2
CCL,202,143,2020Q3
CCL,203,143,2020Q4
CCL,204,143,2021Q1
CCL,205,143,2021Q2
CCL,206,143,2021Q3
CCL,207,143,2021Q4
CCL,208,143,2022Q1
CCL,209,143,2022Q2
CCL,210,143,2022Q3
CCL,211,143,2022Q4
CCL,212,143,2023Q1
CCL,213,143,2023Q2
CCL,214,143,2023Q3
CCL,215,143,2023Q4
CCL,216,143,2024Q1
CCL,217,143,2024Q2
CCL,218,143,2024Q3
CCL,219,143,2024Q4
CCL,220,143,2025Q1
CCL,221,143,2025Q2
CCL,222,143,2025Q3
CCL,223,143,2025Q4
CCL,224,143,2026Q1
CCL,225,143,2026Q2
CDAY,206,144,2021Q3
CDAY,207,144,2021Q4
CDAY,208,144,2022Q1
CDAY,209,144,2022Q2
CDAY,210,144,2022Q3
CDAY,211,144,2022Q4
CDAY,212,144,2023Q1
CDAY,213,144,2023Q2
CDAY,214,144,2023Q3
CDAY,215,144,2023Q4
CDNS,190,145,2017Q3
CDNS,191,145,2017Q4
CDNS,192,145,2018Q1
CDNS,193,145,2018Q2
CDNS,194,145,2018Q3
CDNS,195,145,2018Q4
CDNS,196,145,2019Q1
CDNS,197,145,2019Q2
CDNS,198,145,2019Q3
CDNS,199,145,2019Q4
CDNS,200,145,2020Q1
CDNS,201,145,2020Q2
CDNS,202,145,2020Q3
CDNS,203,145,2020Q4
CDNS,204,145,2021Q1
CDNS,205,145,2021Q2
CDNS,206,145,2021Q3
CDNS,207,145,2021Q4
CDNS,208,145,2022Q1
CDNS,209,145,2022Q2
CDNS,210,145,2022Q3
CDNS,211,145,2022Q4
CDNS,212,145,2023Q1
CDNS,213,145,2023Q2
CDNS,214,145,2023Q3
CDNS,215,145,2023Q4
CDNS,216,145,2024Q1
CDNS,217,145,2024Q2
CDNS,218,145,2024Q3
CDNS,219,145,2024Q4
CDNS,220,145,2025Q1
CDNS,221,145,2025Q2
CDNS,222,145,2025Q3
CDNS,223,145,2025Q4
CDNS,224,145,2026Q1
CDNS,225,145,2026Q2
CDW,198,146,2019Q3
CDW,199,146,2019Q4
CDW,200,146,2020Q1
CDW,201,146,2020Q2
CDW,202,146,2020Q3
CDW,203,146,2020Q4
CDW,204,146,2021Q1
CDW,205,146,2021Q2
CDW,206,146,2021Q3
CDW,207,146,2021Q4
CDW,208,146,2022Q1
CDW,209,146,2022Q2
CDW,210,146,2022Q3
CDW,211,146,2022Q4
CDW,212,146,2023Q1
CDW,213,146,2023Q2
CDW,214,146,2023Q3
CDW,215,146,2023Q4
CDW,216,146,2024Q1
CDW,217,146,2024Q2
CDW,218,146,2024Q3
CDW,219,146,2024Q4
CDW,220,146,2025Q1
CDW,221,146,2025Q2
CDW,222,146,2025Q3
CDW,223,146,2025Q4
CDW,224,146,2026Q1
CDW,225,146,2026Q2
CE,195,147,2018Q4
CE,196,147,2019Q1
CE,197,147,2019Q2
CE,198,147,2019Q3
CE,199,147,2019Q4
CE,200,147,2020Q1
CE,201,147,2020Q2
CE,202,147,2020Q3
CE,203,147,2020Q4
CE,204,147,2021Q1
CE,205,147,2021Q2
CE,206,147,2021Q3
CE,207,147,2021Q4
CE,208,147,2022Q1
CE,209,147,2022Q2
CE,210,147,2022Q3
CE,211,147,2022Q4
CE,212,147,2023Q1
CE,213,147,2023Q2
CE,214,147,2023Q3
CE,215,147,2023Q4
CE,216,147,2024Q1
CE,217,147,2024Q2
CE,218,147,2024Q3
CE,219,147,2024Q4
CEG,208,149,2022Q1
CEG,209,149,2022Q2
CEG,210,149,2022Q3
CEG,211,149,2022Q4
CEG,212,149,2023Q1
CEG,213,149,2023Q2
CEG,214,149,2023Q3
CEG,215,149,2023Q4
CEG,216,149,2024Q1
CEG,217,149,2024Q2
CEG,218,149,2024Q3
CEG,219,149,2024Q4
CEG,220,149,2025Q1
CEG,221,149,2025Q2
CEG,222,149,2025Q3
CEG,223,149,2025Q4
CEG,224,149,2026Q1
CEG,225,149,2026Q2
CELG,187,150,2016Q4
CELG,188,150,2017Q1
CELG,189,150,2017Q2
CELG,190,150,2017Q3
CELG,191,150,2017Q4
CELG,192,150,2018Q1
CELG,193,150,2018Q2
CELG,194,150,2018Q3
CELG,195,150,2018Q4
CELG,196,150,2019Q1
CELG,197,150,2019Q2
CELG,198,150,2019Q3
CERN,187,152,2016Q4
CERN,188,152,2017Q1
CERN,189,152,2017Q2
CERN,190,152,2017Q3
CERN,191,152,2017Q4
CERN,192,152,2018Q1
CERN,193,152,2018Q2
CERN,194,152,2018Q3
CERN,195,152,2018Q4
CERN,196,152,2019Q1
CERN,197,152,2019Q2
CERN,198,152,2019Q3
CERN,199,152,2019Q4
CERN,200,152,2020Q1
CERN,201,152,2020Q2
CERN,202,152,2020Q3
CERN,203,152,2020Q4
CERN,204,152,2021Q1
CERN,205,152,2021Q2
CERN,206,152,2021Q3
CERN,207,152,2021Q4
CERN,208,152,2022Q1
CF,187,153,2016Q4
CF,188,153,2017Q1
CF,189,153,2017Q2
CF,190,153,2017Q3
CF,191,153,2017Q4
CF,192,153,2018Q1
CF,193,153,2018Q2
CF,194,153,2018Q3
CF,195,153,2018Q4
CF,196,153,2019Q1
CF,197,153,2019Q2
CF,198,153,2019Q3
CF,199,153,2019Q4
CF,200,153,2020Q1
CF,201,153,2020Q2
CF,202,153,2020Q3
CF,203,153,2020Q4
CF,204,153,2021Q1
CF,205,153,2021Q2
CF,206,153,2021Q3
CF,207,153,2021Q4
CF,208,153,2022Q1
CF,209,153,2022Q2
CF,210,153,2022Q3
CF,211,153,2022Q4
CF,212,153,2023Q1
CF,213,153,2023Q2
CF,214,153,2023Q3
CF,215,153,2023Q4
CF,216,153,2024Q1
CF,217,153,2024Q2
CF,218,153,2024Q3
CF,219,153,2024Q4
CF,220,153,2025Q1
CF,221,153,2025Q2
CF,222,153,2025Q3
CF,223,153,2025Q4
CF,224,153,2026Q1
CF,225,153,2026Q2
CFG,187,155,2016Q4
CFG,188,155,2017Q1
CFG,189,155,2017Q2
CFG,190,155,2017Q3
CFG,191,155,2017Q4
CFG,192,155,2018Q1
CFG,193,155,2018Q2
CFG,194,155,2018Q3
CFG,195,155,2018Q4
CFG,196,155,2019Q1
CFG,197,155,2019Q2
CFG,198,155,2019Q3
CFG,199,155,2019Q4
CFG,200,155,2020Q1
CFG,201,155,2020Q2
CFG,202,155,2020Q3
CFG,203,155,2020Q4
CFG,204,155,2021Q1
CFG,205,155,2021Q2
CFG,206,155,2021Q3
CFG,207,155,2021Q4
CFG,208,155,2022Q1
CFG,209,155,2022Q2
CFG,210,155,2022Q3
CFG,211,155,2022Q4
CFG,212,155,2023Q1
CFG,213,155,2023Q2
CFG,214,155,2023Q3
CFG,215,155,2023Q4
CFG,216,155,2024Q1
CFG,217,155,2024Q2
CFG,218,155,2024Q3
CFG,219,155,2024Q4
CFG,220,155,2025Q1
CFG,221,155,2025Q2
CFG,222,155,2025Q3
CFG,223,155,2025Q4
CFG,224,155,2026Q1
CFG,225,155,2026Q2
CHD,187,157,2016Q4
CHD,188,157,2017Q1
CHD,189,157,2017Q2
CHD,190,157,2017Q3
CHD,191,157,2017Q4
CHD,192,157,2018Q1
CHD,193,157,2018Q2
CHD,194,157,2018Q3
CHD,195,157,2018Q4
CHD,196,157,2019Q1
CHD,197,157,2019Q2
CHD,198,157,2019Q3
CHD,199,157,2019Q4
CHD,200,157,2020Q1
CHD,201,157,2020Q2
CHD,202,157,2020Q3
CHD,203,157,2020Q4
CHD,204,157,2021Q1
CHD,205,157,2021Q2
CHD,206,157,2021Q3
CHD,207,157,2021Q4
CHD,208,157,2022Q1
CHD,209,157,2022Q2
CHD,210,157,2022Q3
CHD,211,157,2022Q4
CHD,212,157,2023Q1
CHD,213,157,2023Q2
CHD,214,157,2023Q3
CHD,215,157,2023Q4
CHD,216,157,2024Q1
CHD,217,157,2024Q2
CHD,218,157,2024Q3
CHD,219,157,2024Q4
CHD,220,157,2025Q1
CHD,221,157,2025Q2
CHD,222,157,2025Q3
CHD,223,157,2025Q4
CHD,224,157,2026Q1
CHD,225,157,2026Q2
CHK,187,158,2016Q4
CHK,188,158,2017Q1
CHK,189,158,2017Q2
CHK,190,158,2017Q3
CHK,191,158,2017Q4
CHRW,187,159,2016Q4
CHRW,188,159,2017Q1
CHRW,189,159,2017Q2
CHRW,190,159,2017Q3
CHRW,191,159,2017Q4
CHRW,192,159,2018Q1
CHRW,193,159,2018Q2
CHRW,194,159,2018Q3
CHRW,195,159,2018Q4
CHRW,196,159,2019Q1
CHRW,197,159,2019Q2
CHRW,198,159,2019Q3
CHRW,199,159,2019Q4
CHRW,200,159,2020Q1
CHRW,201,159,2020Q2
CHRW,202,159,2020Q3
CHRW,203,159,2020Q4
CHRW,204,159,2021Q1
CHRW,205,159,2021Q2
CHRW,206,159,2021Q3
CHRW,207,159,2021Q4
CHRW,208,159,2022Q1
CHRW,209,159,2022Q2
CHRW,210,159,2022Q3
CHRW,211,159,2022Q4
CHRW,212,159,2023Q1
CHRW,213,159,2023Q2
CHRW,214,159,2023Q3
CHRW,215,159,2023Q4
CHRW,216,159,2024Q1
CHRW,217,159,2024Q2
CHRW,218,159,2024Q3
CHRW,219,159,2024Q4
CHRW,220,159,2025Q1
CHRW,221,159,2025Q2
CHRW,222,159,2025Q3
CHRW,223,159,2025Q4
CHRW,224,159,2026Q1
CHRW,225,159,2026Q2
CHTR,187,160,2016Q4
CHTR,188,160,2017Q1
CHTR,189,160,2017Q2
CHTR,190,160,2017Q3
CHTR,191,160,2017Q4
CHTR,192,160,2018Q1
CHTR,193,160,2018Q2
CHTR,194,160,2018Q3
CHTR,195,160,2018Q4
CHTR,196,160,2019Q1
CHTR,197,160,2019Q2
CHTR,198,160,2019Q3
CHTR,199,160,2019Q4
CHTR,200,160,2020Q1
CHTR,201,160,2020Q2
CHTR,202,160,2020Q3
CHTR,203,160,2020Q4
CHTR,204,160,2021Q1
CHTR,205,160,2021Q2
CHTR,206,160,2021Q3
CHTR,207,160,2021Q4
CHTR,208,160,2022Q1
CHTR,209,160,2022Q2
CHTR,210,160,2022Q3
CHTR,211,160,2022Q4
CHTR,212,160,2023Q1
CHTR,213,160,2023Q2
CHTR,214,160,2023Q3
CHTR,215,160,2023Q4
CHTR,216,160,2024Q1
CHTR,217,160,2024Q2
CHTR,218,160,2024Q3
CHTR,219,160,2024Q4
CHTR,220,160,2025Q1
CHTR,221,160,2025Q2
CHTR,222,160,2025Q3
CHTR,223,160,2025Q4
CHTR,224,160,2026Q1
CHTR,225,160,2026Q2
CI,187,161,2016Q4
CI,188,161,2017Q1
CI,189,161,2017Q2
CI,190,161,2017Q3
CI,191,161,2017Q4
CI,192,161,2018Q1
CI,193,161,2018Q2
CI,194,161,2018Q3
CI,195,161,2018Q4
CI,196,161,2019Q1
CI,197,161,2019Q2
CI,198,161,2019Q3
CI,199,161,2019Q4
CI,200,161,2020Q1
CI,201,161,2020Q2
CI,202,161,2020Q3
CI,203,161,2020Q4
CI,204,161,2021Q1
CI,205,161,2021Q2
CI,206,161,2021Q3
CI,207,161,2021Q4
CI,208,161,2022Q1
CI,209,161,2022Q2
CI,210,161,2022Q3
CI,211,161,2022Q4
CI,212,161,2023Q1
CI,213,161,2023Q2
CI,214,161,2023Q3
CI,215,161,2023Q4
CI,216,161,2024Q1
CI,217,161,2024Q2
CI,218,161,2024Q3
CI,219,161,2024Q4
CI,220,161,2025Q1
CI,221,161,2025Q2
CI,222,161,2025Q3
CI,223,161,2025Q4
CI,224,161,2026Q1
CI,225,161,2026Q2
CIEN,224,163,2026Q1
CIEN,225,163,2026Q2
CINF,187,164,2016Q4
CINF,188,164,2017Q1
CINF,189,164,2017Q2
CINF,190,164,2017Q3
CINF,191,164,2017Q4
CINF,192,164,2018Q1
CINF,193,164,2018Q2
CINF,194,164,2018Q3
CINF,195,164,2018Q4
CINF,196,164,2019Q1
CINF,197,164,2019Q2
CINF,198,164,2019Q3
CINF,199,164,2019Q4
CINF,200,164,2020Q1
CINF,201,164,2020Q2
CINF,202,164,2020Q3
CINF,203,164,2020Q4
CINF,204,164,2021Q1
CINF,205,164,2021Q2
CINF,206,164,2021Q3
CINF,207,164,2021Q4
CINF,208,164,2022Q1
CINF,209,164,2022Q2
CINF,210,164,2022Q3
CINF,211,164,2022Q4
CINF,212,164,2023Q1
CINF,213,164,2023Q2
CINF,214,164,2023Q3
CINF,215,164,2023Q4
CINF,216,164,2024Q1
CINF,217,164,2024Q2
CINF,218,164,2024Q3
CINF,219,164,2024Q4
CINF,220,164,2025Q1
CINF,221,164,2025Q2
CINF,222,164,2025Q3
CINF,223,164,2025Q4
CINF,224,164,2026Q1
CINF,225,164,2026Q2
CL,187,165,2016Q4
CL,188,165,2017Q1
CL,189,165,2017Q2
CL,190,165,2017Q3
CL,191,165,2017Q4
CL,192,165,2018Q1
CL,193,165,2018Q2
CL,194,165,2018Q3
CL,195,165,2018Q4
CL,196,165,2019Q1
CL,197,165,2019Q2
CL,198,165,2019Q3
CL,199,165,2019Q4
CL,200,165,2020Q1
CL,201,165,2020Q2
CL,202,165,2020Q3
CL,203,165,2020Q4
CL,204,165,2021Q1
CL,205,165,2021Q2
CL,206,165,2021Q3
CL,207,165,2021Q4
CL,208,165,2022Q1
CL,209,165,2022Q2
CL,210,165,2022Q3
CL,211,165,2022Q4
CL,212,165,2023Q1
CL,213,165,2023Q2
CL,214,165,2023Q3
CL,215,165,2023Q4
CL,216,165,2024Q1
CL,217,165,2024Q2
CL,218,165,2024Q3
CL,219,165,2024Q4
CL,220,165,2025Q1
CL,221,165,2025Q2
CL,222,165,2025Q3
CL,223,165,2025Q4
CL,224,165,2026Q1
CL,225,165,2026Q2
CLX,187,167,2016Q4
CLX,188,167,2017Q1
CLX,189,167,2017Q2
CLX,190,167,2017Q3
CLX,191,167,2017Q4
CLX,192,167,2018Q1
CLX,193,167,2018Q2
CLX,194,167,2018Q3
CLX,195,167,2018Q4
CLX,196,167,2019Q1
CLX,197,167,2019Q2
CLX,198,167,2019Q3
CLX,199,167,2019Q4
CLX,200,167,2020Q1
CLX,201,167,2020Q2
CLX,202,167,2020Q3
CLX,203,167,2020Q4
CLX,204,167,2021Q1
CLX,205,167,2021Q2
CLX,206,167,2021Q3
CLX,207,167,2021Q4
CLX,208,167,2022Q1
CLX,209,167,2022Q2
CLX,210,167,2022Q3
CLX,211,167,2022Q4
CLX,212,167,2023Q1
CLX,213,167,2023Q2
CLX,214,167,2023Q3
CLX,215,167,2023Q4
CLX,216,167,2024Q1
CLX,217,167,2024Q2
CLX,218,167,2024Q3
CLX,219,167,2024Q4
CLX,220,167,2025Q1
CLX,221,167,2025Q2
CLX,222,167,2025Q3
CLX,223,167,2025Q4
CLX,224,167,2026Q1
CLX,225,167,2026Q2
CMA,187,168,2016Q4
CMA,188,168,2017Q1
CMA,189,168,2017Q2
CMA,190,168,2017Q3
CMA,191,168,2017Q4
CMA,192,168,2018Q1
CMA,193,168,2018Q2
CMA,194,168,2018Q3
CMA,195,168,2018Q4
CMA,196,168,2019Q1
CMA,197,168,2019Q2
CMA,198,168,2019Q3
CMA,199,168,2019Q4
CMA,200,168,2020Q1
CMA,201,168,2020Q2
CMA,202,168,2020Q3
CMA,203,168,2020Q4
CMA,204,168,2021Q1
CMA,205,168,2021Q2
CMA,206,168,2021Q3
CMA,207,168,2021Q4
CMA,208,168,2022Q1
CMA,209,168,2022Q2
CMA,210,168,2022Q3
CMA,211,168,2022Q4
CMA,212,168,2023Q1
CMA,213,168,2023Q2
CMA,214,168,2023Q3
CMA,215,168,2023Q4
CMA,216,168,2024Q1
CMCSA,187,169,2016Q4
CMCSA,188,169,2017Q1
CMCSA,189,169,2017Q2
CMCSA,190,169,2017Q3
CMCSA,191,169,2017Q4
CMCSA,192,169,2018Q1
CMCSA,193,169,2018Q2
CMCSA,194,169,2018Q3
CMCSA,195,169,2018Q4
CMCSA,196,169,2019Q1
CMCSA,197,169,2019Q2
CMCSA,198,169,2019Q3
CMCSA,199,169,2019Q4
CMCSA,200,169,2020Q1
CMCSA,201,169,2020Q2
CMCSA,202,169,2020Q3
CMCSA,203,169,2020Q4
CMCSA,204,169,2021Q1
CMCSA,205,169,2021Q2
CMCSA,206,169,2021Q3
CMCSA,207,169,2021Q4
CMCSA,208,169,2022Q1
CMCSA,209,169,2022Q2
CMCSA,210,169,2022Q3
CMCSA,211,169,2022Q4
CMCSA,212,169,2023Q1
CMCSA,213,169,2023Q2
CMCSA,214,169,2023Q3
CMCSA,215,169,2023Q4
CMCSA,216,169,2024Q1
CMCSA,217,169,2024Q2
CMCSA,218,169,2024Q3
CMCSA,219,169,2024Q4
CMCSA,220,169,2025Q1
CMCSA,221,169,2025Q2
CMCSA,222,169,2025Q3
CMCSA,223,169,2025Q4
CMCSA,224,169,2026Q1
CMCSA,225,169,2026Q2
CME,187,171,2016Q4
CME,188,171,2017Q1
CME,189,171,2017Q2
CME,190,171,2017Q3
CME,191,171,2017Q4
CME,192,171,2018Q1
CME,193,171,2018Q2
CME,194,171,2018Q3
CME,195,171,2018Q4
CME,196,171,2019Q1
CME,197,171,2019Q2
CME,198,171,2019Q3
CME,199,171,2019Q4
CME,200,171,2020Q1
CME,201,171,2020Q2
CME,202,171,2020Q3
CME,203,171,2020Q4
CME,204,171,2021Q1
CME,205,171,2021Q2
CME,206,171,2021Q3
CME,207,171,2021Q4
CME,208,171,2022Q1
CME,209,171,2022Q2
CME,210,171,2022Q3
CME,211,171,2022Q4
CME,212,171,2023Q1
CME,213,171,2023Q2
CME,214,171,2023Q3
CME,215,171,2023Q4
CME,216,171,2024Q1
CME,217,171,2024Q2
CME,218,171,2024Q3
CME,219,171,2024Q4
CME,220,171,2025Q1
CME,221,171,2025Q2
CME,222,171,2025Q3
CME,223,171,2025Q4
CME,224,171,2026Q1
CME,225,171,2026Q2
CMG,187,172,2016Q4
CMG,188,172,2017Q1
CMG,189,172,2017Q2
CMG,190,172,2017Q3
CMG,191,172,2017Q4
CMG,192,172,2018Q1
CMG,193,172,2018Q2
CMG,194,172,2018Q3
CMG,195,172,2018Q4
CMG,196,172,2019Q1
CMG,197,172,2019Q2
CMG,198,172,2019Q3
CMG,199,172,2019Q4
CMG,200,172,2020Q1
CMG,201,172,2020Q2
CMG,202,172,2020Q3
CMG,203,172,2020Q4
CMG,204,172,2021Q1
CMG,205,172,2021Q2
CMG,206,172,2021Q3
CMG,207,172,2021Q4
CMG,208,172,2022Q1
CMG,209,172,2022Q2
CMG,210,172,2022Q3
CMG,211,172,2022Q4
CMG,212,172,2023Q1
CMG,213,172,2023Q2
CMG,214,172,2023Q3
CMG,215,172,2023Q4
CMG,216,172,2024Q1
CMG,217,172,2024Q2
CMG,218,172,2024Q3
CMG,219,172,2024Q4
CMG,220,172,2025Q1
CMG,221,172,2025Q2
CMG,222,172,2025Q3
CMG,223,172,2025Q4
CMG,224,172,2026Q1
CMG,225,172,2026Q2
CMI,187,173,2016Q4
CMI,188,173,2017Q1
CMI,189,173,2017Q2
CMI,190,173,2017Q3
CMI,191,173,2017Q4
CMI,192,173,2018Q1
CMI,193,173,2018Q2
CMI,194,173,2018Q3
CMI,195,173,2018Q4
CMI,196,173,2019Q1
CMI,197,173,2019Q2
CMI,198,173,2019Q3
CMI,199,173,2019Q4
CMI,200,173,2020Q1
CMI,201,173,2020Q2
CMI,202,173,2020Q3
CMI,203,173,2020Q4
CMI,204,173,2021Q1
CMI,205,173,2021Q2
CMI,206,173,2021Q3
CMI,207,173,2021Q4
CMI,208,173,2022Q1
CMI,209,173,2022Q2
CMI,210,173,2022Q3
CMI,211,173,2022Q4
CMI,212,173,2023Q1
CMI,213,173,2023Q2
CMI,214,173,2023Q3
CMI,215,173,2023Q4
CMI,216,173,2024Q1
CMI,217,173,2024Q2
CMI,218,173,2024Q3
CMI,219,173,2024Q4
CMI,220,173,2025Q1
CMI,221,173,2025Q2
CMI,222,173,2025Q3
CMI,223,173,2025Q4
CMI,224,173,2026Q1
CMI,225,173,2026Q2
CMS,187,174,2016Q4
CMS,188,174,2017Q1
CMS,189,174,2017Q2
CMS,190,174,2017Q3
CMS,191,174,2017Q4
CMS,192,174,2018Q1
CMS,193,174,2018Q2
CMS,194,174,2018Q3
CMS,195,174,2018Q4
CMS,196,174,2019Q1
CMS,197,174,2019Q2
CMS,198,174,2019Q3
CMS,199,174,2019Q4
CMS,200,174,2020Q1
CMS,201,174,2020Q2
CMS,202,174,2020Q3
CMS,203,174,2020Q4
CMS,204,174,2021Q1
CMS,205,174,2021Q2
CMS,206,174,2021Q3
CMS,207,174,2021Q4
CMS,208,174,2022Q1
CMS,209,174,2022Q2
CMS,210,174,2022Q3
CMS,211,174,2022Q4
CMS,212,174,2023Q1
CMS,213,174,2023Q2
CMS,214,174,2023Q3
CMS,215,174,2023Q4
CMS,216,174,2024Q1
CMS,217,174,2024Q2
CMS,218,174,2024Q3
CMS,219,174,2024Q4
CMS,220,174,2025Q1
CMS,221,174,2025Q2
CMS,222,174,2025Q3
CMS,223,174,2025Q4
CMS,224,174,2026Q1
CMS,225,174,2026Q2
CNC,187,175,2016Q4
CNC,188,175,2017Q1
CNC,189,175,2017Q2
CNC,190,175,2017Q3
CNC,191,175,2017Q4
CNC,192,175,2018Q1
CNC,193,175,2018Q2
CNC,194,175,2018Q3
CNC,195,175,2018Q4
CNC,196,175,2019Q1
CNC,197,175,2019Q2
CNC,198,175,2019Q3
CNC,199,175,2019Q4
CNC,200,175,2020Q1
CNC,201,175,2020Q2
CNC,202,175,2020Q3
CNC,203,175,2020Q4
CNC,204,175,2021Q1
CNC,205,175,2021Q2
CNC,206,175,2021Q3
CNC,207,175,2021Q4
CNC,208,175,2022Q1
CNC,209,175,2022Q2
CNC,210,175,2022Q3
CNC,211,175,2022Q4
CNC,212,175,2023Q1
CNC,213,175,2023Q2
CNC,214,175,2023Q3
CNC,215,175,2023Q4
CNC,216,175,2024Q1
CNC,217,175,2024Q2
CNC,218,175,2024Q3
CNC,219,175,2024Q4
CNC,220,175,2025Q1
CNC,221,175,2025Q2
CNC,222,175,2025Q3
CNC,223,175,2025Q4
CNC,224,175,2026Q1
CNC,225,175,2026Q2
CNP,187,176,2016Q4
CNP,188,176,2017Q1
CNP,189,176,2017Q2
CNP,190,176,2017Q3
CNP,191,176,2017Q4
CNP,192,176,2018Q1
CNP,193,176,2018Q2
CNP,194,176,2018Q3
CNP,195,176,2018Q4
CNP,196,176,2019Q1
CNP,197,176,2019Q2
CNP,198,176,2019Q3
CNP,199,176,2019Q4
CNP,200,176,2020Q1
CNP,201,176,2020Q2
CNP,202,176,2020Q3
CNP,203,176,2020Q4
CNP,204,176,2021Q1
CNP,205,176,2021Q2
CNP,206,176,2021Q3
CNP,207,176,2021Q4
CNP,208,176,2022Q1
CNP,209,176,2022Q2
CNP,210,176,2022Q3
CNP,211,176,2022Q4
CNP,212,176,2023Q1
CNP,213,176,2023Q2
CNP,214,176,2023Q3
CNP,215,176,2023Q4
CNP,216,176,2024Q1
CNP,217,176,2024Q2
CNP,218,176,2024Q3
CNP,219,176,2024Q4
CNP,220,176,2025Q1
CNP,221,176,2025Q2
CNP,222,176,2025Q3
CNP,223,176,2025Q4
CNP,224,176,2026Q1
CNP,225,176,2026Q2
COF,187,178,2016Q4
COF,188,178,2017Q1
COF,189,178,2017Q2
COF,190,178,2017Q3
COF,191,178,2017Q4
COF,192,178,2018Q1
COF,193,178,2018Q2
COF,194,178,2018Q3
COF,195,178,2018Q4
COF,196,178,2019Q1
COF,197,178,2019Q2
COF,198,178,2019Q3
COF,199,178,2019Q4
COF,200,178,2020Q1
COF,201,178,2020Q2
COF,202,178,2020Q3
COF,203,178,2020Q4
COF,204,178,2021Q1
COF,205,178,2021Q2
COF,206,178,2021Q3
COF,207,178,2021Q4
COF,208,178,2022Q1
COF,209,178,2022Q2
COF,210,178,2022Q3
COF,211,178,2022Q4
COF,212,178,2023Q1
COF,213,178,2023Q2
COF,214,178,2023Q3
COF,215,178,2023Q4
COF,216,178,2024Q1
COF,217,178,2024Q2
COF,218,178,2024Q3
COF,219,178,2024Q4
COF,220,178,2025Q1
COF,221,178,2025Q2
COF,222,178,2025Q3
COF,223,178,2025Q4
COF,224,178,2026Q1
COF,225,178,2026Q2
COHR,224,179,2026Q1
COHR,225,179,2026Q2
COIN,221,180,2025Q2
COIN,222,180,2025Q3
COIN,223,180,2025Q4
COIN,224,180,2026Q1
COIN,225,180,2026Q2
COL,187,181,2016Q4
COL,188,181,2017Q1
COL,189,181,2017Q2
COL,190,181,2017Q3
COL,191,181,2017Q4
COL,192,181,2018Q1
COL,193,181,2018Q2
COL,194,181,2018Q3
COO,187,182,2016Q4
COO,188,182,2017Q1
COO,189,182,2017Q2
COO,190,182,2017Q3
COO,191,182,2017Q4
COO,192,182,2018Q1
COO,193,182,2018Q2
COO,194,182,2018Q3
COO,195,182,2018Q4
COO,196,182,2019Q1
COO,197,182,2019Q2
COO,198,182,2019Q3
COO,199,182,2019Q4
COO,200,182,2020Q1
COO,201,182,2020Q2
COO,202,182,2020Q3
COO,203,182,2020Q4
COO,204,182,2021Q1
COO,205,182,2021Q2
COO,206,182,2021Q3
COO,207,182,2021Q4
COO,208,182,2022Q1
COO,209,182,2022Q2
COO,210,182,2022Q3
COO,211,182,2022Q4
COO,212,182,2023Q1
COO,213,182,2023Q2
COO,214,182,2023Q3
COO,215,182,2023Q4
COO,216,182,2024Q1
COO,217,182,2024Q2
COO,218,182,2024Q3
COO,219,182,2024Q4
COO,220,182,2025Q1
COO,221,182,2025Q2
COO,222,182,2025Q3
COO,223,182,2025Q4
COO,224,182,2026Q1
COO,225,182,2026Q2
COP,187,183,2016Q4
COP,188,183,2017Q1
COP,189,183,2017Q2
COP,190,183,2017Q3
COP,191,183,2017Q4
COP,192,183,2018Q1
COP,193,183,2018Q2
COP,194,183,2018Q3
COP,195,183,2018Q4
COP,196,183,2019Q1
COP,197,183,2019Q2
COP,198,183,2019Q3
COP,199,183,2019Q4
COP,200,183,2020Q1
COP,201,183,2020Q2
COP,202,183,2020Q3
COP,203,183,2020Q4
COP,204,183,2021Q1
COP,205,183,2021Q2
COP,206,183,2021Q3
COP,207,183,2021Q4
COP,208,183,2022Q1
COP,209,183,2022Q2
COP,210,183,2022Q3
COP,211,183,2022Q4
COP,212,183,2023Q1
COP,213,183,2023Q2
COP,214,183,2023Q3
COP,215,183,2023Q4
COP,216,183,2024Q1
COP,217,183,2024Q2
COP,218,183,2024Q3
COP,219,183,2024Q4
COP,220,183,2025Q1
COP,221,183,2025Q2
COP,222,183,2025Q3
COP,223,183,2025Q4
COP,224,183,2026Q1
COP,225,183,2026Q2
COR,187,184,2016Q4
COR,188,184,2017Q1
COR,189,184,2017Q2
COR,190,184,2017Q3
COR,191,184,2017Q4
COR,192,184,2018Q1
COR,193,184,2018Q2
COR,194,184,2018Q3
COR,195,184,2018Q4
COR,196,184,2019Q1
COR,197,184,2019Q2
COR,198,184,2019Q3
COR,199,184,2019Q4
COR,200,184,2020Q1
COR,201,184,2020Q2
COR,202,184,2020Q3
COR,203,184,2020Q4
COR,204,184,2021Q1
COR,205,184,2021Q2
COR,206,184,2021Q3
COR,207,184,2021Q4
COR,208,184,2022Q1
COR,209,184,2022Q2
COR,210,184,2022Q3
COR,211,184,2022Q4
COR,212,184,2023Q1
COR,213,184,2023Q2
COR,214,184,2023Q3
COR,215,184,2023Q4
COR,216,184,2024Q1
COR,217,184,2024Q2
COR,218,184,2024Q3
COR,219,184,2024Q4
COR,220,184,2025Q1
COR,221,184,2025Q2
COR,222,184,2025Q3
COR,223,184,2025Q4
COR,224,184,2026Q1
COR,225,184,2026Q2
COST,187,185,2016Q4
COST,188,185,2017Q1
COST,189,185,2017Q2
COST,190,185,2017Q3
COST,191,185,2017Q4
COST,192,185,2018Q1
COST,193,185,2018Q2
COST,194,185,2018Q3
COST,195,185,2018Q4
COST,196,185,2019Q1
COST,197,185,2019Q2
COST,198,185,2019Q3
COST,199,185,2019Q4
COST,200,185,2020Q1
COST,201,185,2020Q2
COST,202,185,2020Q3
COST,203,185,2020Q4
COST,204,185,2021Q1
COST,205,185,2021Q2
COST,206,185,2021Q3
COST,207,185,2021Q4
COST,208,185,2022Q1
COST,209,185,2022Q2
COST,210,185,2022Q3
COST,211,185,2022Q4
COST,212,185,2023Q1
COST,213,185,2023Q2
COST,214,185,2023Q3
COST,215,185,2023Q4
COST,216,185,2024Q1
COST,217,185,2024Q2
COST,218,185,2024Q3
COST,219,185,2024Q4
COST,220,185,2025Q1
COST,221,185,2025Q2
COST,222,185,2025Q3
COST,223,185,2025Q4
COST,224,185,2026Q1
COST,225,185,2026Q2
COTY,187,186,2016Q4
COTY,188,186,2017Q1
COTY,189,186,2017Q2
COTY,190,186,2017Q3
COTY,191,186,2017Q4
COTY,192,186,2018Q1
COTY,193,186,2018Q2
COTY,194,186,2018Q3
COTY,195,186,2018Q4
COTY,196,186,2019Q1
COTY,197,186,2019Q2
COTY,198,186,2019Q3
COTY,199,186,2019Q4
COTY,200,186,2020Q1
COTY,201,186,2020Q2
CPAY,193,189,2018Q2
CPAY,194,189,2018Q3
CPAY,195,189,2018Q4
CPAY,196,189,2019Q1
CPAY,197,189,2019Q2
CPAY,198,189,2019Q3
CPAY,199,189,2019Q4
CPAY,200,189,2020Q1
CPAY,201,189,2020Q2
CPAY,202,189,2020Q3
CPAY,203,189,2020Q4
CPAY,204,189,2021Q1
CPAY,205,189,2021Q2
CPAY,206,189,2021Q3
CPAY,207,189,2021Q4
CPAY,208,189,2022Q1
CPAY,209,189,2022Q2
CPAY,210,189,2022Q3
CPAY,211,189,2022Q4
CPAY,212,189,2023Q1
CPAY,213,189,2023Q2
CPAY,214,189,2023Q3
CPAY,215,189,2023Q4
CPAY,216,189,2024Q1
CPAY,217,189,2024Q2
CPAY,218,189,2024Q3
CPAY,219,189,2024Q4
CPAY,220,189,2025Q1
CPAY,221,189,2025Q2
CPAY,222,189,2025Q3
CPAY,223,189,2025Q4
CPAY,224,189,2026Q1
CPAY,225,189,2026Q2
CPB,187,190,2016Q4
CPB,188,190,2017Q1
CPB,189,190,2017Q2
CPB,190,190,2017Q3
CPB,191,190,2017Q4
CPB,192,190,2018Q1
CPB,193,190,2018Q2
CPB,194,190,2018Q3
CPB,195,190,2018Q4
CPB,196,190,2019Q1
CPB,197,190,2019Q2
CPB,198,190,2019Q3
CPB,199,190,2019Q4
CPB,200,190,2020Q1
CPB,201,190,2020Q2
CPB,202,190,2020Q3
CPB,203,190,2020Q4
CPB,204,190,2021Q1
CPB,205,190,2021Q2
CPB,206,190,2021Q3
CPB,207,190,2021Q4
CPB,208,190,2022Q1
CPB,209,190,2022Q2
CPB,210,190,2022Q3
CPB,211,190,2022Q4
CPB,212,190,2023Q1
CPB,213,190,2023Q2
CPB,214,190,2023Q3
CPB,215,190,2023Q4
CPB,216,190,2024Q1
CPB,217,190,2024Q2
CPB,218,190,2024Q3
CPB,219,190,2024Q4
CPB,220,190,2025Q1
CPB,221,190,2025Q2
CPB,222,190,2025Q3
CPB,223,190,2025Q4
CPB,224,190,2026Q1
CPRI,187,192,2016Q4
CPRI,188,192,2017Q1
CPRI,189,192,2017Q2
CPRI,190,192,2017Q3
CPRI,191,192,2017Q4
CPRI,192,192,2018Q1
CPRI,193,192,2018Q2
CPRI,194,192,2018Q3
CPRI,195,192,2018Q4
CPRI,196,192,2019Q1
CPRI,197,192,2019Q2
CPRI,198,192,2019Q3
CPRI,199,192,2019Q4
CPRI,200,192,2020Q1
CPRT,194,193,2018Q3
CPRT,195,193,2018Q4
CPRT,196,193,2019Q1
CPRT,197,193,2019Q2
CPRT,198,193,2019Q3
CPRT,199,193,2019Q4
CPRT,200,193,2020Q1
CPRT,201,193,2020Q2
CPRT,202,193,2020Q3
CPRT,203,193,2020Q4
CPRT,204,193,2021Q1
CPRT,205,193,2021Q2
CPRT,206,193,2021Q3
CPRT,207,193,2021Q4
CPRT,208,193,2022Q1
CPRT,209,193,2022Q2
CPRT,210,193,2022Q3
CPRT,211,193,2022Q4
CPRT,212,193,2023Q1
CPRT,213,193,2023Q2
CPRT,214,193,2023Q3
CPRT,215,193,2023Q4
CPRT,216,193,2024Q1
CPRT,217,193,2024Q2
CPRT,218,193,2024Q3
CPRT,219,193,2024Q4
CPRT,220,193,2025Q1
CPRT,221,193,2025Q2
CPRT,222,193,2025Q3
CPRT,223,193,2025Q4
CPRT,224,193,2026Q1
CPRT,225,193,2026Q2
CPT,209,194,2022Q2
CPT,210,194,2022Q3
CPT,211,194,2022Q4
CPT,212,194,2023Q1
CPT,213,194,2023Q2
CPT,214,194,2023Q3
CPT,215,194,2023Q4
CPT,216,194,2024Q1
CPT,217,194,2024Q2
CPT,218,194,2024Q3
CPT,219,194,2024Q4
CPT,220,194,2025Q1
CPT,221,194,2025Q2
CPT,222,194,2025Q3
CPT,223,194,2025Q4
CPT,224,194,2026Q1
CPT,225,194,2026Q2
CRH,223,196,2025Q4
CRH,224,196,2026Q1
CRH,225,196,2026Q2
CRL,205,197,2021Q2
CRL,206,197,2021Q3
CRL,207,197,2021Q4
CRL,208,197,2022Q1
CRL,209,197,2022Q2
CRL,210,197,2022Q3
CRL,211,197,2022Q4
CRL,212,197,2023Q1
CRL,213,197,2023Q2
CRL,214,197,2023Q3
CRL,215,197,2023Q4
CRL,216,197,2024Q1
CRL,217,197,2024Q2
CRL,218,197,2024Q3
CRL,219,197,2024Q4
CRL,220,197,2025Q1
CRL,221,197,2025Q2
CRL,222,197,2025Q3
CRL,223,197,2025Q4
CRL,224,197,2026Q1
CRL,225,197,2026Q2
CRM,187,198,2016Q4
CRM,188,198,2017Q1
CRM,189,198,2017Q2
CRM,190,198,2017Q3
CRM,191,198,2017Q4
CRM,192,198,2018Q1
CRM,193,198,2018Q2
CRM,194,198,2018Q3
CRM,195,198,2018Q4
CRM,196,198,2019Q1
CRM,197,198,2019Q2
CRM,198,198,2019Q3
CRM,199,198,2019Q4
CRM,200,198,2020Q1
CRM,201,198,2020Q2
CRM,202,198,2020Q3
CRM,203,198,2020Q4
CRM,204,198,2021Q1
CRM,205,198,2021Q2
CRM,206,198,2021Q3
CRM,207,198,2021Q4
CRM,208,198,2022Q1
CRM,209,198,2022Q2
CRM,210,198,2022Q3
CRM,211,198,2022Q4
CRM,212,198,2023Q1
CRM,213,198,2023Q2
CRM,214,198,2023Q3
CRM,215,198,2023Q4
CRM,216,198,2024Q1
CRM,217,198,2024Q2
CRM,218,198,2024Q3
CRM,219,198,2024Q4
CRM,220,198,2025Q1
CRM,221,198,2025Q2
CRM,222,198,2025Q3
CRM,223,198,2025Q4
CRM,224,198,2026Q1
CRM,225,198,2026Q2
CRWD,217,199,2024Q2
CRWD,218,199,2024Q3
CRWD,219,199,2024Q4
CRWD,220,199,2025Q1
CRWD,221,199,2025Q2
CRWD,222,199,2025Q3
CRWD,223,199,2025Q4
CRWD,224,199,2026Q1
CRWD,225,199,2026Q2
CSCO,187,201,2016Q4
CSCO,188,201,2017Q1
CSCO,189,201,2017Q2
CSCO,190,201,2017Q3
CSCO,191,201,2017Q4
CSCO,192,201,2018Q1
CSCO,193,201,2018Q2
CSCO,194,201,2018Q3
CSCO,195,201,2018Q4
CSCO,196,201,2019Q1
CSCO,197,201,2019Q2
CSCO,198,201,2019Q3
CSCO,199,201,2019Q4
CSCO,200,201,2020Q1
CSCO,201,201,2020Q2
CSCO,202,201,2020Q3
CSCO,203,201,2020Q4
CSCO,204,201,2021Q1
CSCO,205,201,2021Q2
CSCO,206,201,2021Q3
CSCO,207,201,2021Q4
CSCO,208,201,2022Q1
CSCO,209,201,2022Q2
CSCO,210,201,2022Q3
CSCO,211,201,2022Q4
CSCO,212,201,2023Q1
CSCO,213,201,2023Q2
CSCO,214,201,2023Q3
CSCO,215,201,2023Q4
CSCO,216,201,2024Q1
CSCO,217,201,2024Q2
CSCO,218,201,2024Q3
CSCO,219,201,2024Q4
CSCO,220,201,2025Q1
CSCO,221,201,2025Q2
CSCO,222,201,2025Q3
CSCO,223,201,2025Q4
CSCO,224,201,2026Q1
CSCO,225,201,2026Q2
CSGP,210,202,2022Q3
CSGP,211,202,2022Q4
CSGP,212,202,2023Q1
CSGP,213,202,2023Q2
CSGP,214,202,2023Q3
CSGP,215,202,2023Q4
CSGP,216,202,2024Q1
CSGP,217,202,2024Q2
CSGP,218,202,2024Q3
CSGP,219,202,2024Q4
CSGP,220,202,2025Q1
CSGP,221,202,2025Q2
CSGP,222,202,2025Q3
CSGP,223,202,2025Q4
CSGP,224,202,2026Q1
CSGP,225,202,2026Q2
CSRA,187,203,2016Q4
CSRA,188,203,2017Q1
CSRA,189,203,2017Q2
CSRA,190,203,2017Q3
CSRA,191,203,2017Q4
CSRA,192,203,2018Q1
CSX,187,204,2016Q4
CSX,188,204,2017Q1
CSX,189,204,2017Q2
CSX,190,204,2017Q3
CSX,191,204,2017Q4
CSX,192,204,2018Q1
CSX,193,204,2018Q2
CSX,194,204,2018Q3
CSX,195,204,2018Q4
CSX,196,204,2019Q1
CSX,197,204,2019Q2
CSX,198,204,2019Q3
CSX,199,204,2019Q4
CSX,200,204,2020Q1
CSX,201,204,2020Q2
CSX,202,204,2020Q3
CSX,203,204,2020Q4
CSX,204,204,2021Q1
CSX,205,204,2021Q2
CSX,206,204,2021Q3
CSX,207,204,2021Q4
CSX,208,204,2022Q1
CSX,209,204,2022Q2
CSX,210,204,2022Q3
CSX,211,204,2022Q4
CSX,212,204,2023Q1
CSX,213,204,2023Q2
CSX,214,204,2023Q3
CSX,215,204,2023Q4
CSX,216,204,2024Q1
CSX,217,204,2024Q2
CSX,218,204,2024Q3
CSX,219,204,2024Q4
CSX,220,204,2025Q1
CSX,221,204,2025Q2
CSX,222,204,2025Q3
CSX,223,204,2025Q4
CSX,224,204,2026Q1
CSX,225,204,2026Q2
CTAS,187,205,2016Q4
CTAS,188,205,2017Q1
CTAS,189,205,2017Q2
CTAS,190,205,2017Q3
CTAS,191,205,2017Q4
CTAS,192,205,2018Q1
CTAS,193,205,2018Q2
CTAS,194,205,2018Q3
CTAS,195,205,2018Q4
CTAS,196,205,2019Q1
CTAS,197,205,2019Q2
CTAS,198,205,2019Q3
CTAS,199,205,2019Q4
CTAS,200,205,2020Q1
CTAS,201,205,2020Q2
CTAS,202,205,2020Q3
CTAS,203,205,2020Q4
CTAS,204,205,2021Q1
CTAS,205,205,2021Q2
CTAS,206,205,2021Q3
CTAS,207,205,2021Q4
CTAS,208,205,2022Q1
CTAS,209,205,2022Q2
CTAS,210,205,2022Q3
CTAS,211,205,2022Q4
CTAS,212,205,2023Q1
CTAS,213,205,2023Q2
CTAS,214,205,2023Q3
CTAS,215,205,2023Q4
CTAS,216,205,2024Q1
CTAS,217,205,2024Q2
CTAS,218,205,2024Q3
CTAS,219,205,2024Q4
CTAS,220,205,2025Q1
CTAS,221,205,2025Q2
CTAS,222,205,2025Q3
CTAS,223,205,2025Q4
CTAS,224,205,2026Q1
CTAS,225,205,2026Q2
CTLT,202,206,2020Q3
CTLT,203,206,2020Q4
CTLT,204,206,2021Q1
CTLT,205,206,2021Q2
CTLT,206,206,2021Q3
CTLT,207,206,2021Q4
CTLT,208,206,2022Q1
CTLT,209,206,2022Q2
CTLT,210,206,2022Q3
CTLT,211,206,2022Q4
CTLT,212,206,2023Q1
CTLT,213,206,2023Q2
CTLT,214,206,2023Q3
CTLT,215,206,2023Q4
CTLT,216,206,2024Q1
CTLT,217,206,2024Q2
CTLT,218,206,2024Q3
CTRA,187,207,2016Q4
CTRA,188,207,2017Q1
CTRA,189,207,2017Q2
CTRA,190,207,2017Q3
CTRA,191,207,2017Q4
CTRA,192,207,2018Q1
CTRA,193,207,2018Q2
CTRA,194,207,2018Q3
CTRA,195,207,2018Q4
CTRA,196,207,2019Q1
CTRA,197,207,2019Q2
CTRA,198,207,2019Q3
CTRA,199,207,2019Q4
CTRA,200,207,2020Q1
CTRA,201,207,2020Q2
CTRA,202,207,2020Q3
CTRA,203,207,2020Q4
CTRA,204,207,2021Q1
CTRA,205,207,2021Q2
CTRA,206,207,2021Q3
CTRA,207,207,2021Q4
CTRA,208,207,2022Q1
CTRA,209,207,2022Q2
CTRA,210,207,2022Q3
CTRA,211,207,2022Q4
CTRA,212,207,2023Q1
CTRA,213,207,2023Q2
CTRA,214,207,2023Q3
CTRA,215,207,2023Q4
CTRA,216,207,2024Q1
CTRA,217,207,2024Q2
CTRA,218,207,2024Q3
CTRA,219,207,2024Q4
CTRA,220,207,2025Q1
CTRA,221,207,2025Q2
CTRA,222,207,2025Q3
CTRA,223,207,2025Q4
CTRA,224,207,2026Q1
CTSH,187,208,2016Q4
CTSH,188,208,2017Q1
CTSH,189,208,2017Q2
CTSH,190,208,2017Q3
CTSH,191,208,2017Q4
CTSH,192,208,2018Q1
CTSH,193,208,2018Q2
CTSH,194,208,2018Q3
CTSH,195,208,2018Q4
CTSH,196,208,2019Q1
CTSH,197,208,2019Q2
CTSH,198,208,2019Q3
CTSH,199,208,2019Q4
CTSH,200,208,2020Q1
CTSH,201,208,2020Q2
CTSH,202,208,2020Q3
CTSH,203,208,2020Q4
CTSH,204,208,2021Q1
CTSH,205,208,2021Q2
CTSH,206,208,2021Q3
CTSH,207,208,2021Q4
CTSH,208,208,2022Q1
CTSH,209,208,2022Q2
CTSH,210,208,2022Q3
CTSH,211,208,2022Q4
CTSH,212,208,2023Q1
CTSH,213,208,2023Q2
CTSH,214,208,2023Q3
CTSH,215,208,2023Q4
CTSH,216,208,2024Q1
CTSH,217,208,2024Q2
CTSH,218,208,2024Q3
CTSH,219,208,2024Q4
CTSH,220,208,2025Q1
CTSH,221,208,2025Q2
CTSH,222,208,2025Q3
CTSH,223,208,2025Q4
CTSH,224,208,2026Q1
CTSH,225,208,2026Q2
CTVA,197,209,2019Q2
CTVA,198,209,2019Q3
CTVA,199,209,2019Q4
CTVA,200,209,2020Q1
CTVA,201,209,2020Q2
CTVA,202,209,2020Q3
CTVA,203,209,2020Q4
CTVA,204,209,2021Q1
CTVA,205,209,2021Q2
CTVA,206,209,2021Q3
CTVA,207,209,2021Q4
CTVA,208,209,2022Q1
CTVA,209,209,2022Q2
CTVA,210,209,2022Q3
CTVA,211,209,2022Q4
CTVA,212,209,2023Q1
CTVA,213,209,2023Q2
CTVA,214,209,2023Q3
CTVA,215,209,2023Q4
CTVA,216,209,2024Q1
CTVA,217,209,2024Q2
CTVA,218,209,2024Q3
CTVA,219,209,2024Q4
CTVA,220,209,2025Q1
CTVA,221,209,2025Q2
CTVA,222,209,2025Q3
CTVA,223,209,2025Q4
CTVA,224,209,2026Q1
CTVA,225,209,2026Q2
CTXS,187,211,2016Q4
CTXS,188,211,2017Q1
CTXS,189,211,2017Q2
CTXS,190,211,2017Q3
CTXS,191,211,2017Q4
CTXS,192,211,2018Q1
CTXS,193,211,2018Q2
CTXS,194,211,2018Q3
CTXS,195,211,2018Q4
CTXS,196,211,2019Q1
CTXS,197,211,2019Q2
CTXS,198,211,2019Q3
CTXS,199,211,2019Q4
CTXS,200,211,2020Q1
CTXS,201,211,2020Q2
CTXS,202,211,2020Q3
CTXS,203,211,2020Q4
CTXS,204,211,2021Q1
CTXS,205,211,2021Q2
CTXS,206,211,2021Q3
CTXS,207,211,2021Q4
CTXS,208,211,2022Q1
CTXS,209,211,2022Q2
CTXS,210,211,2022Q3
CVNA,223,215,2025Q4
CVNA,224,215,2026Q1
CVNA,225,215,2026Q2
CVS,187,216,2016Q4
CVS,188,216,2017Q1
CVS,189,216,2017Q2
CVS,190,216,2017Q3
CVS,191,216,2017Q4
CVS,192,216,2018Q1
CVS,193,216,2018Q2
CVS,194,216,2018Q3
CVS,195,216,2018Q4
CVS,196,216,2019Q1
CVS,197,216,2019Q2
CVS,198,216,2019Q3
CVS,199,216,2019Q4
CVS,200,216,2020Q1
CVS,201,216,2020Q2
CVS,202,216,2020Q3
CVS,203,216,2020Q4
CVS,204,216,2021Q1
CVS,205,216,2021Q2
CVS,206,216,2021Q3
CVS,207,216,2021Q4
CVS,208,216,2022Q1
CVS,209,216,2022Q2
CVS,210,216,2022Q3
CVS,211,216,2022Q4
CVS,212,216,2023Q1
CVS,213,216,2023Q2
CVS,214,216,2023Q3
CVS,215,216,2023Q4
CVS,216,216,2024Q1
CVS,217,216,2024Q2
CVS,218,216,2024Q3
CVS,219,216,2024Q4
CVS,220,216,2025Q1
CVS,221,216,2025Q2
CVS,222,216,2025Q3
CVS,223,216,2025Q4
CVS,224,216,2026Q1
CVS,225,216,2026Q2
CVX,187,217,2016Q4
CVX,188,217,2017Q1
CVX,189,217,2017Q2
CVX,190,217,2017Q3
CVX,191,217,2017Q4
CVX,192,217,2018Q1
CVX,193,217,2018Q2
CVX,194,217,2018Q3
CVX,195,217,2018Q4
CVX,196,217,2019Q1
CVX,197,217,2019Q2
CVX,198,217,2019Q3
CVX,199,217,2019Q4
CVX,200,217,2020Q1
CVX,201,217,2020Q2
CVX,202,217,2020Q3
CVX,203,217,2020Q4
CVX,204,217,2021Q1
CVX,205,217,2021Q2
CVX,206,217,2021Q3
CVX,207,217,2021Q4
CVX,208,217,2022Q1
CVX,209,217,2022Q2
CVX,210,217,2022Q3
CVX,211,217,2022Q4
CVX,212,217,2023Q1
CVX,213,217,2023Q2
CVX,214,217,2023Q3
CVX,215,217,2023Q4
CVX,216,217,2024Q1
CVX,217,217,2024Q2
CVX,218,217,2024Q3
CVX,219,217,2024Q4
CVX,220,217,2025Q1
CVX,221,217,2025Q2
CVX,222,217,2025Q3
CVX,223,217,2025Q4
CVX,224,217,2026Q1
CVX,225,217,2026Q2
CXO,187,218,2016Q4
CXO,188,218,2017Q1
CXO,189,218,2017Q2
CXO,190,218,2017Q3
CXO,191,218,2017Q4
CXO,192,218,2018Q1
CXO,193,218,2018Q2
CXO,194,218,2018Q3
CXO,195,218,2018Q4
CXO,196,218,2019Q1
CXO,197,218,2019Q2
CXO,198,218,2019Q3
CXO,199,218,2019Q4
CXO,200,218,2020Q1
CXO,201,218,2020Q2
CXO,202,218,2020Q3
CXO,203,218,2020Q4
CZR,204,219,2021Q1
CZR,205,219,2021Q2
CZR,206,219,2021Q3
CZR,207,219,2021Q4
CZR,208,219,2022Q1
CZR,209,219,2022Q2
CZR,210,219,2022Q3
CZR,211,219,2022Q4
CZR,212,219,2023Q1
CZR,213,219,2023Q2
CZR,214,219,2023Q3
CZR,215,219,2023Q4
CZR,216,219,2024Q1
CZR,217,219,2024Q2
CZR,218,219,2024Q3
CZR,219,219,2024Q4
CZR,220,219,2025Q1
CZR,221,219,2025Q2
D,187,220,2016Q4
D,188,220,2017Q1
D,189,220,2017Q2
D,190,220,2017Q3
D,191,220,2017Q4
D,192,220,2018Q1
D,193,220,2018Q2
D,194,220,2018Q3
D,195,220,2018Q4
D,196,220,2019Q1
D,197,220,2019Q2
D,198,220,2019Q3
D,199,220,2019Q4
D,200,220,2020Q1
D,201,220,2020Q2
D,202,220,2020Q3
D,203,220,2020Q4
D,204,220,2021Q1
D,205,220,2021Q2
D,206,220,2021Q3
D,207,220,2021Q4
D,208,220,2022Q1
D,209,220,2022Q2
D,210,220,2022Q3
D,211,220,2022Q4
D,212,220,2023Q1
D,213,220,2023Q2
D,214,220,2023Q3
D,215,220,2023Q4
D,216,220,2024Q1
D,217,220,2024Q2
D,218,220,2024Q3
D,219,220,2024Q4
D,220,220,2025Q1
D,221,220,2025Q2
D,222,220,2025Q3
D,223,220,2025Q4
D,224,220,2026Q1
D,225,220,2026Q2
DAL,187,221,2016Q4
DAL,188,221,2017Q1
DAL,189,221,2017Q2
DAL,190,221,2017Q3
DAL,191,221,2017Q4
DAL,192,221,2018Q1
DAL,193,221,2018Q2
DAL,194,221,2018Q3
DAL,195,221,2018Q4
DAL,196,221,2019Q1
DAL,197,221,2019Q2
DAL,198,221,2019Q3
DAL,199,221,2019Q4
DAL,200,221,2020Q1
DAL,201,221,2020Q2
DAL,202,221,2020Q3
DAL,203,221,2020Q4
DAL,204,221,2021Q1
DAL,205,221,2021Q2
DAL,206,221,2021Q3
DAL,207,221,2021Q4
DAL,208,221,2022Q1
DAL,209,221,2022Q2
DAL,210,221,2022Q3
DAL,211,221,2022Q4
DAL,212,221,2023Q1
DAL,213,221,2023Q2
DAL,214,221,2023Q3
DAL,215,221,2023Q4
DAL,216,221,2024Q1
DAL,217,221,2024Q2
DAL,218,221,2024Q3
DAL,219,221,2024Q4
DAL,220,221,2025Q1
DAL,221,221,2025Q2
DAL,222,221,2025Q3
DAL,223,221,2025Q4
DAL,224,221,2026Q1
DAL,225,221,2026Q2
DASH,220,222,2025Q1
DASH,221,222,2025Q2
DASH,222,222,2025Q3
DASH,223,222,2025Q4
DASH,224,222,2026Q1
DASH,225,222,2026Q2
DAY,216,223,2024Q1
DAY,217,223,2024Q2
DAY,218,223,2024Q3
DAY,219,223,2024Q4
DAY,220,223,2025Q1
DAY,221,223,2025Q2
DAY,222,223,2025Q3
DAY,223,223,2025Q4
DD,187,224,2016Q4
DD,188,224,2017Q1
DD,189,224,2017Q2
DD,197,225,2019Q2
DD,198,225,2019Q3
DD,199,225,2019Q4
DD,200,225,2020Q1
DD,201,225,2020Q2
DD,202,225,2020Q3
DD,203,225,2020Q4
DD,204,225,2021Q1
DD,205,225,2021Q2
DD,206,225,2021Q3
DD,207,225,2021Q4
DD,208,225,2022Q1
DD,209,225,2022Q2
DD,210,225,2022Q3
DD,211,225,2022Q4
DD,212,225,2023Q1
DD,213,225,2023Q2
DD,214,225,2023Q3
DD,215,225,2023Q4
DD,216,225,2024Q1
DD,217,225,2024Q2
DD,218,225,2024Q3
DD,219,225,2024Q4
DD,220,225,2025Q1
DD,221,225,2025Q2
DD,222,225,2025Q3
DD,223,225,2025Q4
DD,224,225,2026Q1
DD,225,225,2026Q2
DDOG,222,226,2025Q3
DDOG,223,226,2025Q4
DDOG,224,226,2026Q1
DDOG,225,226,2026Q2
DE,187,227,2016Q4
DE,188,227,2017Q1
DE,189,227,2017Q2
DE,190,227,2017Q3
DE,191,227,2017Q4
DE,192,227,2018Q1
DE,193,227,2018Q2
DE,194,227,2018Q3
DE,195,227,2018Q4
DE,196,227,2019Q1
DE,197,227,2019Q2
DE,198,227,2019Q3
DE,199,227,2019Q4
DE,200,227,2020Q1
DE,201,227,2020Q2
DE,202,227,2020Q3
DE,203,227,2020Q4
DE,204,227,2021Q1
DE,205,227,2021Q2
DE,206,227,2021Q3
DE,207,227,2021Q4
DE,208,227,2022Q1
DE,209,227,2022Q2
DE,210,227,2022Q3
DE,211,227,2022Q4
DE,212,227,2023Q1
DE,213,227,2023Q2
DE,214,227,2023Q3
DE,215,227,2023Q4
DE,216,227,2024Q1
DE,217,227,2024Q2
DE,218,227,2024Q3
DE,219,227,2024Q4
DE,220,227,2025Q1
DE,221,227,2025Q2
DE,222,227,2025Q3
DE,223,227,2025Q4
DE,224,227,2026Q1
DE,225,227,2026Q2
DECK,216,228,2024Q1
DECK,217,228,2024Q2
DECK,218,228,2024Q3
DECK,219,228,2024Q4
DECK,220,228,2025Q1
DECK,221,228,2025Q2
DECK,222,228,2025Q3
DECK,223,228,2025Q4
DECK,224,228,2026Q1
DECK,225,228,2026Q2
DELL,218,230,2024Q3
DELL,219,230,2024Q4
DELL,220,230,2025Q1
DELL,221,230,2025Q2
DELL,222,230,2025Q3
DELL,223,230,2025Q4
DELL,224,230,2026Q1
DELL,225,230,2026Q2
DFS,187,232,2016Q4
DFS,188,232,2017Q1
DFS,189,232,2017Q2
DFS,190,232,2017Q3
DFS,191,232,2017Q4
DFS,192,232,2018Q1
DFS,193,232,2018Q2
DFS,194,232,2018Q3
DFS,195,232,2018Q4
DFS,196,232,2019Q1
DFS,197,232,2019Q2
DFS,198,232,2019Q3
DFS,199,232,2019Q4
DFS,200,232,2020Q1
DFS,201,232,2020Q2
DFS,202,232,2020Q3
DFS,203,232,2020Q4
DFS,204,232,2021Q1
DFS,205,232,2021Q2
DFS,206,232,2021Q3
DFS,207,232,2021Q4
DFS,208,232,2022Q1
DFS,209,232,2022Q2
DFS,210,232,2022Q3
DFS,211,232,2022Q4
DFS,212,232,2023Q1
DFS,213,232,2023Q2
DFS,214,232,2023Q3
DFS,215,232,2023Q4
DFS,216,232,2024Q1
DFS,217,232,2024Q2
DFS,218,232,2024Q3
DFS,219,232,2024Q4
DFS,220,232,2025Q1
DG,187,233,2016Q4
DG,188,233,2017Q1
DG,189,233,2017Q2
DG,190,233,2017Q3
DG,191,233,2017Q4
DG,192,233,2018Q1
DG,193,233,2018Q2
DG,194,233,2018Q3
DG,195,233,2018Q4
DG,196,233,2019Q1
DG,197,233,2019Q2
DG,198,233,2019Q3
DG,199,233,2019Q4
DG,200,233,2020Q1
DG,201,233,2020Q2
DG,202,233,2020Q3
DG,203,233,2020Q4
DG,204,233,2021Q1
DG,205,233,2021Q2
DG,206,233,2021Q3
DG,207,233,2021Q4
DG,208,233,2022Q1
DG,209,233,2022Q2
DG,210,233,2022Q3
DG,211,233,2022Q4
DG,212,233,2023Q1
DG,213,233,2023Q2
DG,214,233,2023Q3
DG,215,233,2023Q4
DG,216,233,2024Q1
DG,217,233,2024Q2
DG,218,233,2024Q3
DG,219,233,2024Q4
DG,220,233,2025Q1
DG,221,233,2025Q2
DG,222,233,2025Q3
DG,223,233,2025Q4
DG,224,233,2026Q1
DG,225,233,2026Q2
DGX,187,234,2016Q4
DGX,188,234,2017Q1
DGX,189,234,2017Q2
DGX,190,234,2017Q3
DGX,191,234,2017Q4
DGX,192,234,2018Q1
DGX,193,234,2018Q2
DGX,194,234,2018Q3
DGX,195,234,2018Q4
DGX,196,234,2019Q1
DGX,197,234,2019Q2
DGX,198,234,2019Q3
DGX,199,234,2019Q4
DGX,200,234,2020Q1
DGX,201,234,2020Q2
DGX,202,234,2020Q3
DGX,203,234,2020Q4
DGX,204,234,2021Q1
DGX,205,234,2021Q2
DGX,206,234,2021Q3
DGX,207,234,2021Q4
DGX,208,234,2022Q1
DGX,209,234,2022Q2
DGX,210,234,2022Q3
DGX,211,234,2022Q4
DGX,212,234,2023Q1
DGX,213,234,2023Q2
DGX,214,234,2023Q3
DGX,215,234,2023Q4
DGX,216,234,2024Q1
DGX,217,234,2024Q2
DGX,218,234,2024Q3
DGX,219,234,2024Q4
DGX,220,234,2025Q1
DGX,221,234,2025Q2
DGX,222,234,2025Q3
DGX,223,234,2025Q4
DGX,224,234,2026Q1
DGX,225,234,2026Q2
DHI,187,235,2016Q4
DHI,188,235,2017Q1
DHI,189,235,2017Q2
DHI,190,235,2017Q3
DHI,191,235,2017Q4
DHI,192,235,2018Q1
DHI,193,235,2018Q2
DHI,194,235,2018Q3
DHI,195,235,2018Q4
DHI,196,235,2019Q1
DHI,197,235,2019Q2
DHI,198,235,2019Q3
DHI,199,235,2019Q4
DHI,200,235,2020Q1
DHI,201,235,2020Q2
DHI,202,235,2020Q3
DHI,203,235,2020Q4
DHI,204,235,2021Q1
DHI,205,235,2021Q2
DHI,206,235,2021Q3
DHI,207,235,2021Q4
DHI,208,235,2022Q1
DHI,209,235,2022Q2
DHI,210,235,2022Q3
DHI,211,235,2022Q4
DHI,212,235,2023Q1
DHI,213,235,2023Q2
DHI,214,235,2023Q3
DHI,215,235,2023Q4
DHI,216,235,2024Q1
DHI,217,235,2024Q2
DHI,218,235,2024Q3
DHI,219,235,2024Q4
DHI,220,235,2025Q1
DHI,221,235,2025Q2
DHI,222,235,2025Q3
DHI,223,235,2025Q4
DHI,224,235,2026Q1
DHI,225,235,2026Q2
DHR,187,236,2016Q4
DHR,188,236,2017Q1
DHR,189,236,2017Q2
DHR,190,236,2017Q3
DHR,191,236,2017Q4
DHR,192,236,2018Q1
DHR,193,236,2018Q2
DHR,194,236,2018Q3
DHR,195,236,2018Q4
DHR,196,236,2019Q1
DHR,197,236,2019Q2
DHR,198,236,2019Q3
DHR,199,236,2019Q4
DHR,200,236,2020Q1
DHR,201,236,2020Q2
DHR,202,236,2020Q3
DHR,203,236,2020Q4
DHR,204,236,2021Q1
DHR,205,236,2021Q2
DHR,206,236,2021Q3
DHR,207,236,2021Q4
DHR,208,236,2022Q1
DHR,209,236,2022Q2
DHR,210,236,2022Q3
DHR,211,236,2022Q4
DHR,212,236,2023Q1
DHR,213,236,2023Q2
DHR,214,236,2023Q3
DHR,215,236,2023Q4
DHR,216,236,2024Q1
DHR,217,236,2024Q2
DHR,218,236,2024Q3
DHR,219,236,2024Q4
DHR,220,236,2025Q1
DHR,221,236,2025Q2
DHR,222,236,2025Q3
DHR,223,236,2025Q4
DHR,224,236,2026Q1
DHR,225,236,2026Q2
DIS,187,237,2016Q4
DIS,188,237,2017Q1
DIS,189,237,2017Q2
DIS,190,237,2017Q3
DIS,191,237,2017Q4
DIS,192,237,2018Q1
DIS,193,237,2018Q2
DIS,194,237,2018Q3
DIS,195,237,2018Q4
DIS,196,237,2019Q1
DIS,197,237,2019Q2
DIS,198,237,2019Q3
DIS,199,237,2019Q4
DIS,200,237,2020Q1
DIS,201,237,2020Q2
DIS,202,237,2020Q3
DIS,203,237,2020Q4
DIS,204,237,2021Q1
DIS,205,237,2021Q2
DIS,206,237,2021Q3
DIS,207,237,2021Q4
DIS,208,237,2022Q1
DIS,209,237,2022Q2
DIS,210,237,2022Q3
DIS,211,237,2022Q4
DIS,212,237,2023Q1
DIS,213,237,2023Q2
DIS,214,237,2023Q3
DIS,215,237,2023Q4
DIS,216,237,2024Q1
DIS,217,237,2024Q2
DIS,218,237,2024Q3
DIS,219,237,2024Q4
DIS,220,237,2025Q1
DIS,221,237,2025Q2
DIS,222,237,2025Q3
DIS,223,237,2025Q4
DIS,224,237,2026Q1
DIS,225,237,2026Q2
DISCA,187,238,2016Q4
DISCA,188,238,2017Q1
DISCA,189,238,2017Q2
DISCA,190,238,2017Q3
DISCA,191,238,2017Q4
DISCA,192,238,2018Q1
DISCA,193,238,2018Q2
DISCA,194,238,2018Q3
DISCA,195,238,2018Q4
DISCA,196,238,2019Q1
DISCA,197,238,2019Q2
DISCA,198,238,2019Q3
DISCA,199,238,2019Q4
DISCA,200,238,2020Q1
DISCA,201,238,2020Q2
DISCA,202,238,2020Q3
DISCA,203,238,2020Q4
DISCA,204,238,2021Q1
DISCA,205,238,2021Q2
DISCA,206,238,2021Q3
DISCA,207,238,2021Q4
DISCA,208,238,2022Q1
DISCK,187,239,2016Q4
DISCK,188,239,2017Q1
DISCK,189,239,2017Q2
DISCK,190,239,2017Q3
DISCK,191,239,2017Q4
DISCK,192,239,2018Q1
DISCK,193,239,2018Q2
DISCK,194,239,2018Q3
DISCK,195,239,2018Q4
DISCK,196,239,2019Q1
DISCK,197,239,2019Q2
DISCK,198,239,2019Q3
DISCK,199,239,2019Q4
DISCK,200,239,2020Q1
DISCK,201,239,2020Q2
DISCK,202,239,2020Q3
DISCK,203,239,2020Q4
DISCK,204,239,2021Q1
DISCK,205,239,2021Q2
DISCK,206,239,2021Q3
DISCK,207,239,2021Q4
DISCK,208,239,2022Q1
DISH,188,240,2017Q1
DISH,189,240,2017Q2
DISH,190,240,2017Q3
DISH,191,240,2017Q4
DISH,192,240,2018Q1
DISH,193,240,2018Q2
DISH,194,240,2018Q3
DISH,195,240,2018Q4
DISH,196,240,2019Q1
DISH,197,240,2019Q2
DISH,198,240,2019Q3
DISH,199,240,2019Q4
DISH,200,240,2020Q1
DISH,201,240,2020Q2
DISH,202,240,2020Q3
DISH,203,240,2020Q4
DISH,204,240,2021Q1
DISH,205,240,2021Q2
DISH,206,240,2021Q3
DISH,207,240,2021Q4
DISH,208,240,2022Q1
DISH,209,240,2022Q2
DISH,210,240,2022Q3
DISH,211,240,2022Q4
DISH,212,240,2023Q1
DLR,187,242,2016Q4
DLR,188,242,2017Q1
DLR,189,242,2017Q2
DLR,190,242,2017Q3
DLR,191,242,2017Q4
DLR,192,242,2018Q1
DLR,193,242,2018Q2
DLR,194,242,2018Q3
DLR,195,242,2018Q4
DLR,196,242,2019Q1
DLR,197,242,2019Q2
DLR,198,242,2019Q3
DLR,199,242,2019Q4
DLR,200,242,2020Q1
DLR,201,242,2020Q2
DLR,202,242,2020Q3
DLR,203,242,2020Q4
DLR,204,242,2021Q1
DLR,205,242,2021Q2
DLR,206,242,2021Q3
DLR,207,242,2021Q4
DLR,208,242,2022Q1
DLR,209,242,2022Q2
DLR,210,242,2022Q3
DLR,211,242,2022Q4
DLR,212,242,2023Q1
DLR,213,242,2023Q2
DLR,214,242,2023Q3
DLR,215,242,2023Q4
DLR,216,242,2024Q1
DLR,217,242,2024Q2
DLR,218,242,2024Q3
DLR,219,242,2024Q4
DLR,220,242,2025Q1
DLR,221,242,2025Q2
DLR,222,242,2025Q3
DLR,223,242,2025Q4
DLR,224,242,2026Q1
DLR,225,242,2026Q2
DLTR,187,243,2016Q4
DLTR,188,243,2017Q1
DLTR,189,243,2017Q2
DLTR,190,243,2017Q3
DLTR,191,243,2017Q4
DLTR,192,243,2018Q1
DLTR,193,243,2018Q2
DLTR,194,243,2018Q3
DLTR,195,243,2018Q4
DLTR,196,243,2019Q1
DLTR,197,243,2019Q2
DLTR,198,243,2019Q3
DLTR,199,243,2019Q4
DLTR,200,243,2020Q1
DLTR,201,243,2020Q2
DLTR,202,243,2020Q3
DLTR,203,243,2020Q4
DLTR,204,243,2021Q1
DLTR,205,243,2021Q2
DLTR,206,243,2021Q3
DLTR,207,243,2021Q4
DLTR,208,243,2022Q1
DLTR,209,243,2022Q2
DLTR,210,243,2022Q3
DLTR,211,243,2022Q4
DLTR,212,243,2023Q1
DLTR,213,243,2023Q2
DLTR,214,243,2023Q3
DLTR,215,243,2023Q4
DLTR,216,243,2024Q1
DLTR,217,243,2024Q2
DLTR,218,243,2024Q3
DLTR,219,243,2024Q4
DLTR,220,243,2025Q1
DLTR,221,243,2025Q2
DLTR,222,243,2025Q3
DLTR,223,243,2025Q4
DLTR,224,243,2026Q1
DLTR,225,243,2026Q2
DNB,187,244,2016Q4
DNB,188,244,2017Q1
DOC,187,247,2016Q4
DOC,188,247,2017Q1
DOC,189,247,2017Q2
DOC,190,247,2017Q3
DOC,191,247,2017Q4
DOC,192,247,2018Q1
DOC,193,247,2018Q2
DOC,194,247,2018Q3
DOC,195,247,2018Q4
DOC,196,247,2019Q1
DOC,197,247,2019Q2
DOC,198,247,2019Q3
DOC,199,247,2019Q4
DOC,200,247,2020Q1
DOC,201,247,2020Q2
DOC,202,247,2020Q3
DOC,203,247,2020Q4
DOC,204,247,2021Q1
DOC,205,247,2021Q2
DOC,206,247,2021Q3
DOC,207,247,2021Q4
DOC,208,247,2022Q1
DOC,209,247,2022Q2
DOC,210,247,2022Q3
DOC,211,247,2022Q4
DOC,212,247,2023Q1
DOC,213,247,2023Q2
DOC,214,247,2023Q3
DOC,215,247,2023Q4
DOC,216,247,2024Q1
DOC,217,247,2024Q2
DOC,218,247,2024Q3
DOC,219,247,2024Q4
DOC,220,247,2025Q1
DOC,221,247,2025Q2
DOC,222,247,2025Q3
DOC,223,247,2025Q4
DOC,224,247,2026Q1
DOC,225,247,2026Q2
DOV,187,248,2016Q4
DOV,188,248,2017Q1
DOV,189,248,2017Q2
DOV,190,248,2017Q3
DOV,191,248,2017Q4
DOV,192,248,2018Q1
DOV,193,248,2018Q2
DOV,194,248,2018Q3
DOV,195,248,2018Q4
DOV,196,248,2019Q1
DOV,197,248,2019Q2
DOV,198,248,2019Q3
DOV,199,248,2019Q4
DOV,200,248,2020Q1
DOV,201,248,2020Q2
DOV,202,248,2020Q3
DOV,203,248,2020Q4
DOV,204,248,2021Q1
DOV,205,248,2021Q2
DOV,206,248,2021Q3
DOV,207,248,2021Q4
DOV,208,248,2022Q1
DOV,209,248,2022Q2
DOV,210,248,2022Q3
DOV,211,248,2022Q4
DOV,212,248,2023Q1
DOV,213,248,2023Q2
DOV,214,248,2023Q3
DOV,215,248,2023Q4
DOV,216,248,2024Q1
DOV,217,248,2024Q2
DOV,218,248,2024Q3
DOV,219,248,2024Q4
DOV,220,248,2025Q1
DOV,221,248,2025Q2
DOV,222,248,2025Q3
DOV,223,248,2025Q4
DOV,224,248,2026Q1
DOV,225,248,2026Q2
DOW,187,249,2016Q4
DOW,188,249,2017Q1
DOW,189,249,2017Q2
DOW,197,250,2019Q2
DOW,198,250,2019Q3
DOW,199,250,2019Q4
DOW,200,250,2020Q1
DOW,201,250,2020Q2
DOW,202,250,2020Q3
DOW,203,250,2020Q4
DOW,204,250,2021Q1
DOW,205,250,2021Q2
DOW,206,250,2021Q3
DOW,207,250,2021Q4
DOW,208,250,2022Q1
DOW,209,250,2022Q2
DOW,210,250,2022Q3
DOW,211,250,2022Q4
DOW,212,250,2023Q1
DOW,213,250,2023Q2
DOW,214,250,2023Q3
DOW,215,250,2023Q4
DOW,216,250,2024Q1
DOW,217,250,2024Q2
DOW,218,250,2024Q3
DOW,219,250,2024Q4
DOW,220,250,2025Q1
DOW,221,250,2025Q2
DOW,222,250,2025Q3
DOW,223,250,2025Q4
DOW,224,250,2026Q1
DOW,225,250,2026Q2
DPS,187,251,2016Q4
DPS,188,251,2017Q1
DPS,189,251,2017Q2
DPS,190,251,2017Q3
DPS,191,251,2017Q4
DPS,192,251,2018Q1
DPS,193,251,2018Q2
DPZ,201,252,2020Q2
DPZ,202,252,2020Q3
DPZ,203,252,2020Q4
DPZ,204,252,2021Q1
DPZ,205,252,2021Q2
DPZ,206,252,2021Q3
DPZ,207,252,2021Q4
DPZ,208,252,2022Q1
DPZ,209,252,2022Q2
DPZ,210,252,2022Q3
DPZ,211,252,2022Q4
DPZ,212,252,2023Q1
DPZ,213,252,2023Q2
DPZ,214,252,2023Q3
DPZ,215,252,2023Q4
DPZ,216,252,2024Q1
DPZ,217,252,2024Q2
DPZ,218,252,2024Q3
DPZ,219,252,2024Q4
DPZ,220,252,2025Q1
DPZ,221,252,2025Q2
DPZ,222,252,2025Q3
DPZ,223,252,2025Q4
DPZ,224,252,2026Q1
DPZ,225,252,2026Q2
DRE,190,253,2017Q3
DRE,191,253,2017Q4
DRE,192,253,2018Q1
DRE,193,253,2018Q2
DRE,194,253,2018Q3
DRE,195,253,2018Q4
DRE,196,253,2019Q1
DRE,197,253,2019Q2
DRE,198,253,2019Q3
DRE,199,253,2019Q4
DRE,200,253,2020Q1
DRE,201,253,2020Q2
DRE,202,253,2020Q3
DRE,203,253,2020Q4
DRE,204,253,2021Q1
DRE,205,253,2021Q2
DRE,206,253,2021Q3
DRE,207,253,2021Q4
DRE,208,253,2022Q1
DRE,209,253,2022Q2
DRE,210,253,2022Q3
DRI,187,254,2016Q4
DRI,188,254,2017Q1
DRI,189,254,2017Q2
DRI,190,254,2017Q3
DRI,191,254,2017Q4
DRI,192,254,2018Q1
DRI,193,254,2018Q2
DRI,194,254,2018Q3
DRI,195,254,2018Q4
DRI,196,254,2019Q1
DRI,197,254,2019Q2
DRI,198,254,2019Q3
DRI,199,254,2019Q4
DRI,200,254,2020Q1
DRI,201,254,2020Q2
DRI,202,254,2020Q3
DRI,203,254,2020Q4
DRI,204,254,2021Q1
DRI,205,254,2021Q2
DRI,206,254,2021Q3
DRI,207,254,2021Q4
DRI,208,254,2022Q1
DRI,209,254,2022Q2
DRI,210,254,2022Q3
DRI,211,254,2022Q4
DRI,212,254,2023Q1
DRI,213,254,2023Q2
DRI,214,254,2023Q3
DRI,215,254,2023Q4
DRI,216,254,2024Q1
DRI,217,254,2024Q2
DRI,218,254,2024Q3
DRI,219,254,2024Q4
DRI,220,254,2025Q1
DRI,221,254,2025Q2
DRI,222,254,2025Q3
DRI,223,254,2025Q4
DRI,224,254,2026Q1
DRI,225,254,2026Q2
DTE,187,255,2016Q4
DTE,188,255,2017Q1
DTE,189,255,2017Q2
DTE,190,255,2017Q3
DTE,191,255,2017Q4
DTE,192,255,2018Q1
DTE,193,255,2018Q2
DTE,194,255,2018Q3
DTE,195,255,2018Q4
DTE,196,255,2019Q1
DTE,197,255,2019Q2
DTE,198,255,2019Q3
DTE,199,255,2019Q4
DTE,200,255,2020Q1
DTE,201,255,2020Q2
DTE,202,255,2020Q3
DTE,203,255,2020Q4
DTE,204,255,2021Q1
DTE,205,255,2021Q2
DTE,206,255,2021Q3
DTE,207,255,2021Q4
DTE,208,255,2022Q1
DTE,209,255,2022Q2
DTE,210,255,2022Q3
DTE,211,255,2022Q4
DTE,212,255,2023Q1
DTE,213,255,2023Q2
DTE,214,255,2023Q3
DTE,215,255,2023Q4
DTE,216,255,2024Q1
DTE,217,255,2024Q2
DTE,218,255,2024Q3
DTE,219,255,2024Q4
DTE,220,255,2025Q1
DTE,221,255,2025Q2
DTE,222,255,2025Q3
DTE,223,255,2025Q4
DTE,224,255,2026Q1
DTE,225,255,2026Q2
DUK,187,257,2016Q4
DUK,188,257,2017Q1
DUK,189,257,2017Q2
DUK,190,257,2017Q3
DUK,191,257,2017Q4
DUK,192,257,2018Q1
DUK,193,257,2018Q2
DUK,194,257,2018Q3
DUK,195,257,2018Q4
DUK,196,257,2019Q1
DUK,197,257,2019Q2
DUK,198,257,2019Q3
DUK,199,257,2019Q4
DUK,200,257,2020Q1
DUK,201,257,2020Q2
DUK,202,257,2020Q3
DUK,203,257,2020Q4
DUK,204,257,2021Q1
DUK,205,257,2021Q2
DUK,206,257,2021Q3
DUK,207,257,2021Q4
DUK,208,257,2022Q1
DUK,209,257,2022Q2
DUK,210,257,2022Q3
DUK,211,257,2022Q4
DUK,212,257,2023Q1
DUK,213,257,2023Q2
DUK,214,257,2023Q3
DUK,215,257,2023Q4
DUK,216,257,2024Q1
DUK,217,257,2024Q2
DUK,218,257,2024Q3
DUK,219,257,2024Q4
DUK,220,257,2025Q1
DUK,221,257,2025Q2
DUK,222,257,2025Q3
DUK,223,257,2025Q4
DUK,224,257,2026Q1
DUK,225,257,2026Q2
DVA,187,259,2016Q4
DVA,188,259,2017Q1
DVA,189,259,2017Q2
DVA,190,259,2017Q3
DVA,191,259,2017Q4
DVA,192,259,2018Q1
DVA,193,259,2018Q2
DVA,194,259,2018Q3
DVA,195,259,2018Q4
DVA,196,259,2019Q1
DVA,197,259,2019Q2
DVA,198,259,2019Q3
DVA,199,259,2019Q4
DVA,200,259,2020Q1
DVA,201,259,2020Q2
DVA,202,259,2020Q3
DVA,203,259,2020Q4
DVA,204,259,2021Q1
DVA,205,259,2021Q2
DVA,206,259,2021Q3
DVA,207,259,2021Q4
DVA,208,259,2022Q1
DVA,209,259,2022Q2
DVA,210,259,2022Q3
DVA,211,259,2022Q4
DVA,212,259,2023Q1
DVA,213,259,2023Q2
DVA,214,259,2023Q3
DVA,215,259,2023Q4
DVA,216,259,2024Q1
DVA,217,259,2024Q2
DVA,218,259,2024Q3
DVA,219,259,2024Q4
DVA,220,259,2025Q1
DVA,221,259,2025Q2
DVA,222,259,2025Q3
DVA,223,259,2025Q4
DVA,224,259,2026Q1
DVA,225,259,2026Q2
DVN,187,260,2016Q4
DVN,188,260,2017Q1
DVN,189,260,2017Q2
DVN,190,260,2017Q3
DVN,191,260,2017Q4
DVN,192,260,2018Q1
DVN,193,260,2018Q2
DVN,194,260,2018Q3
DVN,195,260,2018Q4
DVN,196,260,2019Q1
DVN,197,260,2019Q2
DVN,198,260,2019Q3
DVN,199,260,2019Q4
DVN,200,260,2020Q1
DVN,201,260,2020Q2
DVN,202,260,2020Q3
DVN,203,260,2020Q4
DVN,204,260,2021Q1
DVN,205,260,2021Q2
DVN,206,260,2021Q3
DVN,207,260,2021Q4
DVN,208,260,2022Q1
DVN,209,260,2022Q2
DVN,210,260,2022Q3
DVN,211,260,2022Q4
DVN,212,260,2023Q1
DVN,213,260,2023Q2
DVN,214,260,2023Q3
DVN,215,260,2023Q4
DVN,216,260,2024Q1
DVN,217,260,2024Q2
DVN,218,260,2024Q3
DVN,219,260,2024Q4
DVN,220,260,2025Q1
DVN,221,260,2025Q2
DVN,222,260,2025Q3
DVN,223,260,2025Q4
DVN,224,260,2026Q1
DVN,225,260,2026Q2
DWDP,190,261,2017Q3
DWDP,191,261,2017Q4
DWDP,192,261,2018Q1
DWDP,193,261,2018Q2
DWDP,194,261,2018Q3
DWDP,195,261,2018Q4
DWDP,196,261,2019Q1
DXC,189,262,2017Q2
DXC,190,262,2017Q3
DXC,191,262,2017Q4
DXC,192,262,2018Q1
DXC,193,262,2018Q2
DXC,194,262,2018Q3
DXC,195,262,2018Q4
DXC,196,262,2019Q1
DXC,197,262,2019Q2
DXC,198,262,2019Q3
DXC,199,262,2019Q4
DXC,200,262,2020Q1
DXC,201,262,2020Q2
DXC,202,262,2020Q3
DXC,203,262,2020Q4
DXC,204,262,2021Q1
DXC,205,262,2021Q2
DXC,206,262,2021Q3
DXC,207,262,2021Q4
DXC,208,262,2022Q1
DXC,209,262,2022Q2
DXC,210,262,2022Q3
DXC,211,262,2022Q4
DXC,212,262,2023Q1
DXC,213,262,2023Q2
DXC,214,262,2023Q3
DXCM,201,263,2020Q2
DXCM,202,263,2020Q3
DXCM,203,263,2020Q4
DXCM,204,263,2021Q1
DXCM,205,263,2021Q2
DXCM,206,263,2021Q3
DXCM,207,263,2021Q4
DXCM,208,263,2022Q1
DXCM,209,263,2022Q2
DXCM,210,263,2022Q3
DXCM,211,263,2022Q4
DXCM,212,263,2023Q1
DXCM,213,263,2023Q2
DXCM,214,263,2023Q3
DXCM,215,263,2023Q4
DXCM,216,263,2024Q1
DXCM,217,263,2024Q2
DXCM,218,263,2024Q3
DXCM,219,263,2024Q4
DXCM,220,263,2025Q1
DXCM,221,263,2025Q2
DXCM,222,263,2025Q3
DXCM,223,263,2025Q4
DXCM,224,263,2026Q1
DXCM,225,263,2026Q2
EA,187,265,2016Q4
EA,188,265,2017Q1
EA,189,265,2017Q2
EA,190,265,2017Q3
EA,191,265,2017Q4
EA,192,265,2018Q1
EA,193,265,2018Q2
EA,194,265,2018Q3
EA,195,265,2018Q4
EA,196,265,2019Q1
EA,197,265,2019Q2
EA,198,265,2019Q3
EA,199,265,2019Q4
EA,200,265,2020Q1
EA,201,265,2020Q2
EA,202,265,2020Q3
EA,203,265,2020Q4
EA,204,265,2021Q1
EA,205,265,2021Q2
EA,206,265,2021Q3
EA,207,265,2021Q4
EA,208,265,2022Q1
EA,209,265,2022Q2
EA,210,265,2022Q3
EA,211,265,2022Q4
EA,212,265,2023Q1
EA,213,265,2023Q2
EA,214,265,2023Q3
EA,215,265,2023Q4
EA,216,265,2024Q1
EA,217,265,2024Q2
EA,218,265,2024Q3
EA,219,265,2024Q4
EA,220,265,2025Q1
EA,221,265,2025Q2
EA,222,265,2025Q3
EA,223,265,2025Q4
EA,224,265,2026Q1
EA,225,265,2026Q2
EBAY,187,266,2016Q4
EBAY,188,266,2017Q1
EBAY,189,266,2017Q2
EBAY,190,266,2017Q3
EBAY,191,266,2017Q4
EBAY,192,266,2018Q1
EBAY,193,266,2018Q2
EBAY,194,266,2018Q3
EBAY,195,266,2018Q4
EBAY,196,266,2019Q1
EBAY,197,266,2019Q2
EBAY,198,266,2019Q3
EBAY,199,266,2019Q4
EBAY,200,266,2020Q1
EBAY,201,266,2020Q2
EBAY,202,266,2020Q3
EBAY,203,266,2020Q4
EBAY,204,266,2021Q1
EBAY,205,266,2021Q2
EBAY,206,266,2021Q3
EBAY,207,266,2021Q4
EBAY,208,266,2022Q1
EBAY,209,266,2022Q2
EBAY,210,266,2022Q3
EBAY,211,266,2022Q4
EBAY,212,266,2023Q1
EBAY,213,266,2023Q2
EBAY,214,266,2023Q3
EBAY,215,266,2023Q4
EBAY,216,266,2024Q1
EBAY,217,266,2024Q2
EBAY,218,266,2024Q3
EBAY,219,266,2024Q4
EBAY,220,266,2025Q1
EBAY,221,266,2025Q2
EBAY,222,266,2025Q3
EBAY,223,266,2025Q4
EBAY,224,266,2026Q1
EBAY,225,266,2026Q2
ECHO,224,267,2026Q1
ECHO,225,267,2026Q2
ECL,187,268,2016Q4
ECL,188,268,2017Q1
ECL,189,268,2017Q2
ECL,190,268,2017Q3
ECL,191,268,2017Q4
ECL,192,268,2018Q1
ECL,193,268,2018Q2
ECL,194,268,2018Q3
ECL,195,268,2018Q4
ECL,196,268,2019Q1
ECL,197,268,2019Q2
ECL,198,268,2019Q3
ECL,199,268,2019Q4
ECL,200,268,2020Q1
ECL,201,268,2020Q2
ECL,202,268,2020Q3
ECL,203,268,2020Q4
ECL,204,268,2021Q1
ECL,205,268,2021Q2
ECL,206,268,2021Q3
ECL,207,268,2021Q4
ECL,208,268,2022Q1
ECL,209,268,2022Q2
ECL,210,268,2022Q3
ECL,211,268,2022Q4
ECL,212,268,2023Q1
ECL,213,268,2023Q2
ECL,214,268,2023Q3
ECL,215,268,2023Q4
ECL,216,268,2024Q1
ECL,217,268,2024Q2
ECL,218,268,2024Q3
ECL,219,268,2024Q4
ECL,220,268,2025Q1
ECL,221,268,2025Q2
ECL,222,268,2025Q3
ECL,223,268,2025Q4
ECL,224,268,2026Q1
ECL,225,268,2026Q2
ED,187,269,2016Q4
ED,188,269,2017Q1
ED,189,269,2017Q2
ED,190,269,2017Q3
ED,191,269,2017Q4
ED,192,269,2018Q1
ED,193,269,2018Q2
ED,194,269,2018Q3
ED,195,269,2018Q4
ED,196,269,2019Q1
ED,197,269,2019Q2
ED,198,269,2019Q3
ED,199,269,2019Q4
ED,200,269,2020Q1
ED,201,269,2020Q2
ED,202,269,2020Q3
ED,203,269,2020Q4
ED,204,269,2021Q1
ED,205,269,2021Q2
ED,206,269,2021Q3
ED,207,269,2021Q4
ED,208,269,2022Q1
ED,209,269,2022Q2
ED,210,269,2022Q3
ED,211,269,2022Q4
ED,212,269,2023Q1
ED,213,269,2023Q2
ED,214,269,2023Q3
ED,215,269,2023Q4
ED,216,269,2024Q1
ED,217,269,2024Q2
ED,218,269,2024Q3
ED,219,269,2024Q4
ED,220,269,2025Q1
ED,221,269,2025Q2
ED,222,269,2025Q3
ED,223,269,2025Q4
ED,224,269,2026Q1
ED,225,269,2026Q2
EFX,187,270,2016Q4
EFX,188,270,2017Q1
EFX,189,270,2017Q2
EFX,190,270,2017Q3
EFX,191,270,2017Q4
EFX,192,270,2018Q1
EFX,193,270,2018Q2
EFX,194,270,2018Q3
EFX,195,270,2018Q4
EFX,196,270,2019Q1
EFX,197,270,2019Q2
EFX,198,270,2019Q3
EFX,199,270,2019Q4
EFX,200,270,2020Q1
EFX,201,270,2020Q2
EFX,202,270,2020Q3
EFX,203,270,2020Q4
EFX,204,270,2021Q1
EFX,205,270,2021Q2
EFX,206,270,2021Q3
EFX,207,270,2021Q4
EFX,208,270,2022Q1
EFX,209,270,2022Q2
EFX,210,270,2022Q3
EFX,211,270,2022Q4
EFX,212,270,2023Q1
EFX,213,270,2023Q2
EFX,214,270,2023Q3
EFX,215,270,2023Q4
EFX,216,270,2024Q1
EFX,217,270,2024Q2
EFX,218,270,2024Q3
EFX,219,270,2024Q4
EFX,220,270,2025Q1
EFX,221,270,2025Q2
EFX,222,270,2025Q3
EFX,223,270,2025Q4
EFX,224,270,2026Q1
EFX,225,270,2026Q2
EG,189,271,2017Q2
EG,190,271,2017Q3
EG,191,271,2017Q4
EG,192,271,2018Q1
EG,193,271,2018Q2
EG,194,271,2018Q3
EG,195,271,2018Q4
EG,196,271,2019Q1
EG,197,271,2019Q2
EG,198,271,2019Q3
EG,199,271,2019Q4
EG,200,271,2020Q1
EG,201,271,2020Q2
EG,202,271,2020Q3
EG,203,271,2020Q4
EG,204,271,2021Q1
EG,205,271,2021Q2
EG,206,271,2021Q3
EG,207,271,2021Q4
EG,208,271,2022Q1
EG,209,271,2022Q2
EG,210,271,2022Q3
EG,211,271,2022Q4
EG,212,271,2023Q1
EG,213,271,2023Q2
EG,214,271,2023Q3
EG,215,271,2023Q4
EG,216,271,2024Q1
EG,217,271,2024Q2
EG,218,271,2024Q3
EG,219,271,2024Q4
EG,220,271,2025Q1
EG,221,271,2025Q2
EG,222,271,2025Q3
EG,223,271,2025Q4
EG,224,271,2026Q1
EG,225,271,2026Q2
EIX,187,272,2016Q4
EIX,188,272,2017Q1
EIX,189,272,2017Q2
EIX,190,272,2017Q3
EIX,191,272,2017Q4
EIX,192,272,2018Q1
EIX,193,272,2018Q2
EIX,194,272,2018Q3
EIX,195,272,2018Q4
EIX,196,272,2019Q1
EIX,197,272,2019Q2
EIX,198,272,2019Q3
EIX,199,272,2019Q4
EIX,200,272,2020Q1
EIX,201,272,2020Q2
EIX,202,272,2020Q3
EIX,203,272,2020Q4
EIX,204,272,2021Q1
EIX,205,272,2021Q2
EIX,206,272,2021Q3
EIX,207,272,2021Q4
EIX,208,272,2022Q1
EIX,209,272,2022Q2
EIX,210,272,2022Q3
EIX,211,272,2022Q4
EIX,212,272,2023Q1
EIX,213,272,2023Q2
EIX,214,272,2023Q3
EIX,215,272,2023Q4
EIX,216,272,2024Q1
EIX,217,272,2024Q2
EIX,218,272,2024Q3
EIX,219,272,2024Q4
EIX,220,272,2025Q1
EIX,221,272,2025Q2
EIX,222,272,2025Q3
EIX,223,272,2025Q4
EIX,224,272,2026Q1
EIX,225,272,2026Q2
EL,187,274,2016Q4
EL,188,274,2017Q1
EL,189,274,2017Q2
EL,190,274,2017Q3
EL,191,274,2017Q4
EL,192,274,2018Q1
EL,193,274,2018Q2
EL,194,274,2018Q3
EL,195,274,2018Q4
EL,196,274,2019Q1
EL,197,274,2019Q2
EL,198,274,2019Q3
EL,199,274,2019Q4
EL,200,274,2020Q1
EL,201,274,2020Q2
EL,202,274,2020Q3
EL,203,274,2020Q4
EL,204,274,2021Q1
EL,205,274,2021Q2
EL,206,274,2021Q3
EL,207,274,2021Q4
EL,208,274,2022Q1
EL,209,274,2022Q2
EL,210,274,2022Q3
EL,211,274,2022Q4
EL,212,274,2023Q1
EL,213,274,2023Q2
EL,214,274,2023Q3
EL,215,274,2023Q4
EL,216,274,2024Q1
EL,217,274,2024Q2
EL,218,274,2024Q3
EL,219,274,2024Q4
EL,220,274,2025Q1
EL,221,274,2025Q2
EL,222,274,2025Q3
EL,223,274,2025Q4
EL,224,274,2026Q1
EL,225,274,2026Q2
ELV,187,275,2016Q4
ELV,188,275,2017Q1
ELV,189,275,2017Q2
ELV,190,275,2017Q3
ELV,191,275,2017Q4
ELV,192,275,2018Q1
ELV,193,275,2018Q2
ELV,194,275,2018Q3
ELV,195,275,2018Q4
ELV,196,275,2019Q1
ELV,197,275,2019Q2
ELV,198,275,2019Q3
ELV,199,275,2019Q4
ELV,200,275,2020Q1
ELV,201,275,2020Q2
ELV,202,275,2020Q3
ELV,203,275,2020Q4
ELV,204,275,2021Q1
ELV,205,275,2021Q2
ELV,206,275,2021Q3
ELV,207,275,2021Q4
ELV,208,275,2022Q1
ELV,209,275,2022Q2
ELV,210,275,2022Q3
ELV,211,275,2022Q4
ELV,212,275,2023Q1
ELV,213,275,2023Q2
ELV,214,275,2023Q3
ELV,215,275,2023Q4
ELV,216,275,2024Q1
ELV,217,275,2024Q2
ELV,218,275,2024Q3
ELV,219,275,2024Q4
ELV,220,275,2025Q1
ELV,221,275,2025Q2
ELV,222,275,2025Q3
ELV,223,275,2025Q4
ELV,224,275,2026Q1
ELV,225,275,2026Q2
EME,222,277,2025Q3
EME,223,277,2025Q4
EME,224,277,2026Q1
EME,225,277,2026Q2
EMN,187,278,2016Q4
EMN,188,278,2017Q1
EMN,189,278,2017Q2
EMN,190,278,2017Q3
EMN,191,278,2017Q4
EMN,192,278,2018Q1
EMN,193,278,2018Q2
EMN,194,278,2018Q3
EMN,195,278,2018Q4
EMN,196,278,2019Q1
EMN,197,278,2019Q2
EMN,198,278,2019Q3
EMN,199,278,2019Q4
EMN,200,278,2020Q1
EMN,201,278,2020Q2
EMN,202,278,2020Q3
EMN,203,278,2020Q4
EMN,204,278,2021Q1
EMN,205,278,2021Q2
EMN,206,278,2021Q3
EMN,207,278,2021Q4
EMN,208,278,2022Q1
EMN,209,278,2022Q2
EMN,210,278,2022Q3
EMN,211,278,2022Q4
EMN,212,278,2023Q1
EMN,213,278,2023Q2
EMN,214,278,2023Q3
EMN,215,278,2023Q4
EMN,216,278,2024Q1
EMN,217,278,2024Q2
EMN,218,278,2024Q3
EMN,219,278,2024Q4
EMN,220,278,2025Q1
EMN,221,278,2025Q2
EMN,222,278,2025Q3
EMR,187,279,2016Q4
EMR,188,279,2017Q1
EMR,189,279,2017Q2
EMR,190,279,2017Q3
EMR,191,279,2017Q4
EMR,192,279,2018Q1
EMR,193,279,2018Q2
EMR,194,279,2018Q3
EMR,195,279,2018Q4
EMR,196,279,2019Q1
EMR,197,279,2019Q2
EMR,198,279,2019Q3
EMR,199,279,2019Q4
EMR,200,279,2020Q1
EMR,201,279,2020Q2
EMR,202,279,2020Q3
EMR,203,279,2020Q4
EMR,204,279,2021Q1
EMR,205,279,2021Q2
EMR,206,279,2021Q3
EMR,207,279,2021Q4
EMR,208,279,2022Q1
EMR,209,279,2022Q2
EMR,210,279,2022Q3
EMR,211,279,2022Q4
EMR,212,279,2023Q1
EMR,213,279,2023Q2
EMR,214,279,2023Q3
EMR,215,279,2023Q4
EMR,216,279,2024Q1
EMR,217,279,2024Q2
EMR,218,279,2024Q3
EMR,219,279,2024Q4
EMR,220,279,2025Q1
EMR,221,279,2025Q2
EMR,222,279,2025Q3
EMR,223,279,2025Q4
EMR,224,279,2026Q1
EMR,225,279,2026Q2
ENDP,187,280,2016Q4
ENPH,204,281,2021Q1
ENPH,205,281,2021Q2
ENPH,206,281,2021Q3
ENPH,207,281,2021Q4
ENPH,208,281,2022Q1
ENPH,209,281,2022Q2
ENPH,210,281,2022Q3
ENPH,211,281,2022Q4
ENPH,212,281,2023Q1
ENPH,213,281,2023Q2
ENPH,214,281,2023Q3
ENPH,215,281,2023Q4
ENPH,216,281,2024Q1
ENPH,217,281,2024Q2
ENPH,218,281,2024Q3
ENPH,219,281,2024Q4
ENPH,220,281,2025Q1
ENPH,221,281,2025Q2
EOG,187,282,2016Q4
EOG,188,282,2017Q1
EOG,189,282,2017Q2
EOG,190,282,2017Q3
EOG,191,282,2017Q4
EOG,192,282,2018Q1
EOG,193,282,2018Q2
EOG,194,282,2018Q3
EOG,195,282,2018Q4
EOG,196,282,2019Q1
EOG,197,282,2019Q2
EOG,198,282,2019Q3
EOG,199,282,2019Q4
EOG,200,282,2020Q1
EOG,201,282,2020Q2
EOG,202,282,2020Q3
EOG,203,282,2020Q4
EOG,204,282,2021Q1
EOG,205,282,2021Q2
EOG,206,282,2021Q3
EOG,207,282,2021Q4
EOG,208,282,2022Q1
EOG,209,282,2022Q2
EOG,210,282,2022Q3
EOG,211,282,2022Q4
EOG,212,282,2023Q1
EOG,213,282,2023Q2
EOG,214,282,2023Q3
EOG,215,282,2023Q4
EOG,216,282,2024Q1
EOG,217,282,2024Q2
EOG,218,282,2024Q3
EOG,219,282,2024Q4
EOG,220,282,2025Q1
EOG,221,282,2025Q2
EOG,222,282,2025Q3
EOG,223,282,2025Q4
EOG,224,282,2026Q1
EOG,225,282,2026Q2
EPAM,207,284,2021Q4
EPAM,208,284,2022Q1
EPAM,209,284,2022Q2
EPAM,210,284,2022Q3
EPAM,211,284,2022Q4
EPAM,212,284,2023Q1
EPAM,213,284,2023Q2
EPAM,214,284,2023Q3
EPAM,215,284,2023Q4
EPAM,216,284,2024Q1
EPAM,217,284,2024Q2
EPAM,218,284,2024Q3
EPAM,219,284,2024Q4
EPAM,220,284,2025Q1
EPAM,221,284,2025Q2
EPAM,222,284,2025Q3
EPAM,223,284,2025Q4
EPAM,224,284,2026Q1
EQIX,187,285,2016Q4
EQIX,188,285,2017Q1
EQIX,189,285,2017Q2
EQIX,190,285,2017Q3
EQIX,191,285,2017Q4
EQIX,192,285,2018Q1
EQIX,193,285,2018Q2
EQIX,194,285,2018Q3
EQIX,195,285,2018Q4
EQIX,196,285,2019Q1
EQIX,197,285,2019Q2
EQIX,198,285,2019Q3
EQIX,199,285,2019Q4
EQIX,200,285,2020Q1
EQIX,201,285,2020Q2
EQIX,202,285,2020Q3
EQIX,203,285,2020Q4
EQIX,204,285,2021Q1
EQIX,205,285,2021Q2
EQIX,206,285,2021Q3
EQIX,207,285,2021Q4
EQIX,208,285,2022Q1
EQIX,209,285,2022Q2
EQIX,210,285,2022Q3
EQIX,211,285,2022Q4
EQIX,212,285,2023Q1
EQIX,213,285,2023Q2
EQIX,214,285,2023Q3
EQIX,215,285,2023Q4
EQIX,216,285,2024Q1
EQIX,217,285,2024Q2
EQIX,218,285,2024Q3
EQIX,219,285,2024Q4
EQIX,220,285,2025Q1
EQIX,221,285,2025Q2
EQIX,222,285,2025Q3
EQIX,223,285,2025Q4
EQIX,224,285,2026Q1
EQIX,225,285,2026Q2
EQR,187,286,2016Q4
EQR,188,286,2017Q1
EQR,189,286,2017Q2
EQR,190,286,2017Q3
EQR,191,286,2017Q4
EQR,192,286,2018Q1
EQR,193,286,2018Q2
EQR,194,286,2018Q3
EQR,195,286,2018Q4
EQR,196,286,2019Q1
EQR,197,286,2019Q2
EQR,198,286,2019Q3
EQR,199,286,2019Q4
EQR,200,286,2020Q1
EQR,201,286,2020Q2
EQR,202,286,2020Q3
EQR,203,286,2020Q4
EQR,204,286,2021Q1
EQR,205,286,2021Q2
EQR,206,286,2021Q3
EQR,207,286,2021Q4
EQR,208,286,2022Q1
EQR,209,286,2022Q2
EQR,210,286,2022Q3
EQR,211,286,2022Q4
EQR,212,286,2023Q1
EQR,213,286,2023Q2
EQR,214,286,2023Q3
EQR,215,286,2023Q4
EQR,216,286,2024Q1
EQR,217,286,2024Q2
EQR,218,286,2024Q3
EQR,219,286,2024Q4
EQR,220,286,2025Q1
EQR,221,286,2025Q2
EQR,222,286,2025Q3
EQR,223,286,2025Q4
EQR,224,286,2026Q1
EQR,225,286,2026Q2
EQT,187,287,2016Q4
EQT,188,287,2017Q1
EQT,189,287,2017Q2
EQT,190,287,2017Q3
EQT,191,287,2017Q4
EQT,192,287,2018Q1
EQT,193,287,2018Q2
EQT,194,287,2018Q3
EQT,211,288,2022Q4
EQT,212,288,2023Q1
EQT,213,288,2023Q2
EQT,214,288,2023Q3
EQT,215,288,2023Q4
EQT,216,288,2024Q1
EQT,217,288,2024Q2
EQT,218,288,2024Q3
EQT,219,288,2024Q4
EQT,220,288,2025Q1
EQT,221,288,2025Q2
EQT,222,288,2025Q3
EQT,223,288,2025Q4
EQT,224,288,2026Q1
EQT,225,288,2026Q2
ERIE,218,289,2024Q3
ERIE,219,289,2024Q4
ERIE,220,289,2025Q1
ERIE,221,289,2025Q2
ERIE,222,289,2025Q3
ERIE,223,289,2025Q4
ERIE,224,289,2026Q1
ERIE,225,289,2026Q2
ES,187,290,2016Q4
ES,188,290,2017Q1
ES,189,290,2017Q2
ES,190,290,2017Q3
ES,191,290,2017Q4
ES,192,290,2018Q1
ES,193,290,2018Q2
ES,194,290,2018Q3
ES,195,290,2018Q4
ES,196,290,2019Q1
ES,197,290,2019Q2
ES,198,290,2019Q3
ES,199,290,2019Q4
ES,200,290,2020Q1
ES,201,290,2020Q2
ES,202,290,2020Q3
ES,203,290,2020Q4
ES,204,290,2021Q1
ES,205,290,2021Q2
ES,206,290,2021Q3
ES,207,290,2021Q4
ES,208,290,2022Q1
ES,209,290,2022Q2
ES,210,290,2022Q3
ES,211,290,2022Q4
ES,212,290,2023Q1
ES,213,290,2023Q2
ES,214,290,2023Q3
ES,215,290,2023Q4
ES,216,290,2024Q1
ES,217,290,2024Q2
ES,218,290,2024Q3
ES,219,290,2024Q4
ES,220,290,2025Q1
ES,221,290,2025Q2
ES,222,290,2025Q3
ES,223,290,2025Q4
ES,224,290,2026Q1
ES,225,290,2026Q2
ESRX,187,291,2016Q4
ESRX,188,291,2017Q1
ESRX,189,291,2017Q2
ESRX,190,291,2017Q3
ESRX,191,291,2017Q4
ESRX,192,291,2018Q1
ESRX,193,291,2018Q2
ESRX,194,291,2018Q3
ESS,187,292,2016Q4
ESS,188,292,2017Q1
ESS,189,292,2017Q2
ESS,190,292,2017Q3
ESS,191,292,2017Q4
ESS,192,292,2018Q1
ESS,193,292,2018Q2
ESS,194,292,2018Q3
ESS,195,292,2018Q4
ESS,196,292,2019Q1
ESS,197,292,2019Q2
ESS,198,292,2019Q3
ESS,199,292,2019Q4
ESS,200,292,2020Q1
ESS,201,292,2020Q2
ESS,202,292,2020Q3
ESS,203,292,2020Q4
ESS,204,292,2021Q1
ESS,205,292,2021Q2
ESS,206,292,2021Q3
ESS,207,292,2021Q4
ESS,208,292,2022Q1
ESS,209,292,2022Q2
ESS,210,292,2022Q3
ESS,211,292,2022Q4
ESS,212,292,2023Q1
ESS,213,292,2023Q2
ESS,214,292,2023Q3
ESS,215,292,2023Q4
ESS,216,292,2024Q1
ESS,217,292,2024Q2
ESS,218,292,2024Q3
ESS,219,292,2024Q4
ESS,220,292,2025Q1
ESS,221,292,2025Q2
ESS,222,292,2025Q3
ESS,223,292,2025Q4
ESS,224,292,2026Q1
ESS,225,292,2026Q2
ETFC,187,294,2016Q4
ETFC,188,294,2017Q1
ETFC,189,294,2017Q2
ETFC,190,294,2017Q3
ETFC,191,294,2017Q4
ETFC,192,294,2018Q1
ETFC,193,294,2018Q2
ETFC,194,294,2018Q3
ETFC,195,294,2018Q4
ETFC,196,294,2019Q1
ETFC,197,294,2019Q2
ETFC,198,294,2019Q3
ETFC,199,294,2019Q4
ETFC,200,294,2020Q1
ETFC,201,294,2020Q2
ETFC,202,294,2020Q3
ETN,187,295,2016Q4
ETN,188,295,2017Q1
ETN,189,295,2017Q2
ETN,190,295,2017Q3
ETN,191,295,2017Q4
ETN,192,295,2018Q1
ETN,193,295,2018Q2
ETN,194,295,2018Q3
ETN,195,295,2018Q4
ETN,196,295,2019Q1
ETN,197,295,2019Q2
ETN,198,295,2019Q3
ETN,199,295,2019Q4
ETN,200,295,2020Q1
ETN,201,295,2020Q2
ETN,202,295,2020Q3
ETN,203,295,2020Q4
ETN,204,295,2021Q1
ETN,205,295,2021Q2
ETN,206,295,2021Q3
ETN,207,295,2021Q4
ETN,208,295,2022Q1
ETN,209,295,2022Q2
ETN,210,295,2022Q3
ETN,211,295,2022Q4
ETN,212,295,2023Q1
ETN,213,295,2023Q2
ETN,214,295,2023Q3
ETN,215,295,2023Q4
ETN,216,295,2024Q1
ETN,217,295,2024Q2
ETN,218,295,2024Q3
ETN,219,295,2024Q4
ETN,220,295,2025Q1
ETN,221,295,2025Q2
ETN,222,295,2025Q3
ETN,223,295,2025Q4
ETN,224,295,2026Q1
ETN,225,295,2026Q2
ETR,187,296,2016Q4
ETR,188,296,2017Q1
ETR,189,296,2017Q2
ETR,190,296,2017Q3
ETR,191,296,2017Q4
ETR,192,296,2018Q1
ETR,193,296,2018Q2
ETR,194,296,2018Q3
ETR,195,296,2018Q4
ETR,196,296,2019Q1
ETR,197,296,2019Q2
ETR,198,296,2019Q3
ETR,199,296,2019Q4
ETR,200,296,2020Q1
ETR,201,296,2020Q2
ETR,202,296,2020Q3
ETR,203,296,2020Q4
ETR,204,296,2021Q1
ETR,205,296,2021Q2
ETR,206,296,2021Q3
ETR,207,296,2021Q4
ETR,208,296,2022Q1
ETR,209,296,2022Q2
ETR,210,296,2022Q3
ETR,211,296,2022Q4
ETR,212,296,2023Q1
ETR,213,296,2023Q2
ETR,214,296,2023Q3
ETR,215,296,2023Q4
ETR,216,296,2024Q1
ETR,217,296,2024Q2
ETR,218,296,2024Q3
ETR,219,296,2024Q4
ETR,220,296,2025Q1
ETR,221,296,2025Q2
ETR,222,296,2025Q3
ETR,223,296,2025Q4
ETR,224,296,2026Q1
ETR,225,296,2026Q2
ETSY,202,297,2020Q3
ETSY,203,297,2020Q4
ETSY,204,297,2021Q1
ETSY,205,297,2021Q2
ETSY,206,297,2021Q3
ETSY,207,297,2021Q4
ETSY,208,297,2022Q1
ETSY,209,297,2022Q2
ETSY,210,297,2022Q3
ETSY,211,297,2022Q4
ETSY,212,297,2023Q1
ETSY,213,297,2023Q2
ETSY,214,297,2023Q3
ETSY,215,297,2023Q4
ETSY,216,297,2024Q1
ETSY,217,297,2024Q2
EVHC,187,298,2016Q4
EVHC,188,298,2017Q1
EVHC,189,298,2017Q2
EVHC,190,298,2017Q3
EVHC,191,298,2017Q4
EVHC,192,298,2018Q1
EVHC,193,298,2018Q2
EVHC,194,298,2018Q3
EVRG,193,299,2018Q2
EVRG,194,299,2018Q3
EVRG,195,299,2018Q4
EVRG,196,299,2019Q1
EVRG,197,299,2019Q2
EVRG,198,299,2019Q3
EVRG,199,299,2019Q4
EVRG,200,299,2020Q1
EVRG,201,299,2020Q2
EVRG,202,299,2020Q3
EVRG,203,299,2020Q4
EVRG,204,299,2021Q1
EVRG,205,299,2021Q2
EVRG,206,299,2021Q3
EVRG,207,299,2021Q4
EVRG,208,299,2022Q1
EVRG,209,299,2022Q2
EVRG,210,299,2022Q3
EVRG,211,299,2022Q4
EVRG,212,299,2023Q1
EVRG,213,299,2023Q2
EVRG,214,299,2023Q3
EVRG,215,299,2023Q4
EVRG,216,299,2024Q1
EVRG,217,299,2024Q2
EVRG,218,299,2024Q3
EVRG,219,299,2024Q4
EVRG,220,299,2025Q1
EVRG,221,299,2025Q2
EVRG,222,299,2025Q3
EVRG,223,299,2025Q4
EVRG,224,299,2026Q1
EVRG,225,299,2026Q2
EW,187,300,2016Q4
EW,188,300,2017Q1
EW,189,300,2017Q2
EW,190,300,2017Q3
EW,191,300,2017Q4
EW,192,300,2018Q1
EW,193,300,2018Q2
EW,194,300,2018Q3
EW,195,300,2018Q4
EW,196,300,2019Q1
EW,197,300,2019Q2
EW,198,300,2019Q3
EW,199,300,2019Q4
EW,200,300,2020Q1
EW,201,300,2020Q2
EW,202,300,2020Q3
EW,203,300,2020Q4
EW,204,300,2021Q1
EW,205,300,2021Q2
EW,206,300,2021Q3
EW,207,300,2021Q4
EW,208,300,2022Q1
EW,209,300,2022Q2
EW,210,300,2022Q3
EW,211,300,2022Q4
EW,212,300,2023Q1
EW,213,300,2023Q2
EW,214,300,2023Q3
EW,215,300,2023Q4
EW,216,300,2024Q1
EW,217,300,2024Q2
EW,218,300,2024Q3
EW,219,300,2024Q4
EW,220,300,2025Q1
EW,221,300,2025Q2
EW,222,300,2025Q3
EW,223,300,2025Q4
EW,224,300,2026Q1
EW,225,300,2026Q2
EXC,187,301,2016Q4
EXC,188,301,2017Q1
EXC,189,301,2017Q2
EXC,190,301,2017Q3
EXC,191,301,2017Q4
EXC,192,301,2018Q1
EXC,193,301,2018Q2
EXC,194,301,2018Q3
EXC,195,301,2018Q4
EXC,196,301,2019Q1
EXC,197,301,2019Q2
EXC,198,301,2019Q3
EXC,199,301,2019Q4
EXC,200,301,2020Q1
EXC,201,301,2020Q2
EXC,202,301,2020Q3
EXC,203,301,2020Q4
EXC,204,301,2021Q1
EXC,205,301,2021Q2
EXC,206,301,2021Q3
EXC,207,301,2021Q4
EXC,208,301,2022Q1
EXC,209,301,2022Q2
EXC,210,301,2022Q3
EXC,211,301,2022Q4
EXC,212,301,2023Q1
EXC,213,301,2023Q2
EXC,214,301,2023Q3
EXC,215,301,2023Q4
EXC,216,301,2024Q1
EXC,217,301,2024Q2
EXC,218,301,2024Q3
EXC,219,301,2024Q4
EXC,220,301,2025Q1
EXC,221,301,2025Q2
EXC,222,301,2025Q3
EXC,223,301,2025Q4
EXC,224,301,2026Q1
EXC,225,301,2026Q2
EXE,220,302,2025Q1
EXE,221,302,2025Q2
EXE,222,302,2025Q3
EXE,223,302,2025Q4
EXE,224,302,2026Q1
EXE,225,302,2026Q2
EXPD,187,303,2016Q4
EXPD,188,303,2017Q1
EXPD,189,303,2017Q2
EXPD,190,303,2017Q3
EXPD,191,303,2017Q4
EXPD,192,303,2018Q1
EXPD,193,303,2018Q2
EXPD,194,303,2018Q3
EXPD,195,303,2018Q4
EXPD,196,303,2019Q1
EXPD,197,303,2019Q2
EXPD,198,303,2019Q3
EXPD,199,303,2019Q4
EXPD,200,303,2020Q1
EXPD,201,303,2020Q2
EXPD,202,303,2020Q3
EXPD,203,303,2020Q4
EXPD,204,303,2021Q1
EXPD,205,303,2021Q2
EXPD,206,303,2021Q3
EXPD,207,303,2021Q4
EXPD,208,303,2022Q1
EXPD,209,303,2022Q2
EXPD,210,303,2022Q3
EXPD,211,303,2022Q4
EXPD,212,303,2023Q1
EXPD,213,303,2023Q2
EXPD,214,303,2023Q3
EXPD,215,303,2023Q4
EXPD,216,303,2024Q1
EXPD,217,303,2024Q2
EXPD,218,303,2024Q3
EXPD,219,303,2024Q4
EXPD,220,303,2025Q1
EXPD,221,303,2025Q2
EXPD,222,303,2025Q3
EXPD,223,303,2025Q4
EXPD,224,303,2026Q1
EXPD,225,303,2026Q2
EXPE,187,304,2016Q4
EXPE,188,304,2017Q1
EXPE,189,304,2017Q2
EXPE,190,304,2017Q3
EXPE,191,304,2017Q4
EXPE,192,304,2018Q1
EXPE,193,304,2018Q2
EXPE,194,304,2018Q3
EXPE,195,304,2018Q4
EXPE,196,304,2019Q1
EXPE,197,304,2019Q2
EXPE,198,304,2019Q3
EXPE,199,304,2019Q4
EXPE,200,304,2020Q1
EXPE,201,304,2020Q2
EXPE,202,304,2020Q3
EXPE,203,304,2020Q4
EXPE,204,304,2021Q1
EXPE,205,304,2021Q2
EXPE,206,304,2021Q3
EXPE,207,304,2021Q4
EXPE,208,304,2022Q1
EXPE,209,304,2022Q2
EXPE,210,304,2022Q3
EXPE,211,304,2022Q4
EXPE,212,304,2023Q1
EXPE,213,304,2023Q2
EXPE,214,304,2023Q3
EXPE,215,304,2023Q4
EXPE,216,304,2024Q1
EXPE,217,304,2024Q2
EXPE,218,304,2024Q3
EXPE,219,304,2024Q4
EXPE,220,304,2025Q1
EXPE,221,304,2025Q2
EXPE,222,304,2025Q3
EXPE,223,304,2025Q4
EXPE,224,304,2026Q1
EXPE,225,304,2026Q2
EXR,187,305,2016Q4
EXR,188,305,2017Q1
EXR,189,305,2017Q2
EXR,190,305,2017Q3
EXR,191,305,2017Q4
EXR,192,305,2018Q1
EXR,193,305,2018Q2
EXR,194,305,2018Q3
EXR,195,305,2018Q4
EXR,196,305,2019Q1
EXR,197,305,2019Q2
EXR,198,305,2019Q3
EXR,199,305,2019Q4
EXR,200,305,2020Q1
EXR,201,305,2020Q2
EXR,202,305,2020Q3
EXR,203,305,2020Q4
EXR,204,305,2021Q1
EXR,205,305,2021Q2
EXR,206,305,2021Q3
EXR,207,305,2021Q4
EXR,208,305,2022Q1
EXR,209,305,2022Q2
EXR,210,305,2022Q3
EXR,211,305,2022Q4
EXR,212,305,2023Q1
EXR,213,305,2023Q2
EXR,214,305,2023Q3
EXR,215,305,2023Q4
EXR,216,305,2024Q1
EXR,217,305,2024Q2
EXR,218,305,2024Q3
EXR,219,305,2024Q4
EXR,220,305,2025Q1
EXR,221,305,2025Q2
EXR,222,305,2025Q3
EXR,223,305,2025Q4
EXR,224,305,2026Q1
EXR,225,305,2026Q2
F,187,306,2016Q4
F,188,306,2017Q1
F,189,306,2017Q2
F,190,306,2017Q3
F,191,306,2017Q4
F,192,306,2018Q1
F,193,306,2018Q2
F,194,306,2018Q3
F,195,306,2018Q4
F,196,306,2019Q1
F,197,306,2019Q2
F,198,306,2019Q3
F,199,306,2019Q4
F,200,306,2020Q1
F,201,306,2020Q2
F,202,306,2020Q3
F,203,306,2020Q4
F,204,306,2021Q1
F,205,306,2021Q2
F,206,306,2021Q3
F,207,306,2021Q4
F,208,306,2022Q1
F,209,306,2022Q2
F,210,306,2022Q3
F,211,306,2022Q4
F,212,306,2023Q1
F,213,306,2023Q2
F,214,306,2023Q3
F,215,306,2023Q4
F,216,306,2024Q1
F,217,306,2024Q2
F,218,306,2024Q3
F,219,306,2024Q4
F,220,306,2025Q1
F,221,306,2025Q2
F,222,306,2025Q3
F,223,306,2025Q4
F,224,306,2026Q1
F,225,306,2026Q2
FANG,195,307,2018Q4
FANG,196,307,2019Q1
FANG,197,307,2019Q2
FANG,198,307,2019Q3
FANG,199,307,2019Q4
FANG,200,307,2020Q1
FANG,201,307,2020Q2
FANG,202,307,2020Q3
FANG,203,307,2020Q4
FANG,204,307,2021Q1
FANG,205,307,2021Q2
FANG,206,307,2021Q3
FANG,207,307,2021Q4
FANG,208,307,2022Q1
FANG,209,307,2022Q2
FANG,210,307,2022Q3
FANG,211,307,2022Q4
FANG,212,307,2023Q1
FANG,213,307,2023Q2
FANG,214,307,2023Q3
FANG,215,307,2023Q4
FANG,216,307,2024Q1
FANG,217,307,2024Q2
FANG,218,307,2024Q3
FANG,219,307,2024Q4
FANG,220,307,2025Q1
FANG,221,307,2025Q2
FANG,222,307,2025Q3
FANG,223,307,2025Q4
FANG,224,307,2026Q1
FANG,225,307,2026Q2
FAST,187,308,2016Q4
FAST,188,308,2017Q1
FAST,189,308,2017Q2
FAST,190,308,2017Q3
FAST,191,308,2017Q4
FAST,192,308,2018Q1
FAST,193,308,2018Q2
FAST,194,308,2018Q3
FAST,195,308,2018Q4
FAST,196,308,2019Q1
FAST,197,308,2019Q2
FAST,198,308,2019Q3
FAST,199,308,2019Q4
FAST,200,308,2020Q1
FAST,201,308,2020Q2
FAST,202,308,2020Q3
FAST,203,308,2020Q4
FAST,204,308,2021Q1
FAST,205,308,2021Q2
FAST,206,308,2021Q3
FAST,207,308,2021Q4
FAST,208,308,2022Q1
FAST,209,308,2022Q2
FAST,210,308,2022Q3
FAST,211,308,2022Q4
FAST,212,308,2023Q1
FAST,213,308,2023Q2
FAST,214,308,2023Q3
FAST,215,308,2023Q4
FAST,216,308,2024Q1
FAST,217,308,2024Q2
FAST,218,308,2024Q3
FAST,219,308,2024Q4
FAST,220,308,2025Q1
FAST,221,308,2025Q2
FAST,222,308,2025Q3
FAST,223,308,2025Q4
FAST,224,308,2026Q1
FAST,225,308,2026Q2
FBHS,187,309,2016Q4
FBHS,188,309,2017Q1
FBHS,189,309,2017Q2
FBHS,190,309,2017Q3
FBHS,191,309,2017Q4
FBHS,192,309,2018Q1
FBHS,193,309,2018Q2
FBHS,194,309,2018Q3
FBHS,195,309,2018Q4
FBHS,196,309,2019Q1
FBHS,197,309,2019Q2
FBHS,198,309,2019Q3
FBHS,199,309,2019Q4
FBHS,200,309,2020Q1
FBHS,201,309,2020Q2
FBHS,202,309,2020Q3
FBHS,203,309,2020Q4
FBHS,204,309,2021Q1
FBHS,205,309,2021Q2
FBHS,206,309,2021Q3
FBHS,207,309,2021Q4
FBHS,208,309,2022Q1
FBHS,209,309,2022Q2
FBHS,210,309,2022Q3
FCX,187,310,2016Q4
FCX,188,310,2017Q1
FCX,189,310,2017Q2
FCX,190,310,2017Q3
FCX,191,310,2017Q4
FCX,192,310,2018Q1
FCX,193,310,2018Q2
FCX,194,310,2018Q3
FCX,195,310,2018Q4
FCX,196,310,2019Q1
FCX,197,310,2019Q2
FCX,198,310,2019Q3
FCX,199,310,2019Q4
FCX,200,310,2020Q1
FCX,201,310,2020Q2
FCX,202,310,2020Q3
FCX,203,310,2020Q4
FCX,204,310,2021Q1
FCX,205,310,2021Q2
FCX,206,310,2021Q3
FCX,207,310,2021Q4
FCX,208,310,2022Q1
FCX,209,310,2022Q2
FCX,210,310,2022Q3
FCX,211,310,2022Q4
FCX,212,310,2023Q1
FCX,213,310,2023Q2
FCX,214,310,2023Q3
FCX,215,310,2023Q4
FCX,216,310,2024Q1
FCX,217,310,2024Q2
FCX,218,310,2024Q3
FCX,219,310,2024Q4
FCX,220,310,2025Q1
FCX,221,310,2025Q2
FCX,222,310,2025Q3
FCX,223,310,2025Q4
FCX,224,310,2026Q1
FCX,225,310,2026Q2
FDS,207,313,2021Q4
FDS,208,313,2022Q1
FDS,209,313,2022Q2
FDS,210,313,2022Q3
FDS,211,313,2022Q4
FDS,212,313,2023Q1
FDS,213,313,2023Q2
FDS,214,313,2023Q3
FDS,215,313,2023Q4
FDS,216,313,2024Q1
FDS,217,313,2024Q2
FDS,218,313,2024Q3
FDS,219,313,2024Q4
FDS,220,313,2025Q1
FDS,221,313,2025Q2
FDS,222,313,2025Q3
FDS,223,313,2025Q4
FDS,224,313,2026Q1
FDS,225,313,2026Q2
FDX,187,314,2016Q4
FDX,188,314,2017Q1
FDX,189,314,2017Q2
FDX,190,314,2017Q3
FDX,191,314,2017Q4
FDX,192,314,2018Q1
FDX,193,314,2018Q2
FDX,194,314,2018Q3
FDX,195,314,2018Q4
FDX,196,314,2019Q1
FDX,197,314,2019Q2
FDX,198,314,2019Q3
FDX,199,314,2019Q4
FDX,200,314,2020Q1
FDX,201,314,2020Q2
FDX,202,314,2020Q3
FDX,203,314,2020Q4
FDX,204,314,2021Q1
FDX,205,314,2021Q2
FDX,206,314,2021Q3
FDX,207,314,2021Q4
FDX,208,314,2022Q1
FDX,209,314,2022Q2
FDX,210,314,2022Q3
FDX,211,314,2022Q4
FDX,212,314,2023Q1
FDX,213,314,2023Q2
FDX,214,314,2023Q3
FDX,215,314,2023Q4
FDX,216,314,2024Q1
FDX,217,314,2024Q2
FDX,218,314,2024Q3
FDX,219,314,2024Q4
FDX,220,314,2025Q1
FDX,221,314,2025Q2
FDX,222,314,2025Q3
FDX,223,314,2025Q4
FDX,224,314,2026Q1
FDX,225,314,2026Q2
FDXF,225,315,2026Q2
FE,187,316,2016Q4
FE,188,316,2017Q1
FE,189,316,2017Q2
FE,190,316,2017Q3
FE,191,316,2017Q4
FE,192,316,2018Q1
FE,193,316,2018Q2
FE,194,316,2018Q3
FE,195,316,2018Q4
FE,196,316,2019Q1
FE,197,316,2019Q2
FE,198,316,2019Q3
FE,199,316,2019Q4
FE,200,316,2020Q1
FE,201,316,2020Q2
FE,202,316,2020Q3
FE,203,316,2020Q4
FE,204,316,2021Q1
FE,205,316,2021Q2
FE,206,316,2021Q3
FE,207,316,2021Q4
FE,208,316,2022Q1
FE,209,316,2022Q2
FE,210,316,2022Q3
FE,211,316,2022Q4
FE,212,316,2023Q1
FE,213,316,2023Q2
FE,214,316,2023Q3
FE,215,316,2023Q4
FE,216,316,2024Q1
FE,217,316,2024Q2
FE,218,316,2024Q3
FE,219,316,2024Q4
FE,220,316,2025Q1
FE,221,316,2025Q2
FE,222,316,2025Q3
FE,223,316,2025Q4
FE,224,316,2026Q1
FE,225,316,2026Q2
FFIV,187,317,2016Q4
FFIV,188,317,2017Q1
FFIV,189,317,2017Q2
FFIV,190,317,2017Q3
FFIV,191,317,2017Q4
FFIV,192,317,2018Q1
FFIV,193,317,2018Q2
FFIV,194,317,2018Q3
FFIV,195,317,2018Q4
FFIV,196,317,2019Q1
FFIV,197,317,2019Q2
FFIV,198,317,2019Q3
FFIV,199,317,2019Q4
FFIV,200,317,2020Q1
FFIV,201,317,2020Q2
FFIV,202,317,2020Q3
FFIV,203,317,2020Q4
FFIV,204,317,2021Q1
FFIV,205,317,2021Q2
FFIV,206,317,2021Q3
FFIV,207,317,2021Q4
FFIV,208,317,2022Q1
FFIV,209,317,2022Q2
FFIV,210,317,2022Q3
FFIV,211,317,2022Q4
FFIV,212,317,2023Q1
FFIV,213,317,2023Q2
FFIV,214,317,2023Q3
FFIV,215,317,2023Q4
FFIV,216,317,2024Q1
FFIV,217,317,2024Q2
FFIV,218,317,2024Q3
FFIV,219,317,2024Q4
FFIV,220,317,2025Q1
FFIV,221,317,2025Q2
FFIV,222,317,2025Q3
FFIV,223,317,2025Q4
FFIV,224,317,2026Q1
FFIV,225,317,2026Q2
FICO,212,319,2023Q1
FICO,213,319,2023Q2
FICO,214,319,2023Q3
FICO,215,319,2023Q4
FICO,216,319,2024Q1
FICO,217,319,2024Q2
FICO,218,319,2024Q3
FICO,219,319,2024Q4
FICO,220,319,2025Q1
FICO,221,319,2025Q2
FICO,222,319,2025Q3
FICO,223,319,2025Q4
FICO,224,319,2026Q1
FICO,225,319,2026Q2
FIS,187,321,2016Q4
FIS,188,321,2017Q1
FIS,189,321,2017Q2
FIS,190,321,2017Q3
FIS,191,321,2017Q4
FIS,192,321,2018Q1
FIS,193,321,2018Q2
FIS,194,321,2018Q3
FIS,195,321,2018Q4
FIS,196,321,2019Q1
FIS,197,321,2019Q2
FIS,198,321,2019Q3
FIS,199,321,2019Q4
FIS,200,321,2020Q1
FIS,201,321,2020Q2
FIS,202,321,2020Q3
FIS,203,321,2020Q4
FIS,204,321,2021Q1
FIS,205,321,2021Q2
FIS,206,321,2021Q3
FIS,207,321,2021Q4
FIS,208,321,2022Q1
FIS,209,321,2022Q2
FIS,210,321,2022Q3
FIS,211,321,2022Q4
FIS,212,321,2023Q1
FIS,213,321,2023Q2
FIS,214,321,2023Q3
FIS,215,321,2023Q4
FIS,216,321,2024Q1
FIS,217,321,2024Q2
FIS,218,321,2024Q3
FIS,219,321,2024Q4
FIS,220,321,2025Q1
FIS,221,321,2025Q2
FIS,222,321,2025Q3
FIS,223,321,2025Q4
FIS,224,321,2026Q1
FIS,225,321,2026Q2
FISV,187,322,2016Q4
FISV,188,322,2017Q1
FISV,189,322,2017Q2
FISV,190,322,2017Q3
FISV,191,322,2017Q4
FISV,192,322,2018Q1
FISV,193,322,2018Q2
FISV,194,322,2018Q3
FISV,195,322,2018Q4
FISV,196,322,2019Q1
FISV,197,322,2019Q2
FISV,198,322,2019Q3
FISV,199,322,2019Q4
FISV,200,322,2020Q1
FISV,201,322,2020Q2
FISV,202,322,2020Q3
FISV,203,322,2020Q4
FISV,204,322,2021Q1
FISV,205,322,2021Q2
FISV,206,322,2021Q3
FISV,207,322,2021Q4
FISV,208,322,2022Q1
FISV,209,322,2022Q2
FISV,210,322,2022Q3
FISV,211,322,2022Q4
FISV,212,322,2023Q1
FISV,213,322,2023Q2
FISV,214,322,2023Q3
FISV,215,322,2023Q4
FISV,216,322,2024Q1
FISV,217,322,2024Q2
FISV,218,322,2024Q3
FISV,219,322,2024Q4
FISV,220,322,2025Q1
FISV,221,322,2025Q2
FISV,222,322,2025Q3
FISV,223,322,2025Q4
FISV,224,322,2026Q1
FISV,225,322,2026Q2
FITB,187,323,2016Q4
FITB,188,323,2017Q1
FITB,189,323,2017Q2
FITB,190,323,2017Q3
FITB,191,323,2017Q4
FITB,192,323,2018Q1
FITB,193,323,2018Q2
FITB,194,323,2018Q3
FITB,195,323,2018Q4
FITB,196,323,2019Q1
FITB,197,323,2019Q2
FITB,198,323,2019Q3
FITB,199,323,2019Q4
FITB,200,323,2020Q1
FITB,201,323,2020Q2
FITB,202,323,2020Q3
FITB,203,323,2020Q4
FITB,204,323,2021Q1
FITB,205,323,2021Q2
FITB,206,323,2021Q3
FITB,207,323,2021Q4
FITB,208,323,2022Q1
FITB,209,323,2022Q2
FITB,210,323,2022Q3
FITB,211,323,2022Q4
FITB,212,323,2023Q1
FITB,213,323,2023Q2
FITB,214,323,2023Q3
FITB,215,323,2023Q4
FITB,216,323,2024Q1
FITB,217,323,2024Q2
FITB,218,323,2024Q3
FITB,219,323,2024Q4
FITB,220,323,2025Q1
FITB,221,323,2025Q2
FITB,222,323,2025Q3
FITB,223,323,2025Q4
FITB,224,323,2026Q1
FITB,225,323,2026Q2
FIX,223,324,2025Q4
FIX,224,324,2026Q1
FIX,225,324,2026Q2
FL,187,325,2016Q4
FL,188,325,2017Q1
FL,189,325,2017Q2
FL,190,325,2017Q3
FL,191,325,2017Q4
FL,192,325,2018Q1
FL,193,325,2018Q2
FL,194,325,2018Q3
FL,195,325,2018Q4
FL,196,325,2019Q1
FL,197,325,2019Q2
FLEX,225,326,2026Q2
FLIR,187,327,2016Q4
FLIR,188,327,2017Q1
FLIR,189,327,2017Q2
FLIR,190,327,2017Q3
FLIR,191,327,2017Q4
FLIR,192,327,2018Q1
FLIR,193,327,2018Q2
FLIR,194,327,2018Q3
FLIR,195,327,2018Q4
FLIR,196,327,2019Q1
FLIR,197,327,2019Q2
FLIR,198,327,2019Q3
FLIR,199,327,2019Q4
FLIR,200,327,2020Q1
FLIR,201,327,2020Q2
FLIR,202,327,2020Q3
FLIR,203,327,2020Q4
FLIR,204,327,2021Q1
FLR,187,328,2016Q4
FLR,188,328,2017Q1
FLR,189,328,2017Q2
FLR,190,328,2017Q3
FLR,191,328,2017Q4
FLR,192,328,2018Q1
FLR,193,328,2018Q2
FLR,194,328,2018Q3
FLR,195,328,2018Q4
FLR,196,328,2019Q1
FLS,187,329,2016Q4
FLS,188,329,2017Q1
FLS,189,329,2017Q2
FLS,190,329,2017Q3
FLS,191,329,2017Q4
FLS,192,329,2018Q1
FLS,193,329,2018Q2
FLS,194,329,2018Q3
FLS,195,329,2018Q4
FLS,196,329,2019Q1
FLS,197,329,2019Q2
FLS,198,329,2019Q3
FLS,199,329,2019Q4
FLS,200,329,2020Q1
FLS,201,329,2020Q2
FLS,202,329,2020Q3
FLS,203,329,2020Q4
FLT,193,330,2018Q2
FLT,194,330,2018Q3
FLT,195,330,2018Q4
FLT,196,330,2019Q1
FLT,197,330,2019Q2
FLT,198,330,2019Q3
FLT,199,330,2019Q4
FLT,200,330,2020Q1
FLT,201,330,2020Q2
FLT,202,330,2020Q3
FLT,203,330,2020Q4
FLT,204,330,2021Q1
FLT,205,330,2021Q2
FLT,206,330,2021Q3
FLT,207,330,2021Q4
FLT,208,330,2022Q1
FLT,209,330,2022Q2
FLT,210,330,2022Q3
FLT,211,330,2022Q4
FLT,212,330,2023Q1
FLT,213,330,2023Q2
FLT,214,330,2023Q3
FLT,215,330,2023Q4
FMC,187,331,2016Q4
FMC,188,331,2017Q1
FMC,189,331,2017Q2
FMC,190,331,2017Q3
FMC,191,331,2017Q4
FMC,192,331,2018Q1
FMC,193,331,2018Q2
FMC,194,331,2018Q3
FMC,195,331,2018Q4
FMC,196,331,2019Q1
FMC,197,331,2019Q2
FMC,198,331,2019Q3
FMC,199,331,2019Q4
FMC,200,331,2020Q1
FMC,201,331,2020Q2
FMC,202,331,2020Q3
FMC,203,331,2020Q4
FMC,204,331,2021Q1
FMC,205,331,2021Q2
FMC,206,331,2021Q3
FMC,207,331,2021Q4
FMC,208,331,2022Q1
FMC,209,331,2022Q2
FMC,210,331,2022Q3
FMC,211,331,2022Q4
FMC,212,331,2023Q1
FMC,213,331,2023Q2
FMC,214,331,2023Q3
FMC,215,331,2023Q4
FMC,216,331,2024Q1
FMC,217,331,2024Q2
FMC,218,331,2024Q3
FMC,219,331,2024Q4
FOX,196,334,2019Q1
FOX,197,334,2019Q2
FOX,198,334,2019Q3
FOX,199,334,2019Q4
FOX,200,334,2020Q1
FOX,201,334,2020Q2
FOX,202,334,2020Q3
FOX,203,334,2020Q4
FOX,204,334,2021Q1
FOX,205,334,2021Q2
FOX,206,334,2021Q3
FOX,207,334,2021Q4
FOX,208,334,2022Q1
FOX,209,334,2022Q2
FOX,210,334,2022Q3
FOX,211,334,2022Q4
FOX,212,334,2023Q1
FOX,213,334,2023Q2
FOX,214,334,2023Q3
FOX,215,334,2023Q4
FOX,216,334,2024Q1
FOX,217,334,2024Q2
FOX,218,334,2024Q3
FOX,219,334,2024Q4
FOX,220,334,2025Q1
FOX,221,334,2025Q2
FOX,222,334,2025Q3
FOX,223,334,2025Q4
FOX,224,334,2026Q1
FOX,225,334,2026Q2
FOXA,196,335,2019Q1
FOXA,197,335,2019Q2
FOXA,198,335,2019Q3
FOXA,199,335,2019Q4
FOXA,200,335,2020Q1
FOXA,201,335,2020Q2
FOXA,202,335,2020Q3
FOXA,203,335,2020Q4
FOXA,204,335,2021Q1
FOXA,205,335,2021Q2
FOXA,206,335,2021Q3
FOXA,207,335,2021Q4
FOXA,208,335,2022Q1
FOXA,209,335,2022Q2
FOXA,210,335,2022Q3
FOXA,211,335,2022Q4
FOXA,212,335,2023Q1
FOXA,213,335,2023Q2
FOXA,214,335,2023Q3
FOXA,215,335,2023Q4
FOXA,216,335,2024Q1
FOXA,217,335,2024Q2
FOXA,218,335,2024Q3
FOXA,219,335,2024Q4
FOXA,220,335,2025Q1
FOXA,221,335,2025Q2
FOXA,222,335,2025Q3
FOXA,223,335,2025Q4
FOXA,224,335,2026Q1
FOXA,225,335,2026Q2
FRC,196,336,2019Q1
FRC,197,336,2019Q2
FRC,198,336,2019Q3
FRC,199,336,2019Q4
FRC,200,336,2020Q1
FRC,201,336,2020Q2
FRC,202,336,2020Q3
FRC,203,336,2020Q4
FRC,204,336,2021Q1
FRC,205,336,2021Q2
FRC,206,336,2021Q3
FRC,207,336,2021Q4
FRC,208,336,2022Q1
FRC,209,336,2022Q2
FRC,210,336,2022Q3
FRC,211,336,2022Q4
FRC,212,336,2023Q1
FRT,187,338,2016Q4
FRT,188,338,2017Q1
FRT,189,338,2017Q2
FRT,190,338,2017Q3
FRT,191,338,2017Q4
FRT,192,338,2018Q1
FRT,193,338,2018Q2
FRT,194,338,2018Q3
FRT,195,338,2018Q4
FRT,196,338,2019Q1
FRT,197,338,2019Q2
FRT,198,338,2019Q3
FRT,199,338,2019Q4
FRT,200,338,2020Q1
FRT,201,338,2020Q2
FRT,202,338,2020Q3
FRT,203,338,2020Q4
FRT,204,338,2021Q1
FRT,205,338,2021Q2
FRT,206,338,2021Q3
FRT,207,338,2021Q4
FRT,208,338,2022Q1
FRT,209,338,2022Q2
FRT,210,338,2022Q3
FRT,211,338,2022Q4
FRT,212,338,2023Q1
FRT,213,338,2023Q2
FRT,214,338,2023Q3
FRT,215,338,2023Q4
FRT,216,338,2024Q1
FRT,217,338,2024Q2
FRT,218,338,2024Q3
FRT,219,338,2024Q4
FRT,220,338,2025Q1
FRT,221,338,2025Q2
FRT,222,338,2025Q3
FRT,223,338,2025Q4
FRT,224,338,2026Q1
FRT,225,338,2026Q2
FSLR,187,340,2016Q4
FSLR,211,341,2022Q4
FSLR,212,341,2023Q1
FSLR,213,341,2023Q2
FSLR,214,341,2023Q3
FSLR,215,341,2023Q4
FSLR,216,341,2024Q1
FSLR,217,341,2024Q2
FSLR,218,341,2024Q3
FSLR,219,341,2024Q4
FSLR,220,341,2025Q1
FSLR,221,341,2025Q2
FSLR,222,341,2025Q3
FSLR,223,341,2025Q4
FSLR,224,341,2026Q1
FSLR,225,341,2026Q2
FTI,187,342,2016Q4
FTI,188,342,2017Q1
FTI,189,342,2017Q2
FTI,190,342,2017Q3
FTI,191,342,2017Q4
FTI,192,342,2018Q1
FTI,193,342,2018Q2
FTI,194,342,2018Q3
FTI,195,342,2018Q4
FTI,196,342,2019Q1
FTI,197,342,2019Q2
FTI,198,342,2019Q3
FTI,199,342,2019Q4
FTI,200,342,2020Q1
FTI,201,342,2020Q2
FTI,202,342,2020Q3
FTI,203,342,2020Q4
FTNT,195,343,2018Q4
FTNT,196,343,2019Q1
FTNT,197,343,2019Q2
FTNT,198,343,2019Q3
FTNT,199,343,2019Q4
FTNT,200,343,2020Q1
FTNT,201,343,2020Q2
FTNT,202,343,2020Q3
FTNT,203,343,2020Q4
FTNT,204,343,2021Q1
FTNT,205,343,2021Q2
FTNT,206,343,2021Q3
FTNT,207,343,2021Q4
FTNT,208,343,2022Q1
FTNT,209,343,2022Q2
FTNT,210,343,2022Q3
FTNT,211,343,2022Q4
FTNT,212,343,2023Q1
FTNT,213,343,2023Q2
FTNT,214,343,2023Q3
FTNT,215,343,2023Q4
FTNT,216,343,2024Q1
FTNT,217,343,2024Q2
FTNT,218,343,2024Q3
FTNT,219,343,2024Q4
FTNT,220,343,2025Q1
FTNT,221,343,2025Q2
FTNT,222,343,2025Q3
FTNT,223,343,2025Q4
FTNT,224,343,2026Q1
FTNT,225,343,2026Q2
FTR,187,344,2016Q4
FTV,187,345,2016Q4
FTV,188,345,2017Q1
FTV,189,345,2017Q2
FTV,190,345,2017Q3
FTV,191,345,2017Q4
FTV,192,345,2018Q1
FTV,193,345,2018Q2
FTV,194,345,2018Q3
FTV,195,345,2018Q4
FTV,196,345,2019Q1
FTV,197,345,2019Q2
FTV,198,345,2019Q3
FTV,199,345,2019Q4
FTV,200,345,2020Q1
FTV,201,345,2020Q2
FTV,202,345,2020Q3
FTV,203,345,2020Q4
FTV,204,345,2021Q1
FTV,205,345,2021Q2
FTV,206,345,2021Q3
FTV,207,345,2021Q4
FTV,208,345,2022Q1
FTV,209,345,2022Q2
FTV,210,345,2022Q3
FTV,211,345,2022Q4
FTV,212,345,2023Q1
FTV,213,345,2023Q2
FTV,214,345,2023Q3
FTV,215,345,2023Q4
FTV,216,345,2024Q1
FTV,217,345,2024Q2
FTV,218,345,2024Q3
FTV,219,345,2024Q4
FTV,220,345,2025Q1
FTV,221,345,2025Q2
FTV,222,345,2025Q3
FTV,223,345,2025Q4
FTV,224,345,2026Q1
FTV,225,345,2026Q2
GD,187,347,2016Q4
GD,188,347,2017Q1
GD,189,347,2017Q2
GD,190,347,2017Q3
GD,191,347,2017Q4
GD,192,347,2018Q1
GD,193,347,2018Q2
GD,194,347,2018Q3
GD,195,347,2018Q4
GD,196,347,2019Q1
GD,197,347,2019Q2
GD,198,347,2019Q3
GD,199,347,2019Q4
GD,200,347,2020Q1
GD,201,347,2020Q2
GD,202,347,2020Q3
GD,203,347,2020Q4
GD,204,347,2021Q1
GD,205,347,2021Q2
GD,206,347,2021Q3
GD,207,347,2021Q4
GD,208,347,2022Q1
GD,209,347,2022Q2
GD,210,347,2022Q3
GD,211,347,2022Q4
GD,212,347,2023Q1
GD,213,347,2023Q2
GD,214,347,2023Q3
GD,215,347,2023Q4
GD,216,347,2024Q1
GD,217,347,2024Q2
GD,218,347,2024Q3
GD,219,347,2024Q4
GD,220,347,2025Q1
GD,221,347,2025Q2
GD,222,347,2025Q3
GD,223,347,2025Q4
GD,224,347,2026Q1
GD,225,347,2026Q2
GDDY,217,348,2024Q2
GDDY,218,348,2024Q3
GDDY,219,348,2024Q4
GDDY,220,348,2025Q1
GDDY,221,348,2025Q2
GDDY,222,348,2025Q3
GDDY,223,348,2025Q4
GDDY,224,348,2026Q1
GDDY,225,348,2026Q2
GE,187,349,2016Q4
GE,188,349,2017Q1
GE,189,349,2017Q2
GE,190,349,2017Q3
GE,191,349,2017Q4
GE,192,349,2018Q1
GE,193,349,2018Q2
GE,194,349,2018Q3
GE,195,349,2018Q4
GE,196,349,2019Q1
GE,197,349,2019Q2
GE,198,349,2019Q3
GE,199,349,2019Q4
GE,200,349,2020Q1
GE,201,349,2020Q2
GE,202,349,2020Q3
GE,203,349,2020Q4
GE,204,349,2021Q1
GE,205,349,2021Q2
GE,206,349,2021Q3
GE,207,349,2021Q4
GE,208,349,2022Q1
GE,209,349,2022Q2
GE,210,349,2022Q3
GE,211,349,2022Q4
GE,212,349,2023Q1
GE,213,349,2023Q2
GE,214,349,2023Q3
GE,215,349,2023Q4
GE,216,349,2024Q1
GE,217,349,2024Q2
GE,218,349,2024Q3
GE,219,349,2024Q4
GE,220,349,2025Q1
GE,221,349,2025Q2
GE,222,349,2025Q3
GE,223,349,2025Q4
GE,224,349,2026Q1
GE,225,349,2026Q2
GEHC,212,350,2023Q1
GEHC,213,350,2023Q2
GEHC,214,350,2023Q3
GEHC,215,350,2023Q4
GEHC,216,350,2024Q1
GEHC,217,350,2024Q2
GEHC,218,350,2024Q3
GEHC,219,350,2024Q4
GEHC,220,350,2025Q1
GEHC,221,350,2025Q2
GEHC,222,350,2025Q3
GEHC,223,350,2025Q4
GEHC,224,350,2026Q1
GEHC,225,350,2026Q2
GEN,187,351,2016Q4
GEN,188,351,2017Q1
GEN,189,351,2017Q2
GEN,190,351,2017Q3
GEN,191,351,2017Q4
GEN,192,351,2018Q1
GEN,193,351,2018Q2
GEN,194,351,2018Q3
GEN,195,351,2018Q4
GEN,196,351,2019Q1
GEN,197,351,2019Q2
GEN,198,351,2019Q3
GEN,199,351,2019Q4
GEN,200,351,2020Q1
GEN,201,351,2020Q2
GEN,202,351,2020Q3
GEN,203,351,2020Q4
GEN,204,351,2021Q1
GEN,205,351,2021Q2
GEN,206,351,2021Q3
GEN,207,351,2021Q4
GEN,208,351,2022Q1
GEN,209,351,2022Q2
GEN,210,351,2022Q3
GEN,211,351,2022Q4
GEN,212,351,2023Q1
GEN,213,351,2023Q2
GEN,214,351,2023Q3
GEN,215,351,2023Q4
GEN,216,351,2024Q1
GEN,217,351,2024Q2
GEN,218,351,2024Q3
GEN,219,351,2024Q4
GEN,220,351,2025Q1
GEN,221,351,2025Q2
GEN,222,351,2025Q3
GEN,223,351,2025Q4
GEN,224,351,2026Q1
GEN,225,351,2026Q2
GEV,217,353,2024Q2
GEV,218,353,2024Q3
GEV,219,353,2024Q4
GEV,220,353,2025Q1
GEV,221,353,2025Q2
GEV,222,353,2025Q3
GEV,223,353,2025Q4
GEV,224,353,2026Q1
GEV,225,353,2026Q2
GGP,187,354,2016Q4
GGP,188,354,2017Q1
GGP,189,354,2017Q2
GGP,190,354,2017Q3
GGP,191,354,2017Q4
GGP,192,354,2018Q1
GGP,193,354,2018Q2
GILD,187,356,2016Q4
GILD,188,356,2017Q1
GILD,189,356,2017Q2
GILD,190,356,2017Q3
GILD,191,356,2017Q4
GILD,192,356,2018Q1
GILD,193,356,2018Q2
GILD,194,356,2018Q3
GILD,195,356,2018Q4
GILD,196,356,2019Q1
GILD,197,356,2019Q2
GILD,198,356,2019Q3
GILD,199,356,2019Q4
GILD,200,356,2020Q1
GILD,201,356,2020Q2
GILD,202,356,2020Q3
GILD,203,356,2020Q4
GILD,204,356,2021Q1
GILD,205,356,2021Q2
GILD,206,356,2021Q3
GILD,207,356,2021Q4
GILD,208,356,2022Q1
GILD,209,356,2022Q2
GILD,210,356,2022Q3
GILD,211,356,2022Q4
GILD,212,356,2023Q1
GILD,213,356,2023Q2
GILD,214,356,2023Q3
GILD,215,356,2023Q4
GILD,216,356,2024Q1
GILD,217,356,2024Q2
GILD,218,356,2024Q3
GILD,219,356,2024Q4
GILD,220,356,2025Q1
GILD,221,356,2025Q2
GILD,222,356,2025Q3
GILD,223,356,2025Q4
GILD,224,356,2026Q1
GILD,225,356,2026Q2
GIS,187,357,2016Q4
GIS,188,357,2017Q1
GIS,189,357,2017Q2
GIS,190,357,2017Q3
GIS,191,357,2017Q4
GIS,192,357,2018Q1
GIS,193,357,2018Q2
GIS,194,357,2018Q3
GIS,195,357,2018Q4
GIS,196,357,2019Q1
GIS,197,357,2019Q2
GIS,198,357,2019Q3
GIS,199,357,2019Q4
GIS,200,357,2020Q1
GIS,201,357,2020Q2
GIS,202,357,2020Q3
GIS,203,357,2020Q4
GIS,204,357,2021Q1
GIS,205,357,2021Q2
GIS,206,357,2021Q3
GIS,207,357,2021Q4
GIS,208,357,2022Q1
GIS,209,357,2022Q2
GIS,210,357,2022Q3
GIS,211,357,2022Q4
GIS,212,357,2023Q1
GIS,213,357,2023Q2
GIS,214,357,2023Q3
GIS,215,357,2023Q4
GIS,216,357,2024Q1
GIS,217,357,2024Q2
GIS,218,357,2024Q3
GIS,219,357,2024Q4
GIS,220,357,2025Q1
GIS,221,357,2025Q2
GIS,222,357,2025Q3
GIS,223,357,2025Q4
GIS,224,357,2026Q1
GIS,225,357,2026Q2
GL,187,358,2016Q4
GL,188,358,2017Q1
GL,189,358,2017Q2
GL,190,358,2017Q3
GL,191,358,2017Q4
GL,192,358,2018Q1
GL,193,358,2018Q2
GL,194,358,2018Q3
GL,195,358,2018Q4
GL,196,358,2019Q1
GL,197,358,2019Q2
GL,198,358,2019Q3
GL,199,358,2019Q4
GL,200,358,2020Q1
GL,201,358,2020Q2
GL,202,358,2020Q3
GL,203,358,2020Q4
GL,204,358,2021Q1
GL,205,358,2021Q2
GL,206,358,2021Q3
GL,207,358,2021Q4
GL,208,358,2022Q1
GL,209,358,2022Q2
GL,210,358,2022Q3
GL,211,358,2022Q4
GL,212,358,2023Q1
GL,213,358,2023Q2
GL,214,358,2023Q3
GL,215,358,2023Q4
GL,216,358,2024Q1
GL,217,358,2024Q2
GL,218,358,2024Q3
GL,219,358,2024Q4
GL,220,358,2025Q1
GL,221,358,2025Q2
GL,222,358,2025Q3
GL,223,358,2025Q4
GL,224,358,2026Q1
GL,225,358,2026Q2
GLW,187,360,2016Q4
GLW,188,360,2017Q1
GLW,189,360,2017Q2
GLW,190,360,2017Q3
GLW,191,360,2017Q4
GLW,192,360,2018Q1
GLW,193,360,2018Q2
GLW,194,360,2018Q3
GLW,195,360,2018Q4
GLW,196,360,2019Q1
GLW,197,360,2019Q2
GLW,198,360,2019Q3
GLW,199,360,2019Q4
GLW,200,360,2020Q1
GLW,201,360,2020Q2
GLW,202,360,2020Q3
GLW,203,360,2020Q4
GLW,204,360,2021Q1
GLW,205,360,2021Q2
GLW,206,360,2021Q3
GLW,207,360,2021Q4
GLW,208,360,2022Q1
GLW,209,360,2022Q2
GLW,210,360,2022Q3
GLW,211,360,2022Q4
GLW,212,360,2023Q1
GLW,213,360,2023Q2
GLW,214,360,2023Q3
GLW,215,360,2023Q4
GLW,216,360,2024Q1
GLW,217,360,2024Q2
GLW,218,360,2024Q3
GLW,219,360,2024Q4
GLW,220,360,2025Q1
GLW,221,360,2025Q2
GLW,222,360,2025Q3
GLW,223,360,2025Q4
GLW,224,360,2026Q1
GLW,225,360,2026Q2
GM,187,361,2016Q4
GM,188,361,2017Q1
GM,189,361,2017Q2
GM,190,361,2017Q3
GM,191,361,2017Q4
GM,192,361,2018Q1
GM,193,361,2018Q2
GM,194,361,2018Q3
GM,195,361,2018Q4
GM,196,361,2019Q1
GM,197,361,2019Q2
GM,198,361,2019Q3
GM,199,361,2019Q4
GM,200,361,2020Q1
GM,201,361,2020Q2
GM,202,361,2020Q3
GM,203,361,2020Q4
GM,204,361,2021Q1
GM,205,361,2021Q2
GM,206,361,2021Q3
GM,207,361,2021Q4
GM,208,361,2022Q1
GM,209,361,2022Q2
GM,210,361,2022Q3
GM,211,361,2022Q4
GM,212,361,2023Q1
GM,213,361,2023Q2
GM,214,361,2023Q3
GM,215,361,2023Q4
GM,216,361,2024Q1
GM,217,361,2024Q2
GM,218,361,2024Q3
GM,219,361,2024Q4
GM,220,361,2025Q1
GM,221,361,2025Q2
GM,222,361,2025Q3
GM,223,361,2025Q4
GM,224,361,2026Q1
GM,225,361,2026Q2
GNRC,204,364,2021Q1
GNRC,205,364,2021Q2
GNRC,206,364,2021Q3
GNRC,207,364,2021Q4
GNRC,208,364,2022Q1
GNRC,209,364,2022Q2
GNRC,210,364,2022Q3
GNRC,211,364,2022Q4
GNRC,212,364,2023Q1
GNRC,213,364,2023Q2
GNRC,214,364,2023Q3
GNRC,215,364,2023Q4
GNRC,216,364,2024Q1
GNRC,217,364,2024Q2
GNRC,218,364,2024Q3
GNRC,219,364,2024Q4
GNRC,220,364,2025Q1
GNRC,221,364,2025Q2
GNRC,222,364,2025Q3
GNRC,223,364,2025Q4
GNRC,224,364,2026Q1
GNRC,225,364,2026Q2
GOOG,187,366,2016Q4
GOOG,188,366,2017Q1
GOOG,189,366,2017Q2
GOOG,190,366,2017Q3
GOOG,191,366,2017Q4
GOOG,192,366,2018Q1
GOOG,193,366,2018Q2
GOOG,194,366,2018Q3
GOOG,195,366,2018Q4
GOOG,196,366,2019Q1
GOOG,197,366,2019Q2
GOOG,198,366,2019Q3
GOOG,199,366,2019Q4
GOOG,200,366,2020Q1
GOOG,201,366,2020Q2
GOOG,202,366,2020Q3
GOOG,203,366,2020Q4
GOOG,204,366,2021Q1
GOOG,205,366,2021Q2
GOOG,206,366,2021Q3
GOOG,207,366,2021Q4
GOOG,208,366,2022Q1
GOOG,209,366,2022Q2
GOOG,210,366,2022Q3
GOOG,211,366,2022Q4
GOOG,212,366,2023Q1
GOOG,213,366,2023Q2
GOOG,214,366,2023Q3
GOOG,215,366,2023Q4
GOOG,216,366,2024Q1
GOOG,217,366,2024Q2
GOOG,218,366,2024Q3
GOOG,219,366,2024Q4
GOOG,220,366,2025Q1
GOOG,221,366,2025Q2
GOOG,222,366,2025Q3
GOOG,223,366,2025Q4
GOOG,224,366,2026Q1
GOOG,225,366,2026Q2
GOOGL,187,367,2016Q4
GOOGL,188,367,2017Q1
GOOGL,189,367,2017Q2
GOOGL,190,367,2017Q3
GOOGL,191,367,2017Q4
GOOGL,192,367,2018Q1
GOOGL,193,367,2018Q2
GOOGL,194,367,2018Q3
GOOGL,195,367,2018Q4
GOOGL,196,367,2019Q1
GOOGL,197,367,2019Q2
GOOGL,198,367,2019Q3
GOOGL,199,367,2019Q4
GOOGL,200,367,2020Q1
GOOGL,201,367,2020Q2
GOOGL,202,367,2020Q3
GOOGL,203,367,2020Q4
GOOGL,204,367,2021Q1
GOOGL,205,367,2021Q2
GOOGL,206,367,2021Q3
GOOGL,207,367,2021Q4
GOOGL,208,367,2022Q1
GOOGL,209,367,2022Q2
GOOGL,210,367,2022Q3
GOOGL,211,367,2022Q4
GOOGL,212,367,2023Q1
GOOGL,213,367,2023Q2
GOOGL,214,367,2023Q3
GOOGL,215,367,2023Q4
GOOGL,216,367,2024Q1
GOOGL,217,367,2024Q2
GOOGL,218,367,2024Q3
GOOGL,219,367,2024Q4
GOOGL,220,367,2025Q1
GOOGL,221,367,2025Q2
GOOGL,222,367,2025Q3
GOOGL,223,367,2025Q4
GOOGL,224,367,2026Q1
GOOGL,225,367,2026Q2
GPC,187,368,2016Q4
GPC,188,368,2017Q1
GPC,189,368,2017Q2
GPC,190,368,2017Q3
GPC,191,368,2017Q4
GPC,192,368,2018Q1
GPC,193,368,2018Q2
GPC,194,368,2018Q3
GPC,195,368,2018Q4
GPC,196,368,2019Q1
GPC,197,368,2019Q2
GPC,198,368,2019Q3
GPC,199,368,2019Q4
GPC,200,368,2020Q1
GPC,201,368,2020Q2
GPC,202,368,2020Q3
GPC,203,368,2020Q4
GPC,204,368,2021Q1
GPC,205,368,2021Q2
GPC,206,368,2021Q3
GPC,207,368,2021Q4
GPC,208,368,2022Q1
GPC,209,368,2022Q2
GPC,210,368,2022Q3
GPC,211,368,2022Q4
GPC,212,368,2023Q1
GPC,213,368,2023Q2
GPC,214,368,2023Q3
GPC,215,368,2023Q4
GPC,216,368,2024Q1
GPC,217,368,2024Q2
GPC,218,368,2024Q3
GPC,219,368,2024Q4
GPC,220,368,2025Q1
GPC,221,368,2025Q2
GPC,222,368,2025Q3
GPC,223,368,2025Q4
GPC,224,368,2026Q1
GPC,225,368,2026Q2
GPN,187,369,2016Q4
GPN,188,369,2017Q1
GPN,189,369,2017Q2
GPN,190,369,2017Q3
GPN,191,369,2017Q4
GPN,192,369,2018Q1
GPN,193,369,2018Q2
GPN,194,369,2018Q3
GPN,195,369,2018Q4
GPN,196,369,2019Q1
GPN,197,369,2019Q2
GPN,198,369,2019Q3
GPN,199,369,2019Q4
GPN,200,369,2020Q1
GPN,201,369,2020Q2
GPN,202,369,2020Q3
GPN,203,369,2020Q4
GPN,204,369,2021Q1
GPN,205,369,2021Q2
GPN,206,369,2021Q3
GPN,207,369,2021Q4
GPN,208,369,2022Q1
GPN,209,369,2022Q2
GPN,210,369,2022Q3
GPN,211,369,2022Q4
GPN,212,369,2023Q1
GPN,213,369,2023Q2
GPN,214,369,2023Q3
GPN,215,369,2023Q4
GPN,216,369,2024Q1
GPN,217,369,2024Q2
GPN,218,369,2024Q3
GPN,219,369,2024Q4
GPN,220,369,2025Q1
GPN,221,369,2025Q2
GPN,222,369,2025Q3
GPN,223,369,2025Q4
GPN,224,369,2026Q1
GPN,225,369,2026Q2
GPS,187,370,2016Q4
GPS,188,370,2017Q1
GPS,189,370,2017Q2
GPS,190,370,2017Q3
GPS,191,370,2017Q4
GPS,192,370,2018Q1
GPS,193,370,2018Q2
GPS,194,370,2018Q3
GPS,195,370,2018Q4
GPS,196,370,2019Q1
GPS,197,370,2019Q2
GPS,198,370,2019Q3
GPS,199,370,2019Q4
GPS,200,370,2020Q1
GPS,201,370,2020Q2
GPS,202,370,2020Q3
GPS,203,370,2020Q4
GPS,204,370,2021Q1
GPS,205,370,2021Q2
GPS,206,370,2021Q3
GPS,207,370,2021Q4
GRMN,187,373,2016Q4
GRMN,188,373,2017Q1
GRMN,189,373,2017Q2
GRMN,190,373,2017Q3
GRMN,191,373,2017Q4
GRMN,192,373,2018Q1
GRMN,193,373,2018Q2
GRMN,194,373,2018Q3
GRMN,195,373,2018Q4
GRMN,196,373,2019Q1
GRMN,197,373,2019Q2
GRMN,198,373,2019Q3
GRMN,199,373,2019Q4
GRMN,200,373,2020Q1
GRMN,201,373,2020Q2
GRMN,202,373,2020Q3
GRMN,203,373,2020Q4
GRMN,204,373,2021Q1
GRMN,205,373,2021Q2
GRMN,206,373,2021Q3
GRMN,207,373,2021Q4
GRMN,208,373,2022Q1
GRMN,209,373,2022Q2
GRMN,210,373,2022Q3
GRMN,211,373,2022Q4
GRMN,212,373,2023Q1
GRMN,213,373,2023Q2
GRMN,214,373,2023Q3
GRMN,215,373,2023Q4
GRMN,216,373,2024Q1
GRMN,217,373,2024Q2
GRMN,218,373,2024Q3
GRMN,219,373,2024Q4
GRMN,220,373,2025Q1
GRMN,221,373,2025Q2
GRMN,222,373,2025Q3
GRMN,223,373,2025Q4
GRMN,224,373,2026Q1
GRMN,225,373,2026Q2
GS,187,374,2016Q4
GS,188,374,2017Q1
GS,189,374,2017Q2
GS,190,374,2017Q3
GS,191,374,2017Q4
GS,192,374,2018Q1
GS,193,374,2018Q2
GS,194,374,2018Q3
GS,195,374,2018Q4
GS,196,374,2019Q1
GS,197,374,2019Q2
GS,198,374,2019Q3
GS,199,374,2019Q4
GS,200,374,2020Q1
GS,201,374,2020Q2
GS,202,374,2020Q3
GS,203,374,2020Q4
GS,204,374,2021Q1
GS,205,374,2021Q2
GS,206,374,2021Q3
GS,207,374,2021Q4
GS,208,374,2022Q1
GS,209,374,2022Q2
GS,210,374,2022Q3
GS,211,374,2022Q4
GS,212,374,2023Q1
GS,213,374,2023Q2
GS,214,374,2023Q3
GS,215,374,2023Q4
GS,216,374,2024Q1
GS,217,374,2024Q2
GS,218,374,2024Q3
GS,219,374,2024Q4
GS,220,374,2025Q1
GS,221,374,2025Q2
GS,222,374,2025Q3
GS,223,374,2025Q4
GS,224,374,2026Q1
GS,225,374,2026Q2
GT,187,375,2016Q4
GT,188,375,2017Q1
GT,189,375,2017Q2
GT,190,375,2017Q3
GT,191,375,2017Q4
GT,192,375,2018Q1
GT,193,375,2018Q2
GT,194,375,2018Q3
GT,195,375,2018Q4
GWW,187,376,2016Q4
GWW,188,376,2017Q1
GWW,189,376,2017Q2
GWW,190,376,2017Q3
GWW,191,376,2017Q4
GWW,192,376,2018Q1
GWW,193,376,2018Q2
GWW,194,376,2018Q3
GWW,195,376,2018Q4
GWW,196,376,2019Q1
GWW,197,376,2019Q2
GWW,198,376,2019Q3
GWW,199,376,2019Q4
GWW,200,376,2020Q1
GWW,201,376,2020Q2
GWW,202,376,2020Q3
GWW,203,376,2020Q4
GWW,204,376,2021Q1
GWW,205,376,2021Q2
GWW,206,376,2021Q3
GWW,207,376,2021Q4
GWW,208,376,2022Q1
GWW,209,376,2022Q2
GWW,210,376,2022Q3
GWW,211,376,2022Q4
GWW,212,376,2023Q1
GWW,213,376,2023Q2
GWW,214,376,2023Q3
GWW,215,376,2023Q4
GWW,216,376,2024Q1
GWW,217,376,2024Q2
GWW,218,376,2024Q3
GWW,219,376,2024Q4
GWW,220,376,2025Q1
GWW,221,376,2025Q2
GWW,222,376,2025Q3
GWW,223,376,2025Q4
GWW,224,376,2026Q1
GWW,225,376,2026Q2
HAL,187,377,2016Q4
HAL,188,377,2017Q1
HAL,189,377,2017Q2
HAL,190,377,2017Q3
HAL,191,377,2017Q4
HAL,192,377,2018Q1
HAL,193,377,2018Q2
HAL,194,377,2018Q3
HAL,195,377,2018Q4
HAL,196,377,2019Q1
HAL,197,377,2019Q2
HAL,198,377,2019Q3
HAL,199,377,2019Q4
HAL,200,377,2020Q1
HAL,201,377,2020Q2
HAL,202,377,2020Q3
HAL,203,377,2020Q4
HAL,204,377,2021Q1
HAL,205,377,2021Q2
HAL,206,377,2021Q3
HAL,207,377,2021Q4
HAL,208,377,2022Q1
HAL,209,377,2022Q2
HAL,210,377,2022Q3
HAL,211,377,2022Q4
HAL,212,377,2023Q1
HAL,213,377,2023Q2
HAL,214,377,2023Q3
HAL,215,377,2023Q4
HAL,216,377,2024Q1
HAL,217,377,2024Q2
HAL,218,377,2024Q3
HAL,219,377,2024Q4
HAL,220,377,2025Q1
HAL,221,377,2025Q2
HAL,222,377,2025Q3
HAL,223,377,2025Q4
HAL,224,377,2026Q1
HAL,225,377,2026Q2
HAR,187,378,2016Q4
HAS,187,379,2016Q4
HAS,188,379,2017Q1
HAS,189,379,2017Q2
HAS,190,379,2017Q3
HAS,191,379,2017Q4
HAS,192,379,2018Q1
HAS,193,379,2018Q2
HAS,194,379,2018Q3
HAS,195,379,2018Q4
HAS,196,379,2019Q1
HAS,197,379,2019Q2
HAS,198,379,2019Q3
HAS,199,379,2019Q4
HAS,200,379,2020Q1
HAS,201,379,2020Q2
HAS,202,379,2020Q3
HAS,203,379,2020Q4
HAS,204,379,2021Q1
HAS,205,379,2021Q2
HAS,206,379,2021Q3
HAS,207,379,2021Q4
HAS,208,379,2022Q1
HAS,209,379,2022Q2
HAS,210,379,2022Q3
HAS,211,379,2022Q4
HAS,212,379,2023Q1
HAS,213,379,2023Q2
HAS,214,379,2023Q3
HAS,215,379,2023Q4
HAS,216,379,2024Q1
HAS,217,379,2024Q2
HAS,218,379,2024Q3
HAS,219,379,2024Q4
HAS,220,379,2025Q1
HAS,221,379,2025Q2
HAS,222,379,2025Q3
HAS,223,379,2025Q4
HAS,224,379,2026Q1
HAS,225,379,2026Q2
HBAN,187,380,2016Q4
HBAN,188,380,2017Q1
HBAN,189,380,2017Q2
HBAN,190,380,2017Q3
HBAN,191,380,2017Q4
HBAN,192,380,2018Q1
HBAN,193,380,2018Q2
HBAN,194,380,2018Q3
HBAN,195,380,2018Q4
HBAN,196,380,2019Q1
HBAN,197,380,2019Q2
HBAN,198,380,2019Q3
HBAN,199,380,2019Q4
HBAN,200,380,2020Q1
HBAN,201,380,2020Q2
HBAN,202,380,2020Q3
HBAN,203,380,2020Q4
HBAN,204,380,2021Q1
HBAN,205,380,2021Q2
HBAN,206,380,2021Q3
HBAN,207,380,2021Q4
HBAN,208,380,2022Q1
HBAN,209,380,2022Q2
HBAN,210,380,2022Q3
HBAN,211,380,2022Q4
HBAN,212,380,2023Q1
HBAN,213,380,2023Q2
HBAN,214,380,2023Q3
HBAN,215,380,2023Q4
HBAN,216,380,2024Q1
HBAN,217,380,2024Q2
HBAN,218,380,2024Q3
HBAN,219,380,2024Q4
HBAN,220,380,2025Q1
HBAN,221,380,2025Q2
HBAN,222,380,2025Q3
HBAN,223,380,2025Q4
HBAN,224,380,2026Q1
HBAN,225,380,2026Q2
HBI,187,381,2016Q4
HBI,188,381,2017Q1
HBI,189,381,2017Q2
HBI,190,381,2017Q3
HBI,191,381,2017Q4
HBI,192,381,2018Q1
HBI,193,381,2018Q2
HBI,194,381,2018Q3
HBI,195,381,2018Q4
HBI,196,381,2019Q1
HBI,197,381,2019Q2
HBI,198,381,2019Q3
HBI,199,381,2019Q4
HBI,200,381,2020Q1
HBI,201,381,2020Q2
HBI,202,381,2020Q3
HBI,203,381,2020Q4
HBI,204,381,2021Q1
HBI,205,381,2021Q2
HBI,206,381,2021Q3
HCA,187,382,2016Q4
HCA,188,382,2017Q1
HCA,189,382,2017Q2
HCA,190,382,2017Q3
HCA,191,382,2017Q4
HCA,192,382,2018Q1
HCA,193,382,2018Q2
HCA,194,382,2018Q3
HCA,195,382,2018Q4
HCA,196,382,2019Q1
HCA,197,382,2019Q2
HCA,198,382,2019Q3
HCA,199,382,2019Q4
HCA,200,382,2020Q1
HCA,201,382,2020Q2
HCA,202,382,2020Q3
HCA,203,382,2020Q4
HCA,204,382,2021Q1
HCA,205,382,2021Q2
HCA,206,382,2021Q3
HCA,207,382,2021Q4
HCA,208,382,2022Q1
HCA,209,382,2022Q2
HCA,210,382,2022Q3
HCA,211,382,2022Q4
HCA,212,382,2023Q1
HCA,213,382,2023Q2
HCA,214,382,2023Q3
HCA,215,382,2023Q4
HCA,216,382,2024Q1
HCA,217,382,2024Q2
HCA,218,382,2024Q3
HCA,219,382,2024Q4
HCA,220,382,2025Q1
HCA,221,382,2025Q2
HCA,222,382,2025Q3
HCA,223,382,2025Q4
HCA,224,382,2026Q1
HCA,225,382,2026Q2
HD,187,384,2016Q4
HD,188,384,2017Q1
HD,189,384,2017Q2
HD,190,384,2017Q3
HD,191,384,2017Q4
HD,192,384,2018Q1
HD,193,384,2018Q2
HD,194,384,2018Q3
HD,195,384,2018Q4
HD,196,384,2019Q1
HD,197,384,2019Q2
HD,198,384,2019Q3
HD,199,384,2019Q4
HD,200,384,2020Q1
HD,201,384,2020Q2
HD,202,384,2020Q3
HD,203,384,2020Q4
HD,204,384,2021Q1
HD,205,384,2021Q2
HD,206,384,2021Q3
HD,207,384,2021Q4
HD,208,384,2022Q1
HD,209,384,2022Q2
HD,210,384,2022Q3
HD,211,384,2022Q4
HD,212,384,2023Q1
HD,213,384,2023Q2
HD,214,384,2023Q3
HD,215,384,2023Q4
HD,216,384,2024Q1
HD,217,384,2024Q2
HD,218,384,2024Q3
HD,219,384,2024Q4
HD,220,384,2025Q1
HD,221,384,2025Q2
HD,222,384,2025Q3
HD,223,384,2025Q4
HD,224,384,2026Q1
HD,225,384,2026Q2
HES,187,385,2016Q4
HES,188,385,2017Q1
HES,189,385,2017Q2
HES,190,385,2017Q3
HES,191,385,2017Q4
HES,192,385,2018Q1
HES,193,385,2018Q2
HES,194,385,2018Q3
HES,195,385,2018Q4
HES,196,385,2019Q1
HES,197,385,2019Q2
HES,198,385,2019Q3
HES,199,385,2019Q4
HES,200,385,2020Q1
HES,201,385,2020Q2
HES,202,385,2020Q3
HES,203,385,2020Q4
HES,204,385,2021Q1
HES,205,385,2021Q2
HES,206,385,2021Q3
HES,207,385,2021Q4
HES,208,385,2022Q1
HES,209,385,2022Q2
HES,210,385,2022Q3
HES,211,385,2022Q4
HES,212,385,2023Q1
HES,213,385,2023Q2
HES,214,385,2023Q3
HES,215,385,2023Q4
HES,216,385,2024Q1
HES,217,385,2024Q2
HES,218,385,2024Q3
HES,219,385,2024Q4
HES,220,385,2025Q1
HES,221,385,2025Q2
HFC,193,386,2018Q2
HFC,194,386,2018Q3
HFC,195,386,2018Q4
HFC,196,386,2019Q1
HFC,197,386,2019Q2
HFC,198,386,2019Q3
HFC,199,386,2019Q4
HFC,200,386,2020Q1
HFC,201,386,2020Q2
HFC,202,386,2020Q3
HFC,203,386,2020Q4
HFC,204,386,2021Q1
HIG,187,387,2016Q4
HIG,188,387,2017Q1
HIG,189,387,2017Q2
HIG,190,387,2017Q3
HIG,191,387,2017Q4
HIG,192,387,2018Q1
HIG,193,387,2018Q2
HIG,194,387,2018Q3
HIG,195,387,2018Q4
HIG,196,387,2019Q1
HIG,197,387,2019Q2
HIG,198,387,2019Q3
HIG,199,387,2019Q4
HIG,200,387,2020Q1
HIG,201,387,2020Q2
HIG,202,387,2020Q3
HIG,203,387,2020Q4
HIG,204,387,2021Q1
HIG,205,387,2021Q2
HIG,206,387,2021Q3
HIG,207,387,2021Q4
HIG,208,387,2022Q1
HIG,209,387,2022Q2
HIG,210,387,2022Q3
HIG,211,387,2022Q4
HIG,212,387,2023Q1
HIG,213,387,2023Q2
HIG,214,387,2023Q3
HIG,215,387,2023Q4
HIG,216,387,2024Q1
HIG,217,387,2024Q2
HIG,218,387,2024Q3
HIG,219,387,2024Q4
HIG,220,387,2025Q1
HIG,221,387,2025Q2
HIG,222,387,2025Q3
HIG,223,387,2025Q4
HIG,224,387,2026Q1
HIG,225,387,2026Q2
HII,192,388,2018Q1
HII,193,388,2018Q2
HII,194,388,2018Q3
HII,195,388,2018Q4
HII,196,388,2019Q1
HII,197,388,2019Q2
HII,198,388,2019Q3
HII,199,388,2019Q4
HII,200,388,2020Q1
HII,201,388,2020Q2
HII,202,388,2020Q3
HII,203,388,2020Q4
HII,204,388,2021Q1
HII,205,388,2021Q2
HII,206,388,2021Q3
HII,207,388,2021Q4
HII,208,388,2022Q1
HII,209,388,2022Q2
HII,210,388,2022Q3
HII,211,388,2022Q4
HII,212,388,2023Q1
HII,213,388,2023Q2
HII,214,388,2023Q3
HII,215,388,2023Q4
HII,216,388,2024Q1
HII,217,388,2024Q2
HII,218,388,2024Q3
HII,219,388,2024Q4
HII,220,388,2025Q1
HII,221,388,2025Q2
HII,222,388,2025Q3
HII,223,388,2025Q4
HII,224,388,2026Q1
HII,225,388,2026Q2
HLT,189,389,2017Q2
HLT,190,389,2017Q3
HLT,191,389,2017Q4
HLT,192,389,2018Q1
HLT,193,389,2018Q2
HLT,194,389,2018Q3
HLT,195,389,2018Q4
HLT,196,389,2019Q1
HLT,197,389,2019Q2
HLT,198,389,2019Q3
HLT,199,389,2019Q4
HLT,200,389,2020Q1
HLT,201,389,2020Q2
HLT,202,389,2020Q3
HLT,203,389,2020Q4
HLT,204,389,2021Q1
HLT,205,389,2021Q2
HLT,206,389,2021Q3
HLT,207,389,2021Q4
HLT,208,389,2022Q1
HLT,209,389,2022Q2
HLT,210,389,2022Q3
HLT,211,389,2022Q4
HLT,212,389,2023Q1
HLT,213,389,2023Q2
HLT,214,389,2023Q3
HLT,215,389,2023Q4
HLT,216,389,2024Q1
HLT,217,389,2024Q2
HLT,218,389,2024Q3
HLT,219,389,2024Q4
HLT,220,389,2025Q1
HLT,221,389,2025Q2
HLT,222,389,2025Q3
HLT,223,389,2025Q4
HLT,224,389,2026Q1
HLT,225,389,2026Q2
HOG,187,391,2016Q4
HOG,188,391,2017Q1
HOG,189,391,2017Q2
HOG,190,391,2017Q3
HOG,191,391,2017Q4
HOG,192,391,2018Q1
HOG,193,391,2018Q2
HOG,194,391,2018Q3
HOG,195,391,2018Q4
HOG,196,391,2019Q1
HOG,197,391,2019Q2
HOG,198,391,2019Q3
HOG,199,391,2019Q4
HOG,200,391,2020Q1
HOLX,187,392,2016Q4
HOLX,188,392,2017Q1
HOLX,189,392,2017Q2
HOLX,190,392,2017Q3
HOLX,191,392,2017Q4
HOLX,192,392,2018Q1
HOLX,193,392,2018Q2
HOLX,194,392,2018Q3
HOLX,195,392,2018Q4
HOLX,196,392,2019Q1
HOLX,197,392,2019Q2
HOLX,198,392,2019Q3
HOLX,199,392,2019Q4
HOLX,200,392,2020Q1
HOLX,201,392,2020Q2
HOLX,202,392,2020Q3
HOLX,203,392,2020Q4
HOLX,204,392,2021Q1
HOLX,205,392,2021Q2
HOLX,206,392,2021Q3
HOLX,207,392,2021Q4
HOLX,208,392,2022Q1
HOLX,209,392,2022Q2
HOLX,210,392,2022Q3
HOLX,211,392,2022Q4
HOLX,212,392,2023Q1
HOLX,213,392,2023Q2
HOLX,214,392,2023Q3
HOLX,215,392,2023Q4
HOLX,216,392,2024Q1
HOLX,217,392,2024Q2
HOLX,218,392,2024Q3
HOLX,219,392,2024Q4
HOLX,220,392,2025Q1
HOLX,221,392,2025Q2
HOLX,222,392,2025Q3
HOLX,223,392,2025Q4
HOLX,224,392,2026Q1
HON,187,393,2016Q4
HON,188,393,2017Q1
HON,189,393,2017Q2
HON,190,393,2017Q3
HON,191,393,2017Q4
HON,192,393,2018Q1
HON,193,393,2018Q2
HON,194,393,2018Q3
HON,195,393,2018Q4
HON,196,393,2019Q1
HON,197,393,2019Q2
HON,198,393,2019Q3
HON,199,393,2019Q4
HON,200,393,2020Q1
HON,201,393,2020Q2
HON,202,393,2020Q3
HON,203,393,2020Q4
HON,204,393,2021Q1
HON,205,393,2021Q2
HON,206,393,2021Q3
HON,207,393,2021Q4
HON,208,393,2022Q1
HON,209,393,2022Q2
HON,210,393,2022Q3
HON,211,393,2022Q4
HON,212,393,2023Q1
HON,213,393,2023Q2
HON,214,393,2023Q3
HON,215,393,2023Q4
HON,216,393,2024Q1
HON,217,393,2024Q2
HON,218,393,2024Q3
HON,219,393,2024Q4
HON,220,393,2025Q1
HON,221,393,2025Q2
HON,222,393,2025Q3
HON,223,393,2025Q4
HON,224,393,2026Q1
HON,225,393,2026Q2
HONA,225,394,2026Q2
HOOD,222,395,2025Q3
HOOD,223,395,2025Q4
HOOD,224,395,2026Q1
HOOD,225,395,2026Q2
HP,187,397,2016Q4
HP,188,397,2017Q1
HP,189,397,2017Q2
HP,190,397,2017Q3
HP,191,397,2017Q4
HP,192,397,2018Q1
HP,193,397,2018Q2
HP,194,397,2018Q3
HP,195,397,2018Q4
HP,196,397,2019Q1
HP,197,397,2019Q2
HP,198,397,2019Q3
HP,199,397,2019Q4
HP,200,397,2020Q1
HPE,187,398,2016Q4
HPE,188,398,2017Q1
HPE,189,398,2017Q2
HPE,190,398,2017Q3
HPE,191,398,2017Q4
HPE,192,398,2018Q1
HPE,193,398,2018Q2
HPE,194,398,2018Q3
HPE,195,398,2018Q4
HPE,196,398,2019Q1
HPE,197,398,2019Q2
HPE,198,398,2019Q3
HPE,199,398,2019Q4
HPE,200,398,2020Q1
HPE,201,398,2020Q2
HPE,202,398,2020Q3
HPE,203,398,2020Q4
HPE,204,398,2021Q1
HPE,205,398,2021Q2
HPE,206,398,2021Q3
HPE,207,398,2021Q4
HPE,208,398,2022Q1
HPE,209,398,2022Q2
HPE,210,398,2022Q3
HPE,211,398,2022Q4
HPE,212,398,2023Q1
HPE,213,398,2023Q2
HPE,214,398,2023Q3
HPE,215,398,2023Q4
HPE,216,398,2024Q1
HPE,217,398,2024Q2
HPE,218,398,2024Q3
HPE,219,398,2024Q4
HPE,220,398,2025Q1
HPE,221,398,2025Q2
HPE,222,398,2025Q3
HPE,223,398,2025Q4
HPE,224,398,2026Q1
HPE,225,398,2026Q2
HPQ,187,399,2016Q4
HPQ,188,399,2017Q1
HPQ,189,399,2017Q2
HPQ,190,399,2017Q3
HPQ,191,399,2017Q4
HPQ,192,399,2018Q1
HPQ,193,399,2018Q2
HPQ,194,399,2018Q3
HPQ,195,399,2018Q4
HPQ,196,399,2019Q1
HPQ,197,399,2019Q2
HPQ,198,399,2019Q3
HPQ,199,399,2019Q4
HPQ,200,399,2020Q1
HPQ,201,399,2020Q2
HPQ,202,399,2020Q3
HPQ,203,399,2020Q4
HPQ,204,399,2021Q1
HPQ,205,399,2021Q2
HPQ,206,399,2021Q3
HPQ,207,399,2021Q4
HPQ,208,399,2022Q1
HPQ,209,399,2022Q2
HPQ,210,399,2022Q3
HPQ,211,399,2022Q4
HPQ,212,399,2023Q1
HPQ,213,399,2023Q2
HPQ,214,399,2023Q3
HPQ,215,399,2023Q4
HPQ,216,399,2024Q1
HPQ,217,399,2024Q2
HPQ,218,399,2024Q3
HPQ,219,399,2024Q4
HPQ,220,399,2025Q1
HPQ,221,399,2025Q2
HPQ,222,399,2025Q3
HPQ,223,399,2025Q4
HPQ,224,399,2026Q1
HPQ,225,399,2026Q2
HRB,187,400,2016Q4
HRB,188,400,2017Q1
HRB,189,400,2017Q2
HRB,190,400,2017Q3
HRB,191,400,2017Q4
HRB,192,400,2018Q1
HRB,193,400,2018Q2
HRB,194,400,2018Q3
HRB,195,400,2018Q4
HRB,196,400,2019Q1
HRB,197,400,2019Q2
HRB,198,400,2019Q3
HRB,199,400,2019Q4
HRB,200,400,2020Q1
HRB,201,400,2020Q2
HRL,187,401,2016Q4
HRL,188,401,2017Q1
HRL,189,401,2017Q2
HRL,190,401,2017Q3
HRL,191,401,2017Q4
HRL,192,401,2018Q1
HRL,193,401,2018Q2
HRL,194,401,2018Q3
HRL,195,401,2018Q4
HRL,196,401,2019Q1
HRL,197,401,2019Q2
HRL,198,401,2019Q3
HRL,199,401,2019Q4
HRL,200,401,2020Q1
HRL,201,401,2020Q2
HRL,202,401,2020Q3
HRL,203,401,2020Q4
HRL,204,401,2021Q1
HRL,205,401,2021Q2
HRL,206,401,2021Q3
HRL,207,401,2021Q4
HRL,208,401,2022Q1
HRL,209,401,2022Q2
HRL,210,401,2022Q3
HRL,211,401,2022Q4
HRL,212,401,2023Q1
HRL,213,401,2023Q2
HRL,214,401,2023Q3
HRL,215,401,2023Q4
HRL,216,401,2024Q1
HRL,217,401,2024Q2
HRL,218,401,2024Q3
HRL,219,401,2024Q4
HRL,220,401,2025Q1
HRL,221,401,2025Q2
HRL,222,401,2025Q3
HRL,223,401,2025Q4
HRL,224,401,2026Q1
HRL,225,401,2026Q2
HSIC,187,402,2016Q4
HSIC,188,402,2017Q1
HSIC,189,402,2017Q2
HSIC,190,402,2017Q3
HSIC,191,402,2017Q4
HSIC,192,402,2018Q1
HSIC,193,402,2018Q2
HSIC,194,402,2018Q3
HSIC,195,402,2018Q4
HSIC,196,402,2019Q1
HSIC,197,402,2019Q2
HSIC,198,402,2019Q3
HSIC,199,402,2019Q4
HSIC,200,402,2020Q1
HSIC,201,402,2020Q2
HSIC,202,402,2020Q3
HSIC,203,402,2020Q4
HSIC,204,402,2021Q1
HSIC,205,402,2021Q2
HSIC,206,402,2021Q3
HSIC,207,402,2021Q4
HSIC,208,402,2022Q1
HSIC,209,402,2022Q2
HSIC,210,402,2022Q3
HSIC,211,402,2022Q4
HSIC,212,402,2023Q1
HSIC,213,402,2023Q2
HSIC,214,402,2023Q3
HSIC,215,402,2023Q4
HSIC,216,402,2024Q1
HSIC,217,402,2024Q2
HSIC,218,402,2024Q3
HSIC,219,402,2024Q4
HSIC,220,402,2025Q1
HSIC,221,402,2025Q2
HSIC,222,402,2025Q3
HSIC,223,402,2025Q4
HSIC,224,402,2026Q1
HSIC,225,402,2026Q2
HST,187,404,2016Q4
HST,188,404,2017Q1
HST,189,404,2017Q2
HST,190,404,2017Q3
HST,191,404,2017Q4
HST,192,404,2018Q1
HST,193,404,2018Q2
HST,194,404,2018Q3
HST,195,404,2018Q4
HST,196,404,2019Q1
HST,197,404,2019Q2
HST,198,404,2019Q3
HST,199,404,2019Q4
HST,200,404,2020Q1
HST,201,404,2020Q2
HST,202,404,2020Q3
HST,203,404,2020Q4
HST,204,404,2021Q1
HST,205,404,2021Q2
HST,206,404,2021Q3
HST,207,404,2021Q4
HST,208,404,2022Q1
HST,209,404,2022Q2
HST,210,404,2022Q3
HST,211,404,2022Q4
HST,212,404,2023Q1
HST,213,404,2023Q2
HST,214,404,2023Q3
HST,215,404,2023Q4
HST,216,404,2024Q1
HST,217,404,2024Q2
HST,218,404,2024Q3
HST,219,404,2024Q4
HST,220,404,2025Q1
HST,221,404,2025Q2
HST,222,404,2025Q3
HST,223,404,2025Q4
HST,224,404,2026Q1
HST,225,404,2026Q2
HSY,187,405,2016Q4
HSY,188,405,2017Q1
HSY,189,405,2017Q2
HSY,190,405,2017Q3
HSY,191,405,2017Q4
HSY,192,405,2018Q1
HSY,193,405,2018Q2
HSY,194,405,2018Q3
HSY,195,405,2018Q4
HSY,196,405,2019Q1
HSY,197,405,2019Q2
HSY,198,405,2019Q3
HSY,199,405,2019Q4
HSY,200,405,2020Q1
HSY,201,405,2020Q2
HSY,202,405,2020Q3
HSY,203,405,2020Q4
HSY,204,405,2021Q1
HSY,205,405,2021Q2
HSY,206,405,2021Q3
HSY,207,405,2021Q4
HSY,208,405,2022Q1
HSY,209,405,2022Q2
HSY,210,405,2022Q3
HSY,211,405,2022Q4
HSY,212,405,2023Q1
HSY,213,405,2023Q2
HSY,214,405,2023Q3
HSY,215,405,2023Q4
HSY,216,405,2024Q1
HSY,217,405,2024Q2
HSY,218,405,2024Q3
HSY,219,405,2024Q4
HSY,220,405,2025Q1
HSY,221,405,2025Q2
HSY,222,405,2025Q3
HSY,223,405,2025Q4
HSY,224,405,2026Q1
HSY,225,405,2026Q2
HUBB,215,406,2023Q4
HUBB,216,406,2024Q1
HUBB,217,406,2024Q2
HUBB,218,406,2024Q3
HUBB,219,406,2024Q4
HUBB,220,406,2025Q1
HUBB,221,406,2025Q2
HUBB,222,406,2025Q3
HUBB,223,406,2025Q4
HUBB,224,406,2026Q1
HUBB,225,406,2026Q2
HUM,187,407,2016Q4
HUM,188,407,2017Q1
HUM,189,407,2017Q2
HUM,190,407,2017Q3
HUM,191,407,2017Q4
HUM,192,407,2018Q1
HUM,193,407,2018Q2
HUM,194,407,2018Q3
HUM,195,407,2018Q4
HUM,196,407,2019Q1
HUM,197,407,2019Q2
HUM,198,407,2019Q3
HUM,199,407,2019Q4
HUM,200,407,2020Q1
HUM,201,407,2020Q2
HUM,202,407,2020Q3
HUM,203,407,2020Q4
HUM,204,407,2021Q1
HUM,205,407,2021Q2
HUM,206,407,2021Q3
HUM,207,407,2021Q4
HUM,208,407,2022Q1
HUM,209,407,2022Q2
HUM,210,407,2022Q3
HUM,211,407,2022Q4
HUM,212,407,2023Q1
HUM,213,407,2023Q2
HUM,214,407,2023Q3
HUM,215,407,2023Q4
HUM,216,407,2024Q1
HUM,217,407,2024Q2
HUM,218,407,2024Q3
HUM,219,407,2024Q4
HUM,220,407,2025Q1
HUM,221,407,2025Q2
HUM,222,407,2025Q3
HUM,223,407,2025Q4
HUM,224,407,2026Q1
HUM,225,407,2026Q2
HWM,187,408,2016Q4
HWM,188,408,2017Q1
HWM,189,408,2017Q2
HWM,190,408,2017Q3
HWM,191,408,2017Q4
HWM,192,408,2018Q1
HWM,193,408,2018Q2
HWM,194,408,2018Q3
HWM,195,408,2018Q4
HWM,196,408,2019Q1
HWM,197,408,2019Q2
HWM,198,408,2019Q3
HWM,199,408,2019Q4
HWM,200,408,2020Q1
HWM,201,408,2020Q2
HWM,202,408,2020Q3
HWM,203,408,2020Q4
HWM,204,408,2021Q1
HWM,205,408,2021Q2
HWM,206,408,2021Q3
HWM,207,408,2021Q4
HWM,208,408,2022Q1
HWM,209,408,2022Q2
HWM,210,408,2022Q3
HWM,211,408,2022Q4
HWM,212,408,2023Q1
HWM,213,408,2023Q2
HWM,214,408,2023Q3
HWM,215,408,2023Q4
HWM,216,408,2024Q1
HWM,217,408,2024Q2
HWM,218,408,2024Q3
HWM,219,408,2024Q4
HWM,220,408,2025Q1
HWM,221,408,2025Q2
HWM,222,408,2025Q3
HWM,223,408,2025Q4
HWM,224,408,2026Q1
HWM,225,408,2026Q2
IBKR,222,409,2025Q3
IBKR,223,409,2025Q4
IBKR,224,409,2026Q1
IBKR,225,409,2026Q2
IBM,187,410,2016Q4
IBM,188,410,2017Q1
IBM,189,410,2017Q2
IBM,190,410,2017Q3
IBM,191,410,2017Q4
IBM,192,410,2018Q1
IBM,193,410,2018Q2
IBM,194,410,2018Q3
IBM,195,410,2018Q4
IBM,196,410,2019Q1
IBM,197,410,2019Q2
IBM,198,410,2019Q3
IBM,199,410,2019Q4
IBM,200,410,2020Q1
IBM,201,410,2020Q2
IBM,202,410,2020Q3
IBM,203,410,2020Q4
IBM,204,410,2021Q1
IBM,205,410,2021Q2
IBM,206,410,2021Q3
IBM,207,410,2021Q4
IBM,208,410,2022Q1
IBM,209,410,2022Q2
IBM,210,410,2022Q3
IBM,211,410,2022Q4
IBM,212,410,2023Q1
IBM,213,410,2023Q2
IBM,214,410,2023Q3
IBM,215,410,2023Q4
IBM,216,410,2024Q1
IBM,217,410,2024Q2
IBM,218,410,2024Q3
IBM,219,410,2024Q4
IBM,220,410,2025Q1
IBM,221,410,2025Q2
IBM,222,410,2025Q3
IBM,223,410,2025Q4
IBM,224,410,2026Q1
IBM,225,410,2026Q2
ICE,187,411,2016Q4
ICE,188,411,2017Q1
ICE,189,411,2017Q2
ICE,190,411,2017Q3
ICE,191,411,2017Q4
ICE,192,411,2018Q1
ICE,193,411,2018Q2
ICE,194,411,2018Q3
ICE,195,411,2018Q4
ICE,196,411,2019Q1
ICE,197,411,2019Q2
ICE,198,411,2019Q3
ICE,199,411,2019Q4
ICE,200,411,2020Q1
ICE,201,411,2020Q2
ICE,202,411,2020Q3
ICE,203,411,2020Q4
ICE,204,411,2021Q1
ICE,205,411,2021Q2
ICE,206,411,2021Q3
ICE,207,411,2021Q4
ICE,208,411,2022Q1
ICE,209,411,2022Q2
ICE,210,411,2022Q3
ICE,211,411,2022Q4
ICE,212,411,2023Q1
ICE,213,411,2023Q2
ICE,214,411,2023Q3
ICE,215,411,2023Q4
ICE,216,411,2024Q1
ICE,217,411,2024Q2
ICE,218,411,2024Q3
ICE,219,411,2024Q4
ICE,220,411,2025Q1
ICE,221,411,2025Q2
ICE,222,411,2025Q3
ICE,223,411,2025Q4
ICE,224,411,2026Q1
ICE,225,411,2026Q2
IDXX,188,412,2017Q1
IDXX,189,412,2017Q2
IDXX,190,412,2017Q3
IDXX,191,412,2017Q4
IDXX,192,412,2018Q1
IDXX,193,412,2018Q2
IDXX,194,412,2018Q3
IDXX,195,412,2018Q4
IDXX,196,412,2019Q1
IDXX,197,412,2019Q2
IDXX,198,412,2019Q3
IDXX,199,412,2019Q4
IDXX,200,412,2020Q1
IDXX,201,412,2020Q2
IDXX,202,412,2020Q3
IDXX,203,412,2020Q4
IDXX,204,412,2021Q1
IDXX,205,412,2021Q2
IDXX,206,412,2021Q3
IDXX,207,412,2021Q4
IDXX,208,412,2022Q1
IDXX,209,412,2022Q2
IDXX,210,412,2022Q3
IDXX,211,412,2022Q4
IDXX,212,412,2023Q1
IDXX,213,412,2023Q2
IDXX,214,412,2023Q3
IDXX,215,412,2023Q4
IDXX,216,412,2024Q1
IDXX,217,412,2024Q2
IDXX,218,412,2024Q3
IDXX,219,412,2024Q4
IDXX,220,412,2025Q1
IDXX,221,412,2025Q2
IDXX,222,412,2025Q3
IDXX,223,412,2025Q4
IDXX,224,412,2026Q1
IDXX,225,412,2026Q2
IEX,198,413,2019Q3
IEX,199,413,2019Q4
IEX,200,413,2020Q1
IEX,201,413,2020Q2
IEX,202,413,2020Q3
IEX,203,413,2020Q4
IEX,204,413,2021Q1
IEX,205,413,2021Q2
IEX,206,413,2021Q3
IEX,207,413,2021Q4
IEX,208,413,2022Q1
IEX,209,413,2022Q2
IEX,210,413,2022Q3
IEX,211,413,2022Q4
IEX,212,413,2023Q1
IEX,213,413,2023Q2
IEX,214,413,2023Q3
IEX,215,413,2023Q4
IEX,216,413,2024Q1
IEX,217,413,2024Q2
IEX,218,413,2024Q3
IEX,219,413,2024Q4
IEX,220,413,2025Q1
IEX,221,413,2025Q2
IEX,222,413,2025Q3
IEX,223,413,2025Q4
IEX,224,413,2026Q1
IEX,225,413,2026Q2
IFF,187,414,2016Q4
IFF,188,414,2017Q1
IFF,189,414,2017Q2
IFF,190,414,2017Q3
IFF,191,414,2017Q4
IFF,192,414,2018Q1
IFF,193,414,2018Q2
IFF,194,414,2018Q3
IFF,195,414,2018Q4
IFF,196,414,2019Q1
IFF,197,414,2019Q2
IFF,198,414,2019Q3
IFF,199,414,2019Q4
IFF,200,414,2020Q1
IFF,201,414,2020Q2
IFF,202,414,2020Q3
IFF,203,414,2020Q4
IFF,204,414,2021Q1
IFF,205,414,2021Q2
IFF,206,414,2021Q3
IFF,207,414,2021Q4
IFF,208,414,2022Q1
IFF,209,414,2022Q2
IFF,210,414,2022Q3
IFF,211,414,2022Q4
IFF,212,414,2023Q1
IFF,213,414,2023Q2
IFF,214,414,2023Q3
IFF,215,414,2023Q4
IFF,216,414,2024Q1
IFF,217,414,2024Q2
IFF,218,414,2024Q3
IFF,219,414,2024Q4
IFF,220,414,2025Q1
IFF,221,414,2025Q2
IFF,222,414,2025Q3
IFF,223,414,2025Q4
IFF,224,414,2026Q1
IFF,225,414,2026Q2
ILMN,187,416,2016Q4
ILMN,188,416,2017Q1
ILMN,189,416,2017Q2
ILMN,190,416,2017Q3
ILMN,191,416,2017Q4
ILMN,192,416,2018Q1
ILMN,193,416,2018Q2
ILMN,194,416,2018Q3
ILMN,195,416,2018Q4
ILMN,196,416,2019Q1
ILMN,197,416,2019Q2
ILMN,198,416,2019Q3
ILMN,199,416,2019Q4
ILMN,200,416,2020Q1
ILMN,201,416,2020Q2
ILMN,202,416,2020Q3
ILMN,203,416,2020Q4
ILMN,204,416,2021Q1
ILMN,205,416,2021Q2
ILMN,206,416,2021Q3
ILMN,207,416,2021Q4
ILMN,208,416,2022Q1
ILMN,209,416,2022Q2
ILMN,210,416,2022Q3
ILMN,211,416,2022Q4
ILMN,212,416,2023Q1
ILMN,213,416,2023Q2
ILMN,214,416,2023Q3
ILMN,215,416,2023Q4
ILMN,216,416,2024Q1
INCY,188,417,2017Q1
INCY,189,417,2017Q2
INCY,190,417,2017Q3
INCY,191,417,2017Q4
INCY,192,417,2018Q1
INCY,193,417,2018Q2
INCY,194,417,2018Q3
INCY,195,417,2018Q4
INCY,196,417,2019Q1
INCY,197,417,2019Q2
INCY,198,417,2019Q3
INCY,199,417,2019Q4
INCY,200,417,2020Q1
INCY,201,417,2020Q2
INCY,202,417,2020Q3
INCY,203,417,2020Q4
INCY,204,417,2021Q1
INCY,205,417,2021Q2
INCY,206,417,2021Q3
INCY,207,417,2021Q4
INCY,208,417,2022Q1
INCY,209,417,2022Q2
INCY,210,417,2022Q3
INCY,211,417,2022Q4
INCY,212,417,2023Q1
INCY,213,417,2023Q2
INCY,214,417,2023Q3
INCY,215,417,2023Q4
INCY,216,417,2024Q1
INCY,217,417,2024Q2
INCY,218,417,2024Q3
INCY,219,417,2024Q4
INCY,220,417,2025Q1
INCY,221,417,2025Q2
INCY,222,417,2025Q3
INCY,223,417,2025Q4
INCY,224,417,2026Q1
INCY,225,417,2026Q2
INFO,189,418,2017Q2
INFO,190,418,2017Q3
INFO,191,418,2017Q4
INFO,192,418,2018Q1
INFO,193,418,2018Q2
INFO,194,418,2018Q3
INFO,195,418,2018Q4
INFO,196,418,2019Q1
INFO,197,418,2019Q2
INFO,198,418,2019Q3
INFO,199,418,2019Q4
INFO,200,418,2020Q1
INFO,201,418,2020Q2
INFO,202,418,2020Q3
INFO,203,418,2020Q4
INFO,204,418,2021Q1
INFO,205,418,2021Q2
INFO,206,418,2021Q3
INFO,207,418,2021Q4
INTC,187,419,2016Q4
INTC,188,419,2017Q1
INTC,189,419,2017Q2
INTC,190,419,2017Q3
INTC,191,419,2017Q4
INTC,192,419,2018Q1
INTC,193,419,2018Q2
INTC,194,419,2018Q3
INTC,195,419,2018Q4
INTC,196,419,2019Q1
INTC,197,419,2019Q2
INTC,198,419,2019Q3
INTC,199,419,2019Q4
INTC,200,419,2020Q1
INTC,201,419,2020Q2
INTC,202,419,2020Q3
INTC,203,419,2020Q4
INTC,204,419,2021Q1
INTC,205,419,2021Q2
INTC,206,419,2021Q3
INTC,207,419,2021Q4
INTC,208,419,2022Q1
INTC,209,419,2022Q2
INTC,210,419,2022Q3
INTC,211,419,2022Q4
INTC,212,419,2023Q1
INTC,213,419,2023Q2
INTC,214,419,2023Q3
INTC,215,419,2023Q4
INTC,216,419,2024Q1
INTC,217,419,2024Q2
INTC,218,419,2024Q3
INTC,219,419,2024Q4
INTC,220,419,2025Q1
INTC,221,419,2025Q2
INTC,222,419,2025Q3
INTC,223,419,2025Q4
INTC,224,419,2026Q1
INTC,225,419,2026Q2
INTU,187,420,2016Q4
INTU,188,420,2017Q1
INTU,189,420,2017Q2
INTU,190,420,2017Q3
INTU,191,420,2017Q4
INTU,192,420,2018Q1
INTU,193,420,2018Q2
INTU,194,420,2018Q3
INTU,195,420,2018Q4
INTU,196,420,2019Q1
INTU,197,420,2019Q2
INTU,198,420,2019Q3
INTU,199,420,2019Q4
INTU,200,420,2020Q1
INTU,201,420,2020Q2
INTU,202,420,2020Q3
INTU,203,420,2020Q4
INTU,204,420,2021Q1
INTU,205,420,2021Q2
INTU,206,420,2021Q3
INTU,207,420,2021Q4
INTU,208,420,2022Q1
INTU,209,420,2022Q2
INTU,210,420,2022Q3
INTU,211,420,2022Q4
INTU,212,420,2023Q1
INTU,213,420,2023Q2
INTU,214,420,2023Q3
INTU,215,420,2023Q4
INTU,216,420,2024Q1
INTU,217,420,2024Q2
INTU,218,420,2024Q3
INTU,219,420,2024Q4
INTU,220,420,2025Q1
INTU,221,420,2025Q2
INTU,222,420,2025Q3
INTU,223,420,2025Q4
INTU,224,420,2026Q1
INTU,225,420,2026Q2
INVH,210,421,2022Q3
INVH,211,421,2022Q4
INVH,212,421,2023Q1
INVH,213,421,2023Q2
INVH,214,421,2023Q3
INVH,215,421,2023Q4
INVH,216,421,2024Q1
INVH,217,421,2024Q2
INVH,218,421,2024Q3
INVH,219,421,2024Q4
INVH,220,421,2025Q1
INVH,221,421,2025Q2
INVH,222,421,2025Q3
INVH,223,421,2025Q4
INVH,224,421,2026Q1
INVH,225,421,2026Q2
IP,187,422,2016Q4
IP,188,422,2017Q1
IP,189,422,2017Q2
IP,190,422,2017Q3
IP,191,422,2017Q4
IP,192,422,2018Q1
IP,193,422,2018Q2
IP,194,422,2018Q3
IP,195,422,2018Q4
IP,196,422,2019Q1
IP,197,422,2019Q2
IP,198,422,2019Q3
IP,199,422,2019Q4
IP,200,422,2020Q1
IP,201,422,2020Q2
IP,202,422,2020Q3
IP,203,422,2020Q4
IP,204,422,2021Q1
IP,205,422,2021Q2
IP,206,422,2021Q3
IP,207,422,2021Q4
IP,208,422,2022Q1
IP,209,422,2022Q2
IP,210,422,2022Q3
IP,211,422,2022Q4
IP,212,422,2023Q1
IP,213,422,2023Q2
IP,214,422,2023Q3
IP,215,422,2023Q4
IP,216,422,2024Q1
IP,217,422,2024Q2
IP,218,422,2024Q3
IP,219,422,2024Q4
IP,220,422,2025Q1
IP,221,422,2025Q2
IP,222,422,2025Q3
IP,223,422,2025Q4
IP,224,422,2026Q1
IP,225,422,2026Q2
IPG,187,423,2016Q4
IPG,188,423,2017Q1
IPG,189,423,2017Q2
IPG,190,423,2017Q3
IPG,191,423,2017Q4
IPG,192,423,2018Q1
IPG,193,423,2018Q2
IPG,194,423,2018Q3
IPG,195,423,2018Q4
IPG,196,423,2019Q1
IPG,197,423,2019Q2
IPG,198,423,2019Q3
IPG,199,423,2019Q4
IPG,200,423,2020Q1
IPG,201,423,2020Q2
IPG,202,423,2020Q3
IPG,203,423,2020Q4
IPG,204,423,2021Q1
IPG,205,423,2021Q2
IPG,206,423,2021Q3
IPG,207,423,2021Q4
IPG,208,423,2022Q1
IPG,209,423,2022Q2
IPG,210,423,2022Q3
IPG,211,423,2022Q4
IPG,212,423,2023Q1
IPG,213,423,2023Q2
IPG,214,423,2023Q3
IPG,215,423,2023Q4
IPG,216,423,2024Q1
IPG,217,423,2024Q2
IPG,218,423,2024Q3
IPG,219,423,2024Q4
IPG,220,423,2025Q1
IPG,221,423,2025Q2
IPG,222,423,2025Q3
IPGP,192,424,2018Q1
IPGP,193,424,2018Q2
IPGP,194,424,2018Q3
IPGP,195,424,2018Q4
IPGP,196,424,2019Q1
IPGP,197,424,2019Q2
IPGP,198,424,2019Q3
IPGP,199,424,2019Q4
IPGP,200,424,2020Q1
IPGP,201,424,2020Q2
IPGP,202,424,2020Q3
IPGP,203,424,2020Q4
IPGP,204,424,2021Q1
IPGP,205,424,2021Q2
IPGP,206,424,2021Q3
IPGP,207,424,2021Q4
IPGP,208,424,2022Q1
IQV,190,425,2017Q3
IQV,191,425,2017Q4
IQV,192,425,2018Q1
IQV,193,425,2018Q2
IQV,194,425,2018Q3
IQV,195,425,2018Q4
IQV,196,425,2019Q1
IQV,197,425,2019Q2
IQV,198,425,2019Q3
IQV,199,425,2019Q4
IQV,200,425,2020Q1
IQV,201,425,2020Q2
IQV,202,425,2020Q3
IQV,203,425,2020Q4
IQV,204,425,2021Q1
IQV,205,425,2021Q2
IQV,206,425,2021Q3
IQV,207,425,2021Q4
IQV,208,425,2022Q1
IQV,209,425,2022Q2
IQV,210,425,2022Q3
IQV,211,425,2022Q4
IQV,212,425,2023Q1
IQV,213,425,2023Q2
IQV,214,425,2023Q3
IQV,215,425,2023Q4
IQV,216,425,2024Q1
IQV,217,425,2024Q2
IQV,218,425,2024Q3
IQV,219,425,2024Q4
IQV,220,425,2025Q1
IQV,221,425,2025Q2
IQV,222,425,2025Q3
IQV,223,425,2025Q4
IQV,224,425,2026Q1
IQV,225,425,2026Q2
IR,187,426,2016Q4
IR,188,426,2017Q1
IR,189,426,2017Q2
IR,190,426,2017Q3
IR,191,426,2017Q4
IR,192,426,2018Q1
IR,193,426,2018Q2
IR,194,426,2018Q3
IR,195,426,2018Q4
IR,196,426,2019Q1
IR,197,426,2019Q2
IR,198,426,2019Q3
IR,199,426,2019Q4
IR,200,426,2020Q1
IR,201,426,2020Q2
IR,202,426,2020Q3
IR,203,426,2020Q4
IR,204,426,2021Q1
IR,205,426,2021Q2
IR,206,426,2021Q3
IR,207,426,2021Q4
IR,208,426,2022Q1
IR,209,426,2022Q2
IR,210,426,2022Q3
IR,211,426,2022Q4
IR,212,426,2023Q1
IR,213,426,2023Q2
IR,214,426,2023Q3
IR,215,426,2023Q4
IR,216,426,2024Q1
IR,217,426,2024Q2
IR,218,426,2024Q3
IR,219,426,2024Q4
IR,220,426,2025Q1
IR,221,426,2025Q2
IR,222,426,2025Q3
IR,223,426,2025Q4
IR,224,426,2026Q1
IR,225,426,2026Q2
IRM,187,427,2016Q4
IRM,188,427,2017Q1
IRM,189,427,2017Q2
IRM,190,427,2017Q3
IRM,191,427,2017Q4
IRM,192,427,2018Q1
IRM,193,427,2018Q2
IRM,194,427,2018Q3
IRM,195,427,2018Q4
IRM,196,427,2019Q1
IRM,197,427,2019Q2
IRM,198,427,2019Q3
IRM,199,427,2019Q4
IRM,200,427,2020Q1
IRM,201,427,2020Q2
IRM,202,427,2020Q3
IRM,203,427,2020Q4
IRM,204,427,2021Q1
IRM,205,427,2021Q2
IRM,206,427,2021Q3
IRM,207,427,2021Q4
IRM,208,427,2022Q1
IRM,209,427,2022Q2
IRM,210,427,2022Q3
IRM,211,427,2022Q4
IRM,212,427,2023Q1
IRM,213,427,2023Q2
IRM,214,427,2023Q3
IRM,215,427,2023Q4
IRM,216,427,2024Q1
IRM,217,427,2024Q2
IRM,218,427,2024Q3
IRM,219,427,2024Q4
IRM,220,427,2025Q1
IRM,221,427,2025Q2
IRM,222,427,2025Q3
IRM,223,427,2025Q4
IRM,224,427,2026Q1
IRM,225,427,2026Q2
ISRG,187,428,2016Q4
ISRG,188,428,2017Q1
ISRG,189,428,2017Q2
ISRG,190,428,2017Q3
ISRG,191,428,2017Q4
ISRG,192,428,2018Q1
ISRG,193,428,2018Q2
ISRG,194,428,2018Q3
ISRG,195,428,2018Q4
ISRG,196,428,2019Q1
ISRG,197,428,2019Q2
ISRG,198,428,2019Q3
ISRG,199,428,2019Q4
ISRG,200,428,2020Q1
ISRG,201,428,2020Q2
ISRG,202,428,2020Q3
ISRG,203,428,2020Q4
ISRG,204,428,2021Q1
ISRG,205,428,2021Q2
ISRG,206,428,2021Q3
ISRG,207,428,2021Q4
ISRG,208,428,2022Q1
ISRG,209,428,2022Q2
ISRG,210,428,2022Q3
ISRG,211,428,2022Q4
ISRG,212,428,2023Q1
ISRG,213,428,2023Q2
ISRG,214,428,2023Q3
ISRG,215,428,2023Q4
ISRG,216,428,2024Q1
ISRG,217,428,2024Q2
ISRG,218,428,2024Q3
ISRG,219,428,2024Q4
ISRG,220,428,2025Q1
ISRG,221,428,2025Q2
ISRG,222,428,2025Q3
ISRG,223,428,2025Q4
ISRG,224,428,2026Q1
ISRG,225,428,2026Q2
IT,189,429,2017Q2
IT,190,429,2017Q3
IT,191,429,2017Q4
IT,192,429,2018Q1
IT,193,429,2018Q2
IT,194,429,2018Q3
IT,195,429,2018Q4
IT,196,429,2019Q1
IT,197,429,2019Q2
IT,198,429,2019Q3
IT,199,429,2019Q4
IT,200,429,2020Q1
IT,201,429,2020Q2
IT,202,429,2020Q3
IT,203,429,2020Q4
IT,204,429,2021Q1
IT,205,429,2021Q2
IT,206,429,2021Q3
IT,207,429,2021Q4
IT,208,429,2022Q1
IT,209,429,2022Q2
IT,210,429,2022Q3
IT,211,429,2022Q4
IT,212,429,2023Q1
IT,213,429,2023Q2
IT,214,429,2023Q3
IT,215,429,2023Q4
IT,216,429,2024Q1
IT,217,429,2024Q2
IT,218,429,2024Q3
IT,219,429,2024Q4
IT,220,429,2025Q1
IT,221,429,2025Q2
IT,222,429,2025Q3
IT,223,429,2025Q4
IT,224,429,2026Q1
IT,225,429,2026Q2
ITW,187,431,2016Q4
ITW,188,431,2017Q1
ITW,189,431,2017Q2
ITW,190,431,2017Q3
ITW,191,431,2017Q4
ITW,192,431,2018Q1
ITW,193,431,2018Q2
ITW,194,431,2018Q3
ITW,195,431,2018Q4
ITW,196,431,2019Q1
ITW,197,431,2019Q2
ITW,198,431,2019Q3
ITW,199,431,2019Q4
ITW,200,431,2020Q1
ITW,201,431,2020Q2
ITW,202,431,2020Q3
ITW,203,431,2020Q4
ITW,204,431,2021Q1
ITW,205,431,2021Q2
ITW,206,431,2021Q3
ITW,207,431,2021Q4
ITW,208,431,2022Q1
ITW,209,431,2022Q2
ITW,210,431,2022Q3
ITW,211,431,2022Q4
ITW,212,431,2023Q1
ITW,213,431,2023Q2
ITW,214,431,2023Q3
ITW,215,431,2023Q4
ITW,216,431,2024Q1
ITW,217,431,2024Q2
ITW,218,431,2024Q3
ITW,219,431,2024Q4
ITW,220,431,2025Q1
ITW,221,431,2025Q2
ITW,222,431,2025Q3
ITW,223,431,2025Q4
ITW,224,431,2026Q1
ITW,225,431,2026Q2
IVZ,187,432,2016Q4
IVZ,188,432,2017Q1
IVZ,189,432,2017Q2
IVZ,190,432,2017Q3
IVZ,191,432,2017Q4
IVZ,192,432,2018Q1
IVZ,193,432,2018Q2
IVZ,194,432,2018Q3
IVZ,195,432,2018Q4
IVZ,196,432,2019Q1
IVZ,197,432,2019Q2
IVZ,198,432,2019Q3
IVZ,199,432,2019Q4
IVZ,200,432,2020Q1
IVZ,201,432,2020Q2
IVZ,202,432,2020Q3
IVZ,203,432,2020Q4
IVZ,204,432,2021Q1
IVZ,205,432,2021Q2
IVZ,206,432,2021Q3
IVZ,207,432,2021Q4
IVZ,208,432,2022Q1
IVZ,209,432,2022Q2
IVZ,210,432,2022Q3
IVZ,211,432,2022Q4
IVZ,212,432,2023Q1
IVZ,213,432,2023Q2
IVZ,214,432,2023Q3
IVZ,215,432,2023Q4
IVZ,216,432,2024Q1
IVZ,217,432,2024Q2
IVZ,218,432,2024Q3
IVZ,219,432,2024Q4
IVZ,220,432,2025Q1
IVZ,221,432,2025Q2
IVZ,222,432,2025Q3
IVZ,223,432,2025Q4
IVZ,224,432,2026Q1
IVZ,225,432,2026Q2
J,187,433,2016Q4
J,188,433,2017Q1
J,189,433,2017Q2
J,190,433,2017Q3
J,191,433,2017Q4
J,192,433,2018Q1
J,193,433,2018Q2
J,194,433,2018Q3
J,195,433,2018Q4
J,196,433,2019Q1
J,197,433,2019Q2
J,198,433,2019Q3
J,199,433,2019Q4
J,200,433,2020Q1
J,201,433,2020Q2
J,202,433,2020Q3
J,203,433,2020Q4
J,204,433,2021Q1
J,205,433,2021Q2
J,206,433,2021Q3
J,207,433,2021Q4
J,208,433,2022Q1
J,209,433,2022Q2
J,210,433,2022Q3
J,211,433,2022Q4
J,212,433,2023Q1
J,213,433,2023Q2
J,214,433,2023Q3
J,215,433,2023Q4
J,216,433,2024Q1
J,217,433,2024Q2
J,218,433,2024Q3
J,219,433,2024Q4
J,220,433,2025Q1
J,221,433,2025Q2
J,222,433,2025Q3
J,223,433,2025Q4
J,224,433,2026Q1
J,225,433,2026Q2
JBHT,187,434,2016Q4
JBHT,188,434,2017Q1
JBHT,189,434,2017Q2
JBHT,190,434,2017Q3
JBHT,191,434,2017Q4
JBHT,192,434,2018Q1
JBHT,193,434,2018Q2
JBHT,194,434,2018Q3
JBHT,195,434,2018Q4
JBHT,196,434,2019Q1
JBHT,197,434,2019Q2
JBHT,198,434,2019Q3
JBHT,199,434,2019Q4
JBHT,200,434,2020Q1
JBHT,201,434,2020Q2
JBHT,202,434,2020Q3
JBHT,203,434,2020Q4
JBHT,204,434,2021Q1
JBHT,205,434,2021Q2
JBHT,206,434,2021Q3
JBHT,207,434,2021Q4
JBHT,208,434,2022Q1
JBHT,209,434,2022Q2
JBHT,210,434,2022Q3
JBHT,211,434,2022Q4
JBHT,212,434,2023Q1
JBHT,213,434,2023Q2
JBHT,214,434,2023Q3
JBHT,215,434,2023Q4
JBHT,216,434,2024Q1
JBHT,217,434,2024Q2
JBHT,218,434,2024Q3
JBHT,219,434,2024Q4
JBHT,220,434,2025Q1
JBHT,221,434,2025Q2
JBHT,222,434,2025Q3
JBHT,223,434,2025Q4
JBHT,224,434,2026Q1
JBHT,225,434,2026Q2
JBL,215,436,2023Q4
JBL,216,436,2024Q1
JBL,217,436,2024Q2
JBL,218,436,2024Q3
JBL,219,436,2024Q4
JBL,220,436,2025Q1
JBL,221,436,2025Q2
JBL,222,436,2025Q3
JBL,223,436,2025Q4
JBL,224,436,2026Q1
JBL,225,436,2026Q2
JCI,187,437,2016Q4
JCI,188,437,2017Q1
JCI,189,437,2017Q2
JCI,190,437,2017Q3
JCI,191,437,2017Q4
JCI,192,437,2018Q1
JCI,193,437,2018Q2
JCI,194,437,2018Q3
JCI,195,437,2018Q4
JCI,196,437,2019Q1
JCI,197,437,2019Q2
JCI,198,437,2019Q3
JCI,199,437,2019Q4
JCI,200,437,2020Q1
JCI,201,437,2020Q2
JCI,202,437,2020Q3
JCI,203,437,2020Q4
JCI,204,437,2021Q1
JCI,205,437,2021Q2
JCI,206,437,2021Q3
JCI,207,437,2021Q4
JCI,208,437,2022Q1
JCI,209,437,2022Q2
JCI,210,437,2022Q3
JCI,211,437,2022Q4
JCI,212,437,2023Q1
JCI,213,437,2023Q2
JCI,214,437,2023Q3
JCI,215,437,2023Q4
JCI,216,437,2024Q1
JCI,217,437,2024Q2
JCI,218,437,2024Q3
JCI,219,437,2024Q4
JCI,220,437,2025Q1
JCI,221,437,2025Q2
JCI,222,437,2025Q3
JCI,223,437,2025Q4
JCI,224,437,2026Q1
JCI,225,437,2026Q2
JEF,187,440,2016Q4
JEF,188,440,2017Q1
JEF,189,440,2017Q2
JEF,190,440,2017Q3
JEF,191,440,2017Q4
JEF,192,440,2018Q1
JEF,193,440,2018Q2
JEF,194,440,2018Q3
JEF,195,440,2018Q4
JEF,196,440,2019Q1
JEF,197,440,2019Q2
JKHY,195,441,2018Q4
JKHY,196,441,2019Q1
JKHY,197,441,2019Q2
JKHY,198,441,2019Q3
JKHY,199,441,2019Q4
JKHY,200,441,2020Q1
JKHY,201,441,2020Q2
JKHY,202,441,2020Q3
JKHY,203,441,2020Q4
JKHY,204,441,2021Q1
JKHY,205,441,2021Q2
JKHY,206,441,2021Q3
JKHY,207,441,2021Q4
JKHY,208,441,2022Q1
JKHY,209,441,2022Q2
JKHY,210,441,2022Q3
JKHY,211,441,2022Q4
JKHY,212,441,2023Q1
JKHY,213,441,2023Q2
JKHY,214,441,2023Q3
JKHY,215,441,2023Q4
JKHY,216,441,2024Q1
JKHY,217,441,2024Q2
JKHY,218,441,2024Q3
JKHY,219,441,2024Q4
JKHY,220,441,2025Q1
JKHY,221,441,2025Q2
JKHY,222,441,2025Q3
JKHY,223,441,2025Q4
JKHY,224,441,2026Q1
JKHY,225,441,2026Q2
JNJ,187,442,2016Q4
JNJ,188,442,2017Q1
JNJ,189,442,2017Q2
JNJ,190,442,2017Q3
JNJ,191,442,2017Q4
JNJ,192,442,2018Q1
JNJ,193,442,2018Q2
JNJ,194,442,2018Q3
JNJ,195,442,2018Q4
JNJ,196,442,2019Q1
JNJ,197,442,2019Q2
JNJ,198,442,2019Q3
JNJ,199,442,2019Q4
JNJ,200,442,2020Q1
JNJ,201,442,2020Q2
JNJ,202,442,2020Q3
JNJ,203,442,2020Q4
JNJ,204,442,2021Q1
JNJ,205,442,2021Q2
JNJ,206,442,2021Q3
JNJ,207,442,2021Q4
JNJ,208,442,2022Q1
JNJ,209,442,2022Q2
JNJ,210,442,2022Q3
JNJ,211,442,2022Q4
JNJ,212,442,2023Q1
JNJ,213,442,2023Q2
JNJ,214,442,2023Q3
JNJ,215,442,2023Q4
JNJ,216,442,2024Q1
JNJ,217,442,2024Q2
JNJ,218,442,2024Q3
JNJ,219,442,2024Q4
JNJ,220,442,2025Q1
JNJ,221,442,2025Q2
JNJ,222,442,2025Q3
JNJ,223,442,2025Q4
JNJ,224,442,2026Q1
JNJ,225,442,2026Q2
JNPR,187,443,2016Q4
JNPR,188,443,2017Q1
JNPR,189,443,2017Q2
JNPR,190,443,2017Q3
JNPR,191,443,2017Q4
JNPR,192,443,2018Q1
JNPR,193,443,2018Q2
JNPR,194,443,2018Q3
JNPR,195,443,2018Q4
JNPR,196,443,2019Q1
JNPR,197,443,2019Q2
JNPR,198,443,2019Q3
JNPR,199,443,2019Q4
JNPR,200,443,2020Q1
JNPR,201,443,2020Q2
JNPR,202,443,2020Q3
JNPR,203,443,2020Q4
JNPR,204,443,2021Q1
JNPR,205,443,2021Q2
JNPR,206,443,2021Q3
JNPR,207,443,2021Q4
JNPR,208,443,2022Q1
JNPR,209,443,2022Q2
JNPR,210,443,2022Q3
JNPR,211,443,2022Q4
JNPR,212,443,2023Q1
JNPR,213,443,2023Q2
JNPR,214,443,2023Q3
JNPR,215,443,2023Q4
JNPR,216,443,2024Q1
JNPR,217,443,2024Q2
JNPR,218,443,2024Q3
JNPR,219,443,2024Q4
JNPR,220,443,2025Q1
JNPR,221,443,2025Q2
JPM,187,447,2016Q4
JPM,188,447,2017Q1
JPM,189,447,2017Q2
JPM,190,447,2017Q3
JPM,191,447,2017Q4
JPM,192,447,2018Q1
JPM,193,447,2018Q2
JPM,194,447,2018Q3
JPM,195,447,2018Q4
JPM,196,447,2019Q1
JPM,197,447,2019Q2
JPM,198,447,2019Q3
JPM,199,447,2019Q4
JPM,200,447,2020Q1
JPM,201,447,2020Q2
JPM,202,447,2020Q3
JPM,203,447,2020Q4
JPM,204,447,2021Q1
JPM,205,447,2021Q2
JPM,206,447,2021Q3
JPM,207,447,2021Q4
JPM,208,447,2022Q1
JPM,209,447,2022Q2
JPM,210,447,2022Q3
JPM,211,447,2022Q4
JPM,212,447,2023Q1
JPM,213,447,2023Q2
JPM,214,447,2023Q3
JPM,215,447,2023Q4
JPM,216,447,2024Q1
JPM,217,447,2024Q2
JPM,218,447,2024Q3
JPM,219,447,2024Q4
JPM,220,447,2025Q1
JPM,221,447,2025Q2
JPM,222,447,2025Q3
JPM,223,447,2025Q4
JPM,224,447,2026Q1
JPM,225,447,2026Q2
JWN,187,448,2016Q4
JWN,188,448,2017Q1
JWN,189,448,2017Q2
JWN,190,448,2017Q3
JWN,191,448,2017Q4
JWN,192,448,2018Q1
JWN,193,448,2018Q2
JWN,194,448,2018Q3
JWN,195,448,2018Q4
JWN,196,448,2019Q1
JWN,197,448,2019Q2
JWN,198,448,2019Q3
JWN,199,448,2019Q4
JWN,200,448,2020Q1
K,187,449,2016Q4
K,188,449,2017Q1
K,189,449,2017Q2
K,190,449,2017Q3
K,191,449,2017Q4
K,192,449,2018Q1
K,193,449,2018Q2
K,194,449,2018Q3
K,195,449,2018Q4
K,196,449,2019Q1
K,197,449,2019Q2
K,198,449,2019Q3
K,199,449,2019Q4
K,200,449,2020Q1
K,201,449,2020Q2
K,202,449,2020Q3
K,203,449,2020Q4
K,204,449,2021Q1
K,205,449,2021Q2
K,206,449,2021Q3
K,207,449,2021Q4
K,208,449,2022Q1
K,209,449,2022Q2
K,210,449,2022Q3
K,211,449,2022Q4
K,212,449,2023Q1
K,213,449,2023Q2
K,214,449,2023Q3
K,215,449,2023Q4
K,216,449,2024Q1
K,217,449,2024Q2
K,218,449,2024Q3
K,219,449,2024Q4
K,220,449,2025Q1
K,221,449,2025Q2
K,222,449,2025Q3
KDP,209,451,2022Q2
KDP,210,451,2022Q3
KDP,211,451,2022Q4
KDP,212,451,2023Q1
KDP,213,451,2023Q2
KDP,214,451,2023Q3
KDP,215,451,2023Q4
KDP,216,451,2024Q1
KDP,217,451,2024Q2
KDP,218,451,2024Q3
KDP,219,451,2024Q4
KDP,220,451,2025Q1
KDP,221,451,2025Q2
KDP,222,451,2025Q3
KDP,223,451,2025Q4
KDP,224,451,2026Q1
KDP,225,451,2026Q2
KEY,187,452,2016Q4
KEY,188,452,2017Q1
KEY,189,452,2017Q2
KEY,190,452,2017Q3
KEY,191,452,2017Q4
KEY,192,452,2018Q1
KEY,193,452,2018Q2
KEY,194,452,2018Q3
KEY,195,452,2018Q4
KEY,196,452,2019Q1
KEY,197,452,2019Q2
KEY,198,452,2019Q3
KEY,199,452,2019Q4
KEY,200,452,2020Q1
KEY,201,452,2020Q2
KEY,202,452,2020Q3
KEY,203,452,2020Q4
KEY,204,452,2021Q1
KEY,205,452,2021Q2
KEY,206,452,2021Q3
KEY,207,452,2021Q4
KEY,208,452,2022Q1
KEY,209,452,2022Q2
KEY,210,452,2022Q3
KEY,211,452,2022Q4
KEY,212,452,2023Q1
KEY,213,452,2023Q2
KEY,214,452,2023Q3
KEY,215,452,2023Q4
KEY,216,452,2024Q1
KEY,217,452,2024Q2
KEY,218,452,2024Q3
KEY,219,452,2024Q4
KEY,220,452,2025Q1
KEY,221,452,2025Q2
KEY,222,452,2025Q3
KEY,223,452,2025Q4
KEY,224,452,2026Q1
KEY,225,452,2026Q2
KEYS,195,453,2018Q4
KEYS,196,453,2019Q1
KEYS,197,453,2019Q2
KEYS,198,453,2019Q3
KEYS,199,453,2019Q4
KEYS,200,453,2020Q1
KEYS,201,453,2020Q2
KEYS,202,453,2020Q3
KEYS,203,453,2020Q4
KEYS,204,453,2021Q1
KEYS,205,453,2021Q2
KEYS,206,453,2021Q3
KEYS,207,453,2021Q4
KEYS,208,453,2022Q1
KEYS,209,453,2022Q2
KEYS,210,453,2022Q3
KEYS,211,453,2022Q4
KEYS,212,453,2023Q1
KEYS,213,453,2023Q2
KEYS,214,453,2023Q3
KEYS,215,453,2023Q4
KEYS,216,453,2024Q1
KEYS,217,453,2024Q2
KEYS,218,453,2024Q3
KEYS,219,453,2024Q4
KEYS,220,453,2025Q1
KEYS,221,453,2025Q2
KEYS,222,453,2025Q3
KEYS,223,453,2025Q4
KEYS,224,453,2026Q1
KEYS,225,453,2026Q2
KHC,187,456,2016Q4
KHC,188,456,2017Q1
KHC,189,456,2017Q2
KHC,190,456,2017Q3
KHC,191,456,2017Q4
KHC,192,456,2018Q1
KHC,193,456,2018Q2
KHC,194,456,2018Q3
KHC,195,456,2018Q4
KHC,196,456,2019Q1
KHC,197,456,2019Q2
KHC,198,456,2019Q3
KHC,199,456,2019Q4
KHC,200,456,2020Q1
KHC,201,456,2020Q2
KHC,202,456,2020Q3
KHC,203,456,2020Q4
KHC,204,456,2021Q1
KHC,205,456,2021Q2
KHC,206,456,2021Q3
KHC,207,456,2021Q4
KHC,208,456,2022Q1
KHC,209,456,2022Q2
KHC,210,456,2022Q3
KHC,211,456,2022Q4
KHC,212,456,2023Q1
KHC,213,456,2023Q2
KHC,214,456,2023Q3
KHC,215,456,2023Q4
KHC,216,456,2024Q1
KHC,217,456,2024Q2
KHC,218,456,2024Q3
KHC,219,456,2024Q4
KHC,220,456,2025Q1
KHC,221,456,2025Q2
KHC,222,456,2025Q3
KHC,223,456,2025Q4
KHC,224,456,2026Q1
KHC,225,456,2026Q2
KIM,187,457,2016Q4
KIM,188,457,2017Q1
KIM,189,457,2017Q2
KIM,190,457,2017Q3
KIM,191,457,2017Q4
KIM,192,457,2018Q1
KIM,193,457,2018Q2
KIM,194,457,2018Q3
KIM,195,457,2018Q4
KIM,196,457,2019Q1
KIM,197,457,2019Q2
KIM,198,457,2019Q3
KIM,199,457,2019Q4
KIM,200,457,2020Q1
KIM,201,457,2020Q2
KIM,202,457,2020Q3
KIM,203,457,2020Q4
KIM,204,457,2021Q1
KIM,205,457,2021Q2
KIM,206,457,2021Q3
KIM,207,457,2021Q4
KIM,208,457,2022Q1
KIM,209,457,2022Q2
KIM,210,457,2022Q3
KIM,211,457,2022Q4
KIM,212,457,2023Q1
KIM,213,457,2023Q2
KIM,214,457,2023Q3
KIM,215,457,2023Q4
KIM,216,457,2024Q1
KIM,217,457,2024Q2
KIM,218,457,2024Q3
KIM,219,457,2024Q4
KIM,220,457,2025Q1
KIM,221,457,2025Q2
KIM,222,457,2025Q3
KIM,223,457,2025Q4
KIM,224,457,2026Q1
KIM,225,457,2026Q2
KKR,217,458,2024Q2
KKR,218,458,2024Q3
KKR,219,458,2024Q4
KKR,220,458,2025Q1
KKR,221,458,2025Q2
KKR,222,458,2025Q3
KKR,223,458,2025Q4
KKR,224,458,2026Q1
KKR,225,458,2026Q2
KLAC,187,459,2016Q4
KLAC,188,459,2017Q1
KLAC,189,459,2017Q2
KLAC,190,459,2017Q3
KLAC,191,459,2017Q4
KLAC,192,459,2018Q1
KLAC,193,459,2018Q2
KLAC,194,459,2018Q3
KLAC,195,459,2018Q4
KLAC,196,459,2019Q1
KLAC,197,459,2019Q2
KLAC,198,459,2019Q3
KLAC,199,459,2019Q4
KLAC,200,459,2020Q1
KLAC,201,459,2020Q2
KLAC,202,459,2020Q3
KLAC,203,459,2020Q4
KLAC,204,459,2021Q1
KLAC,205,459,2021Q2
KLAC,206,459,2021Q3
KLAC,207,459,2021Q4
KLAC,208,459,2022Q1
KLAC,209,459,2022Q2
KLAC,210,459,2022Q3
KLAC,211,459,2022Q4
KLAC,212,459,2023Q1
KLAC,213,459,2023Q2
KLAC,214,459,2023Q3
KLAC,215,459,2023Q4
KLAC,216,459,2024Q1
KLAC,217,459,2024Q2
KLAC,218,459,2024Q3
KLAC,219,459,2024Q4
KLAC,220,459,2025Q1
KLAC,221,459,2025Q2
KLAC,222,459,2025Q3
KLAC,223,459,2025Q4
KLAC,224,459,2026Q1
KLAC,225,459,2026Q2
KMB,187,460,2016Q4
KMB,188,460,2017Q1
KMB,189,460,2017Q2
KMB,190,460,2017Q3
KMB,191,460,2017Q4
KMB,192,460,2018Q1
KMB,193,460,2018Q2
KMB,194,460,2018Q3
KMB,195,460,2018Q4
KMB,196,460,2019Q1
KMB,197,460,2019Q2
KMB,198,460,2019Q3
KMB,199,460,2019Q4
KMB,200,460,2020Q1
KMB,201,460,2020Q2
KMB,202,460,2020Q3
KMB,203,460,2020Q4
KMB,204,460,2021Q1
KMB,205,460,2021Q2
KMB,206,460,2021Q3
KMB,207,460,2021Q4
KMB,208,460,2022Q1
KMB,209,460,2022Q2
KMB,210,460,2022Q3
KMB,211,460,2022Q4
KMB,212,460,2023Q1
KMB,213,460,2023Q2
KMB,214,460,2023Q3
KMB,215,460,2023Q4
KMB,216,460,2024Q1
KMB,217,460,2024Q2
KMB,218,460,2024Q3
KMB,219,460,2024Q4
KMB,220,460,2025Q1
KMB,221,460,2025Q2
KMB,222,460,2025Q3
KMB,223,460,2025Q4
KMB,224,460,2026Q1
KMB,225,460,2026Q2
KMI,187,461,2016Q4
KMI,188,461,2017Q1
KMI,189,461,2017Q2
KMI,190,461,2017Q3
KMI,191,461,2017Q4
KMI,192,461,2018Q1
KMI,193,461,2018Q2
KMI,194,461,2018Q3
KMI,195,461,2018Q4
KMI,196,461,2019Q1
KMI,197,461,2019Q2
KMI,198,461,2019Q3
KMI,199,461,2019Q4
KMI,200,461,2020Q1
KMI,201,461,2020Q2
KMI,202,461,2020Q3
KMI,203,461,2020Q4
KMI,204,461,2021Q1
KMI,205,461,2021Q2
KMI,206,461,2021Q3
KMI,207,461,2021Q4
KMI,208,461,2022Q1
KMI,209,461,2022Q2
KMI,210,461,2022Q3
KMI,211,461,2022Q4
KMI,212,461,2023Q1
KMI,213,461,2023Q2
KMI,214,461,2023Q3
KMI,215,461,2023Q4
KMI,216,461,2024Q1
KMI,217,461,2024Q2
KMI,218,461,2024Q3
KMI,219,461,2024Q4
KMI,220,461,2025Q1
KMI,221,461,2025Q2
KMI,222,461,2025Q3
KMI,223,461,2025Q4
KMI,224,461,2026Q1
KMI,225,461,2026Q2
KMX,187,462,2016Q4
KMX,188,462,2017Q1
KMX,189,462,2017Q2
KMX,190,462,2017Q3
KMX,191,462,2017Q4
KMX,192,462,2018Q1
KMX,193,462,2018Q2
KMX,194,462,2018Q3
KMX,195,462,2018Q4
KMX,196,462,2019Q1
KMX,197,462,2019Q2
KMX,198,462,2019Q3
KMX,199,462,2019Q4
KMX,200,462,2020Q1
KMX,201,462,2020Q2
KMX,202,462,2020Q3
KMX,203,462,2020Q4
KMX,204,462,2021Q1
KMX,205,462,2021Q2
KMX,206,462,2021Q3
KMX,207,462,2021Q4
KMX,208,462,2022Q1
KMX,209,462,2022Q2
KMX,210,462,2022Q3
KMX,211,462,2022Q4
KMX,212,462,2023Q1
KMX,213,462,2023Q2
KMX,214,462,2023Q3
KMX,215,462,2023Q4
KMX,216,462,2024Q1
KMX,217,462,2024Q2
KMX,218,462,2024Q3
KMX,219,462,2024Q4
KMX,220,462,2025Q1
KMX,221,462,2025Q2
KMX,222,462,2025Q3
KO,187,463,2016Q4
KO,188,463,2017Q1
KO,189,463,2017Q2
KO,190,463,2017Q3
KO,191,463,2017Q4
KO,192,463,2018Q1
KO,193,463,2018Q2
KO,194,463,2018Q3
KO,195,463,2018Q4
KO,196,463,2019Q1
KO,197,463,2019Q2
KO,198,463,2019Q3
KO,199,463,2019Q4
KO,200,463,2020Q1
KO,201,463,2020Q2
KO,202,463,2020Q3
KO,203,463,2020Q4
KO,204,463,2021Q1
KO,205,463,2021Q2
KO,206,463,2021Q3
KO,207,463,2021Q4
KO,208,463,2022Q1
KO,209,463,2022Q2
KO,210,463,2022Q3
KO,211,463,2022Q4
KO,212,463,2023Q1
KO,213,463,2023Q2
KO,214,463,2023Q3
KO,215,463,2023Q4
KO,216,463,2024Q1
KO,217,463,2024Q2
KO,218,463,2024Q3
KO,219,463,2024Q4
KO,220,463,2025Q1
KO,221,463,2025Q2
KO,222,463,2025Q3
KO,223,463,2025Q4
KO,224,463,2026Q1
KO,225,463,2026Q2
KR,187,464,2016Q4
KR,188,464,2017Q1
KR,189,464,2017Q2
KR,190,464,2017Q3
KR,191,464,2017Q4
KR,192,464,2018Q1
KR,193,464,2018Q2
KR,194,464,2018Q3
KR,195,464,2018Q4
KR,196,464,2019Q1
KR,197,464,2019Q2
KR,198,464,2019Q3
KR,199,464,2019Q4
KR,200,464,2020Q1
KR,201,464,2020Q2
KR,202,464,2020Q3
KR,203,464,2020Q4
KR,204,464,2021Q1
KR,205,464,2021Q2
KR,206,464,2021Q3
KR,207,464,2021Q4
KR,208,464,2022Q1
KR,209,464,2022Q2
KR,210,464,2022Q3
KR,211,464,2022Q4
KR,212,464,2023Q1
KR,213,464,2023Q2
KR,214,464,2023Q3
KR,215,464,2023Q4
KR,216,464,2024Q1
KR,217,464,2024Q2
KR,218,464,2024Q3
KR,219,464,2024Q4
KR,220,464,2025Q1
KR,221,464,2025Q2
KR,222,464,2025Q3
KR,223,464,2025Q4
KR,224,464,2026Q1
KR,225,464,2026Q2
KSS,187,467,2016Q4
KSS,188,467,2017Q1
KSS,189,467,2017Q2
KSS,190,467,2017Q3
KSS,191,467,2017Q4
KSS,192,467,2018Q1
KSS,193,467,2018Q2
KSS,194,467,2018Q3
KSS,195,467,2018Q4
KSS,196,467,2019Q1
KSS,197,467,2019Q2
KSS,198,467,2019Q3
KSS,199,467,2019Q4
KSS,200,467,2020Q1
KSS,201,467,2020Q2
KSU,187,468,2016Q4
KSU,188,468,2017Q1
KSU,189,468,2017Q2
KSU,190,468,2017Q3
KSU,191,468,2017Q4
KSU,192,468,2018Q1
KSU,193,468,2018Q2
KSU,194,468,2018Q3
KSU,195,468,2018Q4
KSU,196,468,2019Q1
KSU,197,468,2019Q2
KSU,198,468,2019Q3
KSU,199,468,2019Q4
KSU,200,468,2020Q1
KSU,201,468,2020Q2
KSU,202,468,2020Q3
KSU,203,468,2020Q4
KSU,204,468,2021Q1
KSU,205,468,2021Q2
KSU,206,468,2021Q3
KVUE,214,469,2023Q3
KVUE,215,469,2023Q4
KVUE,216,469,2024Q1
KVUE,217,469,2024Q2
KVUE,218,469,2024Q3
KVUE,219,469,2024Q4
KVUE,220,469,2025Q1
KVUE,221,469,2025Q2
KVUE,222,469,2025Q3
KVUE,223,469,2025Q4
KVUE,224,469,2026Q1
KVUE,225,469,2026Q2
L,187,470,2016Q4
L,188,470,2017Q1
L,189,470,2017Q2
L,190,470,2017Q3
L,191,470,2017Q4
L,192,470,2018Q1
L,193,470,2018Q2
L,194,470,2018Q3
L,195,470,2018Q4
L,196,470,2019Q1
L,197,470,2019Q2
L,198,470,2019Q3
L,199,470,2019Q4
L,200,470,2020Q1
L,201,470,2020Q2
L,202,470,2020Q3
L,203,470,2020Q4
L,204,470,2021Q1
L,205,470,2021Q2
L,206,470,2021Q3
L,207,470,2021Q4
L,208,470,2022Q1
L,209,470,2022Q2
L,210,470,2022Q3
L,211,470,2022Q4
L,212,470,2023Q1
L,213,470,2023Q2
L,214,470,2023Q3
L,215,470,2023Q4
L,216,470,2024Q1
L,217,470,2024Q2
L,218,470,2024Q3
L,219,470,2024Q4
L,220,470,2025Q1
L,221,470,2025Q2
L,222,470,2025Q3
L,223,470,2025Q4
L,224,470,2026Q1
L,225,470,2026Q2
LDOS,198,471,2019Q3
LDOS,199,471,2019Q4
LDOS,200,471,2020Q1
LDOS,201,471,2020Q2
LDOS,202,471,2020Q3
LDOS,203,471,2020Q4
LDOS,204,471,2021Q1
LDOS,205,471,2021Q2
LDOS,206,471,2021Q3
LDOS,207,471,2021Q4
LDOS,208,471,2022Q1
LDOS,209,471,2022Q2
LDOS,210,471,2022Q3
LDOS,211,471,2022Q4
LDOS,212,471,2023Q1
LDOS,213,471,2023Q2
LDOS,214,471,2023Q3
LDOS,215,471,2023Q4
LDOS,216,471,2024Q1
LDOS,217,471,2024Q2
LDOS,218,471,2024Q3
LDOS,219,471,2024Q4
LDOS,220,471,2025Q1
LDOS,221,471,2025Q2
LDOS,222,471,2025Q3
LDOS,223,471,2025Q4
LDOS,224,471,2026Q1
LDOS,225,471,2026Q2
LEG,187,472,2016Q4
LEG,188,472,2017Q1
LEG,189,472,2017Q2
LEG,190,472,2017Q3
LEG,191,472,2017Q4
LEG,192,472,2018Q1
LEG,193,472,2018Q2
LEG,194,472,2018Q3
LEG,195,472,2018Q4
LEG,196,472,2019Q1
LEG,197,472,2019Q2
LEG,198,472,2019Q3
LEG,199,472,2019Q4
LEG,200,472,2020Q1
LEG,201,472,2020Q2
LEG,202,472,2020Q3
LEG,203,472,2020Q4
LEG,204,472,2021Q1
LEG,205,472,2021Q2
LEG,206,472,2021Q3
LEN,187,474,2016Q4
LEN,188,474,2017Q1
LEN,189,474,2017Q2
LEN,190,474,2017Q3
LEN,191,474,2017Q4
LEN,192,474,2018Q1
LEN,193,474,2018Q2
LEN,194,474,2018Q3
LEN,195,474,2018Q4
LEN,196,474,2019Q1
LEN,197,474,2019Q2
LEN,198,474,2019Q3
LEN,199,474,2019Q4
LEN,200,474,2020Q1
LEN,201,474,2020Q2
LEN,202,474,2020Q3
LEN,203,474,2020Q4
LEN,204,474,2021Q1
LEN,205,474,2021Q2
LEN,206,474,2021Q3
LEN,207,474,2021Q4
LEN,208,474,2022Q1
LEN,209,474,2022Q2
LEN,210,474,2022Q3
LEN,211,474,2022Q4
LEN,212,474,2023Q1
LEN,213,474,2023Q2
LEN,214,474,2023Q3
LEN,215,474,2023Q4
LEN,216,474,2024Q1
LEN,217,474,2024Q2
LEN,218,474,2024Q3
LEN,219,474,2024Q4
LEN,220,474,2025Q1
LEN,221,474,2025Q2
LEN,222,474,2025Q3
LEN,223,474,2025Q4
LEN,224,474,2026Q1
LEN,225,474,2026Q2
LH,187,475,2016Q4
LH,188,475,2017Q1
LH,189,475,2017Q2
LH,190,475,2017Q3
LH,191,475,2017Q4
LH,192,475,2018Q1
LH,193,475,2018Q2
LH,194,475,2018Q3
LH,195,475,2018Q4
LH,196,475,2019Q1
LH,197,475,2019Q2
LH,198,475,2019Q3
LH,199,475,2019Q4
LH,200,475,2020Q1
LH,201,475,2020Q2
LH,202,475,2020Q3
LH,203,475,2020Q4
LH,204,475,2021Q1
LH,205,475,2021Q2
LH,206,475,2021Q3
LH,207,475,2021Q4
LH,208,475,2022Q1
LH,209,475,2022Q2
LH,210,475,2022Q3
LH,211,475,2022Q4
LH,212,475,2023Q1
LH,213,475,2023Q2
LH,214,475,2023Q3
LH,215,475,2023Q4
LH,216,475,2024Q1
LH,217,475,2024Q2
LH,218,475,2024Q3
LH,219,475,2024Q4
LH,220,475,2025Q1
LH,221,475,2025Q2
LH,222,475,2025Q3
LH,223,475,2025Q4
LH,224,475,2026Q1
LH,225,475,2026Q2
LHX,187,476,2016Q4
LHX,188,476,2017Q1
LHX,189,476,2017Q2
LHX,190,476,2017Q3
LHX,191,476,2017Q4
LHX,192,476,2018Q1
LHX,193,476,2018Q2
LHX,194,476,2018Q3
LHX,195,476,2018Q4
LHX,196,476,2019Q1
LHX,197,476,2019Q2
LHX,198,476,2019Q3
LHX,199,476,2019Q4
LHX,200,476,2020Q1
LHX,201,476,2020Q2
LHX,202,476,2020Q3
LHX,203,476,2020Q4
LHX,204,476,2021Q1
LHX,205,476,2021Q2
LHX,206,476,2021Q3
LHX,207,476,2021Q4
LHX,208,476,2022Q1
LHX,209,476,2022Q2
LHX,210,476,2022Q3
LHX,211,476,2022Q4
LHX,212,476,2023Q1
LHX,213,476,2023Q2
LHX,214,476,2023Q3
LHX,215,476,2023Q4
LHX,216,476,2024Q1
LHX,217,476,2024Q2
LHX,218,476,2024Q3
LHX,219,476,2024Q4
LHX,220,476,2025Q1
LHX,221,476,2025Q2
LHX,222,476,2025Q3
LHX,223,476,2025Q4
LHX,224,476,2026Q1
LHX,225,476,2026Q2
LII,219,478,2024Q4
LII,220,478,2025Q1
LII,221,478,2025Q2
LII,222,478,2025Q3
LII,223,478,2025Q4
LII,224,478,2026Q1
LII,225,478,2026Q2
LIN,187,479,2016Q4
LIN,188,479,2017Q1
LIN,189,479,2017Q2
LIN,190,479,2017Q3
LIN,191,479,2017Q4
LIN,192,479,2018Q1
LIN,193,479,2018Q2
LIN,194,479,2018Q3
LIN,195,479,2018Q4
LIN,196,479,2019Q1
LIN,197,479,2019Q2
LIN,198,479,2019Q3
LIN,199,479,2019Q4
LIN,200,479,2020Q1
LIN,201,479,2020Q2
LIN,202,479,2020Q3
LIN,203,479,2020Q4
LIN,204,479,2021Q1
LIN,205,479,2021Q2
LIN,206,479,2021Q3
LIN,207,479,2021Q4
LIN,208,479,2022Q1
LIN,209,479,2022Q2
LIN,210,479,2022Q3
LIN,211,479,2022Q4
LIN,212,479,2023Q1
LIN,213,479,2023Q2
LIN,214,479,2023Q3
LIN,215,479,2023Q4
LIN,216,479,2024Q1
LIN,217,479,2024Q2
LIN,218,479,2024Q3
LIN,219,479,2024Q4
LIN,220,479,2025Q1
LIN,221,479,2025Q2
LIN,222,479,2025Q3
LIN,223,479,2025Q4
LIN,224,479,2026Q1
LIN,225,479,2026Q2
LITE,224,480,2026Q1
LITE,225,480,2026Q2
LKQ,187,481,2016Q4
LKQ,188,481,2017Q1
LKQ,189,481,2017Q2
LKQ,190,481,2017Q3
LKQ,191,481,2017Q4
LKQ,192,481,2018Q1
LKQ,193,481,2018Q2
LKQ,194,481,2018Q3
LKQ,195,481,2018Q4
LKQ,196,481,2019Q1
LKQ,197,481,2019Q2
LKQ,198,481,2019Q3
LKQ,199,481,2019Q4
LKQ,200,481,2020Q1
LKQ,201,481,2020Q2
LKQ,202,481,2020Q3
LKQ,203,481,2020Q4
LKQ,204,481,2021Q1
LKQ,205,481,2021Q2
LKQ,206,481,2021Q3
LKQ,207,481,2021Q4
LKQ,208,481,2022Q1
LKQ,209,481,2022Q2
LKQ,210,481,2022Q3
LKQ,211,481,2022Q4
LKQ,212,481,2023Q1
LKQ,213,481,2023Q2
LKQ,214,481,2023Q3
LKQ,215,481,2023Q4
LKQ,216,481,2024Q1
LKQ,217,481,2024Q2
LKQ,218,481,2024Q3
LKQ,219,481,2024Q4
LKQ,220,481,2025Q1
LKQ,221,481,2025Q2
LKQ,222,481,2025Q3
LLL,187,482,2016Q4
LLL,188,482,2017Q1
LLL,189,482,2017Q2
LLL,190,482,2017Q3
LLL,191,482,2017Q4
LLL,192,482,2018Q1
LLL,193,482,2018Q2
LLL,194,482,2018Q3
LLL,195,482,2018Q4
LLL,196,482,2019Q1
LLL,197,482,2019Q2
LLTC,187,483,2016Q4
LLY,187,484,2016Q4
LLY,188,484,2017Q1
LLY,189,484,2017Q2
LLY,190,484,2017Q3
LLY,191,484,2017Q4
LLY,192,484,2018Q1
LLY,193,484,2018Q2
LLY,194,484,2018Q3
LLY,195,484,2018Q4
LLY,196,484,2019Q1
LLY,197,484,2019Q2
LLY,198,484,2019Q3
LLY,199,484,2019Q4
LLY,200,484,2020Q1
LLY,201,484,2020Q2
LLY,202,484,2020Q3
LLY,203,484,2020Q4
LLY,204,484,2021Q1
LLY,205,484,2021Q2
LLY,206,484,2021Q3
LLY,207,484,2021Q4
LLY,208,484,2022Q1
LLY,209,484,2022Q2
LLY,210,484,2022Q3
LLY,211,484,2022Q4
LLY,212,484,2023Q1
LLY,213,484,2023Q2
LLY,214,484,2023Q3
LLY,215,484,2023Q4
LLY,216,484,2024Q1
LLY,217,484,2024Q2
LLY,218,484,2024Q3
LLY,219,484,2024Q4
LLY,220,484,2025Q1
LLY,221,484,2025Q2
LLY,222,484,2025Q3
LLY,223,484,2025Q4
LLY,224,484,2026Q1
LLY,225,484,2026Q2
LMT,187,486,2016Q4
LMT,188,486,2017Q1
LMT,189,486,2017Q2
LMT,190,486,2017Q3
LMT,191,486,2017Q4
LMT,192,486,2018Q1
LMT,193,486,2018Q2
LMT,194,486,2018Q3
LMT,195,486,2018Q4
LMT,196,486,2019Q1
LMT,197,486,2019Q2
LMT,198,486,2019Q3
LMT,199,486,2019Q4
LMT,200,486,2020Q1
LMT,201,486,2020Q2
LMT,202,486,2020Q3
LMT,203,486,2020Q4
LMT,204,486,2021Q1
LMT,205,486,2021Q2
LMT,206,486,2021Q3
LMT,207,486,2021Q4
LMT,208,486,2022Q1
LMT,209,486,2022Q2
LMT,210,486,2022Q3
LMT,211,486,2022Q4
LMT,212,486,2023Q1
LMT,213,486,2023Q2
LMT,214,486,2023Q3
LMT,215,486,2023Q4
LMT,216,486,2024Q1
LMT,217,486,2024Q2
LMT,218,486,2024Q3
LMT,219,486,2024Q4
LMT,220,486,2025Q1
LMT,221,486,2025Q2
LMT,222,486,2025Q3
LMT,223,486,2025Q4
LMT,224,486,2026Q1
LMT,225,486,2026Q2
LNC,187,487,2016Q4
LNC,188,487,2017Q1
LNC,189,487,2017Q2
LNC,190,487,2017Q3
LNC,191,487,2017Q4
LNC,192,487,2018Q1
LNC,193,487,2018Q2
LNC,194,487,2018Q3
LNC,195,487,2018Q4
LNC,196,487,2019Q1
LNC,197,487,2019Q2
LNC,198,487,2019Q3
LNC,199,487,2019Q4
LNC,200,487,2020Q1
LNC,201,487,2020Q2
LNC,202,487,2020Q3
LNC,203,487,2020Q4
LNC,204,487,2021Q1
LNC,205,487,2021Q2
LNC,206,487,2021Q3
LNC,207,487,2021Q4
LNC,208,487,2022Q1
LNC,209,487,2022Q2
LNC,210,487,2022Q3
LNC,211,487,2022Q4
LNC,212,487,2023Q1
LNC,213,487,2023Q2
LNT,187,488,2016Q4
LNT,188,488,2017Q1
LNT,189,488,2017Q2
LNT,190,488,2017Q3
LNT,191,488,2017Q4
LNT,192,488,2018Q1
LNT,193,488,2018Q2
LNT,194,488,2018Q3
LNT,195,488,2018Q4
LNT,196,488,2019Q1
LNT,197,488,2019Q2
LNT,198,488,2019Q3
LNT,199,488,2019Q4
LNT,200,488,2020Q1
LNT,201,488,2020Q2
LNT,202,488,2020Q3
LNT,203,488,2020Q4
LNT,204,488,2021Q1
LNT,205,488,2021Q2
LNT,206,488,2021Q3
LNT,207,488,2021Q4
LNT,208,488,2022Q1
LNT,209,488,2022Q2
LNT,210,488,2022Q3
LNT,211,488,2022Q4
LNT,212,488,2023Q1
LNT,213,488,2023Q2
LNT,214,488,2023Q3
LNT,215,488,2023Q4
LNT,216,488,2024Q1
LNT,217,488,2024Q2
LNT,218,488,2024Q3
LNT,219,488,2024Q4
LNT,220,488,2025Q1
LNT,221,488,2025Q2
LNT,222,488,2025Q3
LNT,223,488,2025Q4
LNT,224,488,2026Q1
LNT,225,488,2026Q2
LOW,187,490,2016Q4
LOW,188,490,2017Q1
LOW,189,490,2017Q2
LOW,190,490,2017Q3
LOW,191,490,2017Q4
LOW,192,490,2018Q1
LOW,193,490,2018Q2
LOW,194,490,2018Q3
LOW,195,490,2018Q4
LOW,196,490,2019Q1
LOW,197,490,2019Q2
LOW,198,490,2019Q3
LOW,199,490,2019Q4
LOW,200,490,2020Q1
LOW,201,490,2020Q2
LOW,202,490,2020Q3
LOW,203,490,2020Q4
LOW,204,490,2021Q1
LOW,205,490,2021Q2
LOW,206,490,2021Q3
LOW,207,490,2021Q4
LOW,208,490,2022Q1
LOW,209,490,2022Q2
LOW,210,490,2022Q3
LOW,211,490,2022Q4
LOW,212,490,2023Q1
LOW,213,490,2023Q2
LOW,214,490,2023Q3
LOW,215,490,2023Q4
LOW,216,490,2024Q1
LOW,217,490,2024Q2
LOW,218,490,2024Q3
LOW,219,490,2024Q4
LOW,220,490,2025Q1
LOW,221,490,2025Q2
LOW,222,490,2025Q3
LOW,223,490,2025Q4
LOW,224,490,2026Q1
LOW,225,490,2026Q2
LRCX,187,491,2016Q4
LRCX,188,491,2017Q1
LRCX,189,491,2017Q2
LRCX,190,491,2017Q3
LRCX,191,491,2017Q4
LRCX,192,491,2018Q1
LRCX,193,491,2018Q2
LRCX,194,491,2018Q3
LRCX,195,491,2018Q4
LRCX,196,491,2019Q1
LRCX,197,491,2019Q2
LRCX,198,491,2019Q3
LRCX,199,491,2019Q4
LRCX,200,491,2020Q1
LRCX,201,491,2020Q2
LRCX,202,491,2020Q3
LRCX,203,491,2020Q4
LRCX,204,491,2021Q1
LRCX,205,491,2021Q2
LRCX,206,491,2021Q3
LRCX,207,491,2021Q4
LRCX,208,491,2022Q1
LRCX,209,491,2022Q2
LRCX,210,491,2022Q3
LRCX,211,491,2022Q4
LRCX,212,491,2023Q1
LRCX,213,491,2023Q2
LRCX,214,491,2023Q3
LRCX,215,491,2023Q4
LRCX,216,491,2024Q1
LRCX,217,491,2024Q2
LRCX,218,491,2024Q3
LRCX,219,491,2024Q4
LRCX,220,491,2025Q1
LRCX,221,491,2025Q2
LRCX,222,491,2025Q3
LRCX,223,491,2025Q4
LRCX,224,491,2026Q1
LRCX,225,491,2026Q2
LULU,215,493,2023Q4
LULU,216,493,2024Q1
LULU,217,493,2024Q2
LULU,218,493,2024Q3
LULU,219,493,2024Q4
LULU,220,493,2025Q1
LULU,221,493,2025Q2
LULU,222,493,2025Q3
LULU,223,493,2025Q4
LULU,224,493,2026Q1
LULU,225,493,2026Q2
LUMN,187,494,2016Q4
LUMN,188,494,2017Q1
LUMN,189,494,2017Q2
LUMN,190,494,2017Q3
LUMN,191,494,2017Q4
LUMN,192,494,2018Q1
LUMN,193,494,2018Q2
LUMN,194,494,2018Q3
LUMN,195,494,2018Q4
LUMN,196,494,2019Q1
LUMN,197,494,2019Q2
LUMN,198,494,2019Q3
LUMN,199,494,2019Q4
LUMN,200,494,2020Q1
LUMN,201,494,2020Q2
LUMN,202,494,2020Q3
LUMN,203,494,2020Q4
LUMN,204,494,2021Q1
LUMN,205,494,2021Q2
LUMN,206,494,2021Q3
LUMN,207,494,2021Q4
LUMN,208,494,2022Q1
LUMN,209,494,2022Q2
LUMN,210,494,2022Q3
LUMN,211,494,2022Q4
LUV,187,495,2016Q4
LUV,188,495,2017Q1
LUV,189,495,2017Q2
LUV,190,495,2017Q3
LUV,191,495,2017Q4
LUV,192,495,2018Q1
LUV,193,495,2018Q2
LUV,194,495,2018Q3
LUV,195,495,2018Q4
LUV,196,495,2019Q1
LUV,197,495,2019Q2
LUV,198,495,2019Q3
LUV,199,495,2019Q4
LUV,200,495,2020Q1
LUV,201,495,2020Q2
LUV,202,495,2020Q3
LUV,203,495,2020Q4
LUV,204,495,2021Q1
LUV,205,495,2021Q2
LUV,206,495,2021Q3
LUV,207,495,2021Q4
LUV,208,495,2022Q1
LUV,209,495,2022Q2
LUV,210,495,2022Q3
LUV,211,495,2022Q4
LUV,212,495,2023Q1
LUV,213,495,2023Q2
LUV,214,495,2023Q3
LUV,215,495,2023Q4
LUV,216,495,2024Q1
LUV,217,495,2024Q2
LUV,218,495,2024Q3
LUV,219,495,2024Q4
LUV,220,495,2025Q1
LUV,221,495,2025Q2
LUV,222,495,2025Q3
LUV,223,495,2025Q4
LUV,224,495,2026Q1
LUV,225,495,2026Q2
LVLT,187,496,2016Q4
LVLT,188,496,2017Q1
LVLT,189,496,2017Q2
LVLT,190,496,2017Q3
LVS,199,497,2019Q4
LVS,200,497,2020Q1
LVS,201,497,2020Q2
LVS,202,497,2020Q3
LVS,203,497,2020Q4
LVS,204,497,2021Q1
LVS,205,497,2021Q2
LVS,206,497,2021Q3
LVS,207,497,2021Q4
LVS,208,497,2022Q1
LVS,209,497,2022Q2
LVS,210,497,2022Q3
LVS,211,497,2022Q4
LVS,212,497,2023Q1
LVS,213,497,2023Q2
LVS,214,497,2023Q3
LVS,215,497,2023Q4
LVS,216,497,2024Q1
LVS,217,497,2024Q2
LVS,218,497,2024Q3
LVS,219,497,2024Q4
LVS,220,497,2025Q1
LVS,221,497,2025Q2
LVS,222,497,2025Q3
LVS,223,497,2025Q4
LVS,224,497,2026Q1
LVS,225,497,2026Q2
LW,195,498,2018Q4
LW,196,498,2019Q1
LW,197,498,2019Q2
LW,198,498,2019Q3
LW,199,498,2019Q4
LW,200,498,2020Q1
LW,201,498,2020Q2
LW,202,498,2020Q3
LW,203,498,2020Q4
LW,204,498,2021Q1
LW,205,498,2021Q2
LW,206,498,2021Q3
LW,207,498,2021Q4
LW,208,498,2022Q1
LW,209,498,2022Q2
LW,210,498,2022Q3
LW,211,498,2022Q4
LW,212,498,2023Q1
LW,213,498,2023Q2
LW,214,498,2023Q3
LW,215,498,2023Q4
LW,216,498,2024Q1
LW,217,498,2024Q2
LW,218,498,2024Q3
LW,219,498,2024Q4
LW,220,498,2025Q1
LW,221,498,2025Q2
LW,222,498,2025Q3
LW,223,498,2025Q4
LYB,187,500,2016Q4
LYB,188,500,2017Q1
LYB,189,500,2017Q2
LYB,190,500,2017Q3
LYB,191,500,2017Q4
LYB,192,500,2018Q1
LYB,193,500,2018Q2
LYB,194,500,2018Q3
LYB,195,500,2018Q4
LYB,196,500,2019Q1
LYB,197,500,2019Q2
LYB,198,500,2019Q3
LYB,199,500,2019Q4
LYB,200,500,2020Q1
LYB,201,500,2020Q2
LYB,202,500,2020Q3
LYB,203,500,2020Q4
LYB,204,500,2021Q1
LYB,205,500,2021Q2
LYB,206,500,2021Q3
LYB,207,500,2021Q4
LYB,208,500,2022Q1
LYB,209,500,2022Q2
LYB,210,500,2022Q3
LYB,211,500,2022Q4
LYB,212,500,2023Q1
LYB,213,500,2023Q2
LYB,214,500,2023Q3
LYB,215,500,2023Q4
LYB,216,500,2024Q1
LYB,217,500,2024Q2
LYB,218,500,2024Q3
LYB,219,500,2024Q4
LYB,220,500,2025Q1
LYB,221,500,2025Q2
LYB,222,500,2025Q3
LYB,223,500,2025Q4
LYB,224,500,2026Q1
LYB,225,500,2026Q2
LYV,199,501,2019Q4
LYV,200,501,2020Q1
LYV,201,501,2020Q2
LYV,202,501,2020Q3
LYV,203,501,2020Q4
LYV,204,501,2021Q1
LYV,205,501,2021Q2
LYV,206,501,2021Q3
LYV,207,501,2021Q4
LYV,208,501,2022Q1
LYV,209,501,2022Q2
LYV,210,501,2022Q3
LYV,211,501,2022Q4
LYV,212,501,2023Q1
LYV,213,501,2023Q2
LYV,214,501,2023Q3
LYV,215,501,2023Q4
LYV,216,501,2024Q1
LYV,217,501,2024Q2
LYV,218,501,2024Q3
LYV,219,501,2024Q4
LYV,220,501,2025Q1
LYV,221,501,2025Q2
LYV,222,501,2025Q3
LYV,223,501,2025Q4
LYV,224,501,2026Q1
LYV,225,501,2026Q2
M,187,502,2016Q4
M,188,502,2017Q1
M,189,502,2017Q2
M,190,502,2017Q3
M,191,502,2017Q4
M,192,502,2018Q1
M,193,502,2018Q2
M,194,502,2018Q3
M,195,502,2018Q4
M,196,502,2019Q1
M,197,502,2019Q2
M,198,502,2019Q3
M,199,502,2019Q4
M,200,502,2020Q1
MA,187,503,2016Q4
MA,188,503,2017Q1
MA,189,503,2017Q2
MA,190,503,2017Q3
MA,191,503,2017Q4
MA,192,503,2018Q1
MA,193,503,2018Q2
MA,194,503,2018Q3
MA,195,503,2018Q4
MA,196,503,2019Q1
MA,197,503,2019Q2
MA,198,503,2019Q3
MA,199,503,2019Q4
MA,200,503,2020Q1
MA,201,503,2020Q2
MA,202,503,2020Q3
MA,203,503,2020Q4
MA,204,503,2021Q1
MA,205,503,2021Q2
MA,206,503,2021Q3
MA,207,503,2021Q4
MA,208,503,2022Q1
MA,209,503,2022Q2
MA,210,503,2022Q3
MA,211,503,2022Q4
MA,212,503,2023Q1
MA,213,503,2023Q2
MA,214,503,2023Q3
MA,215,503,2023Q4
MA,216,503,2024Q1
MA,217,503,2024Q2
MA,218,503,2024Q3
MA,219,503,2024Q4
MA,220,503,2025Q1
MA,221,503,2025Q2
MA,222,503,2025Q3
MA,223,503,2025Q4
MA,224,503,2026Q1
MA,225,503,2026Q2
MAA,187,504,2016Q4
MAA,188,504,2017Q1
MAA,189,504,2017Q2
MAA,190,504,2017Q3
MAA,191,504,2017Q4
MAA,192,504,2018Q1
MAA,193,504,2018Q2
MAA,194,504,2018Q3
MAA,195,504,2018Q4
MAA,196,504,2019Q1
MAA,197,504,2019Q2
MAA,198,504,2019Q3
MAA,199,504,2019Q4
MAA,200,504,2020Q1
MAA,201,504,2020Q2
MAA,202,504,2020Q3
MAA,203,504,2020Q4
MAA,204,504,2021Q1
MAA,205,504,2021Q2
MAA,206,504,2021Q3
MAA,207,504,2021Q4
MAA,208,504,2022Q1
MAA,209,504,2022Q2
MAA,210,504,2022Q3
MAA,211,504,2022Q4
MAA,212,504,2023Q1
MAA,213,504,2023Q2
MAA,214,504,2023Q3
MAA,215,504,2023Q4
MAA,216,504,2024Q1
MAA,217,504,2024Q2
MAA,218,504,2024Q3
MAA,219,504,2024Q4
MAA,220,504,2025Q1
MAA,221,504,2025Q2
MAA,222,504,2025Q3
MAA,223,504,2025Q4
MAA,224,504,2026Q1
MAA,225,504,2026Q2
MAC,187,505,2016Q4
MAC,188,505,2017Q1
MAC,189,505,2017Q2
MAC,190,505,2017Q3
MAC,191,505,2017Q4
MAC,192,505,2018Q1
MAC,193,505,2018Q2
MAC,194,505,2018Q3
MAC,195,505,2018Q4
MAC,196,505,2019Q1
MAC,197,505,2019Q2
MAC,198,505,2019Q3
MAR,187,506,2016Q4
MAR,188,506,2017Q1
MAR,189,506,2017Q2
MAR,190,506,2017Q3
MAR,191,506,2017Q4
MAR,192,506,2018Q1
MAR,193,506,2018Q2
MAR,194,506,2018Q3
MAR,195,506,2018Q4
MAR,196,506,2019Q1
MAR,197,506,2019Q2
MAR,198,506,2019Q3
MAR,199,506,2019Q4
MAR,200,506,2020Q1
MAR,201,506,2020Q2
MAR,202,506,2020Q3
MAR,203,506,2020Q4
MAR,204,506,2021Q1
MAR,205,506,2021Q2
MAR,206,506,2021Q3
MAR,207,506,2021Q4
MAR,208,506,2022Q1
MAR,209,506,2022Q2
MAR,210,506,2022Q3
MAR,211,506,2022Q4
MAR,212,506,2023Q1
MAR,213,506,2023Q2
MAR,214,506,2023Q3
MAR,215,506,2023Q4
MAR,216,506,2024Q1
MAR,217,506,2024Q2
MAR,218,506,2024Q3
MAR,219,506,2024Q4
MAR,220,506,2025Q1
MAR,221,506,2025Q2
MAR,222,506,2025Q3
MAR,223,506,2025Q4
MAR,224,506,2026Q1
MAR,225,506,2026Q2
MAS,187,507,2016Q4
MAS,188,507,2017Q1
MAS,189,507,2017Q2
MAS,190,507,2017Q3
MAS,191,507,2017Q4
MAS,192,507,2018Q1
MAS,193,507,2018Q2
MAS,194,507,2018Q3
MAS,195,507,2018Q4
MAS,196,507,2019Q1
MAS,197,507,2019Q2
MAS,198,507,2019Q3
MAS,199,507,2019Q4
MAS,200,507,2020Q1
MAS,201,507,2020Q2
MAS,202,507,2020Q3
MAS,203,507,2020Q4
MAS,204,507,2021Q1
MAS,205,507,2021Q2
MAS,206,507,2021Q3
MAS,207,507,2021Q4
MAS,208,507,2022Q1
MAS,209,507,2022Q2
MAS,210,507,2022Q3
MAS,211,507,2022Q4
MAS,212,507,2023Q1
MAS,213,507,2023Q2
MAS,214,507,2023Q3
MAS,215,507,2023Q4
MAS,216,507,2024Q1
MAS,217,507,2024Q2
MAS,218,507,2024Q3
MAS,219,507,2024Q4
MAS,220,507,2025Q1
MAS,221,507,2025Q2
MAS,222,507,2025Q3
MAS,223,507,2025Q4
MAS,224,507,2026Q1
MAS,225,507,2026Q2
MAT,187,508,2016Q4
MAT,188,508,2017Q1
MAT,189,508,2017Q2
MAT,190,508,2017Q3
MAT,191,508,2017Q4
MAT,192,508,2018Q1
MAT,193,508,2018Q2
MAT,194,508,2018Q3
MAT,195,508,2018Q4
MAT,196,508,2019Q1
MCD,187,511,2016Q4
MCD,188,511,2017Q1
MCD,189,511,2017Q2
MCD,190,511,2017Q3
MCD,191,511,2017Q4
MCD,192,511,2018Q1
MCD,193,511,2018Q2
MCD,194,511,2018Q3
MCD,195,511,2018Q4
MCD,196,511,2019Q1
MCD,197,511,2019Q2
MCD,198,511,2019Q3
MCD,199,511,2019Q4
MCD,200,511,2020Q1
MCD,201,511,2020Q2
MCD,202,511,2020Q3
MCD,203,511,2020Q4
MCD,204,511,2021Q1
MCD,205,511,2021Q2
MCD,206,511,2021Q3
MCD,207,511,2021Q4
MCD,208,511,2022Q1
MCD,209,511,2022Q2
MCD,210,511,2022Q3
MCD,211,511,2022Q4
MCD,212,511,2023Q1
MCD,213,511,2023Q2
MCD,214,511,2023Q3
MCD,215,511,2023Q4
MCD,216,511,2024Q1
MCD,217,511,2024Q2
MCD,218,511,2024Q3
MCD,219,511,2024Q4
MCD,220,511,2025Q1
MCD,221,511,2025Q2
MCD,222,511,2025Q3
MCD,223,511,2025Q4
MCD,224,511,2026Q1
MCD,225,511,2026Q2
MCHP,187,512,2016Q4
MCHP,188,512,2017Q1
MCHP,189,512,2017Q2
MCHP,190,512,2017Q3
MCHP,191,512,2017Q4
MCHP,192,512,2018Q1
MCHP,193,512,2018Q2
MCHP,194,512,2018Q3
MCHP,195,512,2018Q4
MCHP,196,512,2019Q1
MCHP,197,512,2019Q2
MCHP,198,512,2019Q3
MCHP,199,512,2019Q4
MCHP,200,512,2020Q1
MCHP,201,512,2020Q2
MCHP,202,512,2020Q3
MCHP,203,512,2020Q4
MCHP,204,512,2021Q1
MCHP,205,512,2021Q2
MCHP,206,512,2021Q3
MCHP,207,512,2021Q4
MCHP,208,512,2022Q1
MCHP,209,512,2022Q2
MCHP,210,512,2022Q3
MCHP,211,512,2022Q4
MCHP,212,512,2023Q1
MCHP,213,512,2023Q2
MCHP,214,512,2023Q3
MCHP,215,512,2023Q4
MCHP,216,512,2024Q1
MCHP,217,512,2024Q2
MCHP,218,512,2024Q3
MCHP,219,512,2024Q4
MCHP,220,512,2025Q1
MCHP,221,512,2025Q2
MCHP,222,512,2025Q3
MCHP,223,512,2025Q4
MCHP,224,512,2026Q1
MCHP,225,512,2026Q2
MCK,187,513,2016Q4
MCK,188,513,2017Q1
MCK,189,513,2017Q2
MCK,190,513,2017Q3
MCK,191,513,2017Q4
MCK,192,513,2018Q1
MCK,193,513,2018Q2
MCK,194,513,2018Q3
MCK,195,513,2018Q4
MCK,196,513,2019Q1
MCK,197,513,2019Q2
MCK,198,513,2019Q3
MCK,199,513,2019Q4
MCK,200,513,2020Q1
MCK,201,513,2020Q2
MCK,202,513,2020Q3
MCK,203,513,2020Q4
MCK,204,513,2021Q1
MCK,205,513,2021Q2
MCK,206,513,2021Q3
MCK,207,513,2021Q4
MCK,208,513,2022Q1
MCK,209,513,2022Q2
MCK,210,513,2022Q3
MCK,211,513,2022Q4
MCK,212,513,2023Q1
MCK,213,513,2023Q2
MCK,214,513,2023Q3
MCK,215,513,2023Q4
MCK,216,513,2024Q1
MCK,217,513,2024Q2
MCK,218,513,2024Q3
MCK,219,513,2024Q4
MCK,220,513,2025Q1
MCK,221,513,2025Q2
MCK,222,513,2025Q3
MCK,223,513,2025Q4
MCK,224,513,2026Q1
MCK,225,513,2026Q2
MCO,187,514,2016Q4
MCO,188,514,2017Q1
MCO,189,514,2017Q2
MCO,190,514,2017Q3
MCO,191,514,2017Q4
MCO,192,514,2018Q1
MCO,193,514,2018Q2
MCO,194,514,2018Q3
MCO,195,514,2018Q4
MCO,196,514,2019Q1
MCO,197,514,2019Q2
MCO,198,514,2019Q3
MCO,199,514,2019Q4
MCO,200,514,2020Q1
MCO,201,514,2020Q2
MCO,202,514,2020Q3
MCO,203,514,2020Q4
MCO,204,514,2021Q1
MCO,205,514,2021Q2
MCO,206,514,2021Q3
MCO,207,514,2021Q4
MCO,208,514,2022Q1
MCO,209,514,2022Q2
MCO,210,514,2022Q3
MCO,211,514,2022Q4
MCO,212,514,2023Q1
MCO,213,514,2023Q2
MCO,214,514,2023Q3
MCO,215,514,2023Q4
MCO,216,514,2024Q1
MCO,217,514,2024Q2
MCO,218,514,2024Q3
MCO,219,514,2024Q4
MCO,220,514,2025Q1
MCO,221,514,2025Q2
MCO,222,514,2025Q3
MCO,223,514,2025Q4
MCO,224,514,2026Q1
MCO,225,514,2026Q2
MDLZ,187,515,2016Q4
MDLZ,188,515,2017Q1
MDLZ,189,515,2017Q2
MDLZ,190,515,2017Q3
MDLZ,191,515,2017Q4
MDLZ,192,515,2018Q1
MDLZ,193,515,2018Q2
MDLZ,194,515,2018Q3
MDLZ,195,515,2018Q4
MDLZ,196,515,2019Q1
MDLZ,197,515,2019Q2
MDLZ,198,515,2019Q3
MDLZ,199,515,2019Q4
MDLZ,200,515,2020Q1
MDLZ,201,515,2020Q2
MDLZ,202,515,2020Q3
MDLZ,203,515,2020Q4
MDLZ,204,515,2021Q1
MDLZ,205,515,2021Q2
MDLZ,206,515,2021Q3
MDLZ,207,515,2021Q4
MDLZ,208,515,2022Q1
MDLZ,209,515,2022Q2
MDLZ,210,515,2022Q3
MDLZ,211,515,2022Q4
MDLZ,212,515,2023Q1
MDLZ,213,515,2023Q2
MDLZ,214,515,2023Q3
MDLZ,215,515,2023Q4
MDLZ,216,515,2024Q1
MDLZ,217,515,2024Q2
MDLZ,218,515,2024Q3
MDLZ,219,515,2024Q4
MDLZ,220,515,2025Q1
MDLZ,221,515,2025Q2
MDLZ,222,515,2025Q3
MDLZ,223,515,2025Q4
MDLZ,224,515,2026Q1
MDLZ,225,515,2026Q2
MDT,187,517,2016Q4
MDT,188,517,2017Q1
MDT,189,517,2017Q2
MDT,190,517,2017Q3
MDT,191,517,2017Q4
MDT,192,517,2018Q1
MDT,193,517,2018Q2
MDT,194,517,2018Q3
MDT,195,517,2018Q4
MDT,196,517,2019Q1
MDT,197,517,2019Q2
MDT,198,517,2019Q3
MDT,199,517,2019Q4
MDT,200,517,2020Q1
MDT,201,517,2020Q2
MDT,202,517,2020Q3
MDT,203,517,2020Q4
MDT,204,517,2021Q1
MDT,205,517,2021Q2
MDT,206,517,2021Q3
MDT,207,517,2021Q4
MDT,208,517,2022Q1
MDT,209,517,2022Q2
MDT,210,517,2022Q3
MDT,211,517,2022Q4
MDT,212,517,2023Q1
MDT,213,517,2023Q2
MDT,214,517,2023Q3
MDT,215,517,2023Q4
MDT,216,517,2024Q1
MDT,217,517,2024Q2
MDT,218,517,2024Q3
MDT,219,517,2024Q4
MDT,220,517,2025Q1
MDT,221,517,2025Q2
MDT,222,517,2025Q3
MDT,223,517,2025Q4
MDT,224,517,2026Q1
MDT,225,517,2026Q2
MET,187,519,2016Q4
MET,188,519,2017Q1
MET,189,519,2017Q2
MET,190,519,2017Q3
MET,191,519,2017Q4
MET,192,519,2018Q1
MET,193,519,2018Q2
MET,194,519,2018Q3
MET,195,519,2018Q4
MET,196,519,2019Q1
MET,197,519,2019Q2
MET,198,519,2019Q3
MET,199,519,2019Q4
MET,200,519,2020Q1
MET,201,519,2020Q2
MET,202,519,2020Q3
MET,203,519,2020Q4
MET,204,519,2021Q1
MET,205,519,2021Q2
MET,206,519,2021Q3
MET,207,519,2021Q4
MET,208,519,2022Q1
MET,209,519,2022Q2
MET,210,519,2022Q3
MET,211,519,2022Q4
MET,212,519,2023Q1
MET,213,519,2023Q2
MET,214,519,2023Q3
MET,215,519,2023Q4
MET,216,519,2024Q1
MET,217,519,2024Q2
MET,218,519,2024Q3
MET,219,519,2024Q4
MET,220,519,2025Q1
MET,221,519,2025Q2
MET,222,519,2025Q3
MET,223,519,2025Q4
MET,224,519,2026Q1
MET,225,519,2026Q2
META,187,520,2016Q4
META,188,520,2017Q1
META,189,520,2017Q2
META,190,520,2017Q3
META,191,520,2017Q4
META,192,520,2018Q1
META,193,520,2018Q2
META,194,520,2018Q3
META,195,520,2018Q4
META,196,520,2019Q1
META,197,520,2019Q2
META,198,520,2019Q3
META,199,520,2019Q4
META,200,520,2020Q1
META,201,520,2020Q2
META,202,520,2020Q3
META,203,520,2020Q4
META,204,520,2021Q1
META,205,520,2021Q2
META,206,520,2021Q3
META,207,520,2021Q4
META,208,520,2022Q1
META,209,520,2022Q2
META,210,520,2022Q3
META,211,520,2022Q4
META,212,520,2023Q1
META,213,520,2023Q2
META,214,520,2023Q3
META,215,520,2023Q4
META,216,520,2024Q1
META,217,520,2024Q2
META,218,520,2024Q3
META,219,520,2024Q4
META,220,520,2025Q1
META,221,520,2025Q2
META,222,520,2025Q3
META,223,520,2025Q4
META,224,520,2026Q1
META,225,520,2026Q2
MGM,190,522,2017Q3
MGM,191,522,2017Q4
MGM,192,522,2018Q1
MGM,193,522,2018Q2
MGM,194,522,2018Q3
MGM,195,522,2018Q4
MGM,196,522,2019Q1
MGM,197,522,2019Q2
MGM,198,522,2019Q3
MGM,199,522,2019Q4
MGM,200,522,2020Q1
MGM,201,522,2020Q2
MGM,202,522,2020Q3
MGM,203,522,2020Q4
MGM,204,522,2021Q1
MGM,205,522,2021Q2
MGM,206,522,2021Q3
MGM,207,522,2021Q4
MGM,208,522,2022Q1
MGM,209,522,2022Q2
MGM,210,522,2022Q3
MGM,211,522,2022Q4
MGM,212,522,2023Q1
MGM,213,522,2023Q2
MGM,214,522,2023Q3
MGM,215,522,2023Q4
MGM,216,522,2024Q1
MGM,217,522,2024Q2
MGM,218,522,2024Q3
MGM,219,522,2024Q4
MGM,220,522,2025Q1
MGM,221,522,2025Q2
MGM,222,522,2025Q3
MGM,223,522,2025Q4
MGM,224,522,2026Q1
MGM,225,522,2026Q2
MHK,187,523,2016Q4
MHK,188,523,2017Q1
MHK,189,523,2017Q2
MHK,190,523,2017Q3
MHK,191,523,2017Q4
MHK,192,523,2018Q1
MHK,193,523,2018Q2
MHK,194,523,2018Q3
MHK,195,523,2018Q4
MHK,196,523,2019Q1
MHK,197,523,2019Q2
MHK,198,523,2019Q3
MHK,199,523,2019Q4
MHK,200,523,2020Q1
MHK,201,523,2020Q2
MHK,202,523,2020Q3
MHK,203,523,2020Q4
MHK,204,523,2021Q1
MHK,205,523,2021Q2
MHK,206,523,2021Q3
MHK,207,523,2021Q4
MHK,208,523,2022Q1
MHK,209,523,2022Q2
MHK,210,523,2022Q3
MHK,211,523,2022Q4
MHK,212,523,2023Q1
MHK,213,523,2023Q2
MHK,214,523,2023Q3
MHK,215,523,2023Q4
MHK,216,523,2024Q1
MHK,217,523,2024Q2
MHK,218,523,2024Q3
MHK,219,523,2024Q4
MHK,220,523,2025Q1
MHK,221,523,2025Q2
MHK,222,523,2025Q3
MJN,187,527,2016Q4
MJN,188,527,2017Q1
MKC,187,528,2016Q4
MKC,188,528,2017Q1
MKC,189,528,2017Q2
MKC,190,528,2017Q3
MKC,191,528,2017Q4
MKC,192,528,2018Q1
MKC,193,528,2018Q2
MKC,194,528,2018Q3
MKC,195,528,2018Q4
MKC,196,528,2019Q1
MKC,197,528,2019Q2
MKC,198,528,2019Q3
MKC,199,528,2019Q4
MKC,200,528,2020Q1
MKC,201,528,2020Q2
MKC,202,528,2020Q3
MKC,203,528,2020Q4
MKC,204,528,2021Q1
MKC,205,528,2021Q2
MKC,206,528,2021Q3
MKC,207,528,2021Q4
MKC,208,528,2022Q1
MKC,209,528,2022Q2
MKC,210,528,2022Q3
MKC,211,528,2022Q4
MKC,212,528,2023Q1
MKC,213,528,2023Q2
MKC,214,528,2023Q3
MKC,215,528,2023Q4
MKC,216,528,2024Q1
MKC,217,528,2024Q2
MKC,218,528,2024Q3
MKC,219,528,2024Q4
MKC,220,528,2025Q1
MKC,221,528,2025Q2
MKC,222,528,2025Q3
MKC,223,528,2025Q4
MKC,224,528,2026Q1
MKC,225,528,2026Q2
MKTX,198,529,2019Q3
MKTX,199,529,2019Q4
MKTX,200,529,2020Q1
MKTX,201,529,2020Q2
MKTX,202,529,2020Q3
MKTX,203,529,2020Q4
MKTX,204,529,2021Q1
MKTX,205,529,2021Q2
MKTX,206,529,2021Q3
MKTX,207,529,2021Q4
MKTX,208,529,2022Q1
MKTX,209,529,2022Q2
MKTX,210,529,2022Q3
MKTX,211,529,2022Q4
MKTX,212,529,2023Q1
MKTX,213,529,2023Q2
MKTX,214,529,2023Q3
MKTX,215,529,2023Q4
MKTX,216,529,2024Q1
MKTX,217,529,2024Q2
MKTX,218,529,2024Q3
MKTX,219,529,2024Q4
MKTX,220,529,2025Q1
MKTX,221,529,2025Q2
MLM,187,530,2016Q4
MLM,188,530,2017Q1
MLM,189,530,2017Q2
MLM,190,530,2017Q3
MLM,191,530,2017Q4
MLM,192,530,2018Q1
MLM,193,530,2018Q2
MLM,194,530,2018Q3
MLM,195,530,2018Q4
MLM,196,530,2019Q1
MLM,197,530,2019Q2
MLM,198,530,2019Q3
MLM,199,530,2019Q4
MLM,200,530,2020Q1
MLM,201,530,2020Q2
MLM,202,530,2020Q3
MLM,203,530,2020Q4
MLM,204,530,2021Q1
MLM,205,530,2021Q2
MLM,206,530,2021Q3
MLM,207,530,2021Q4
MLM,208,530,2022Q1
MLM,209,530,2022Q2
MLM,210,530,2022Q3
MLM,211,530,2022Q4
MLM,212,530,2023Q1
MLM,213,530,2023Q2
MLM,214,530,2023Q3
MLM,215,530,2023Q4
MLM,216,530,2024Q1
MLM,217,530,2024Q2
MLM,218,530,2024Q3
MLM,219,530,2024Q4
MLM,220,530,2025Q1
MLM,221,530,2025Q2
MLM,222,530,2025Q3
MLM,223,530,2025Q4
MLM,224,530,2026Q1
MLM,225,530,2026Q2
MMM,187,532,2016Q4
MMM,188,532,2017Q1
MMM,189,532,2017Q2
MMM,190,532,2017Q3
MMM,191,532,2017Q4
MMM,192,532,2018Q1
MMM,193,532,2018Q2
MMM,194,532,2018Q3
MMM,195,532,2018Q4
MMM,196,532,2019Q1
MMM,197,532,2019Q2
MMM,198,532,2019Q3
MMM,199,532,2019Q4
MMM,200,532,2020Q1
MMM,201,532,2020Q2
MMM,202,532,2020Q3
MMM,203,532,2020Q4
MMM,204,532,2021Q1
MMM,205,532,2021Q2
MMM,206,532,2021Q3
MMM,207,532,2021Q4
MMM,208,532,2022Q1
MMM,209,532,2022Q2
MMM,210,532,2022Q3
MMM,211,532,2022Q4
MMM,212,532,2023Q1
MMM,213,532,2023Q2
MMM,214,532,2023Q3
MMM,215,532,2023Q4
MMM,216,532,2024Q1
MMM,217,532,2024Q2
MMM,218,532,2024Q3
MMM,219,532,2024Q4
MMM,220,532,2025Q1
MMM,221,532,2025Q2
MMM,222,532,2025Q3
MMM,223,532,2025Q4
MMM,224,532,2026Q1
MMM,225,532,2026Q2
MNK,187,533,2016Q4
MNK,188,533,2017Q1
MNK,189,533,2017Q2
MNST,187,534,2016Q4
MNST,188,534,2017Q1
MNST,189,534,2017Q2
MNST,190,534,2017Q3
MNST,191,534,2017Q4
MNST,192,534,2018Q1
MNST,193,534,2018Q2
MNST,194,534,2018Q3
MNST,195,534,2018Q4
MNST,196,534,2019Q1
MNST,197,534,2019Q2
MNST,198,534,2019Q3
MNST,199,534,2019Q4
MNST,200,534,2020Q1
MNST,201,534,2020Q2
MNST,202,534,2020Q3
MNST,203,534,2020Q4
MNST,204,534,2021Q1
MNST,205,534,2021Q2
MNST,206,534,2021Q3
MNST,207,534,2021Q4
MNST,208,534,2022Q1
MNST,209,534,2022Q2
MNST,210,534,2022Q3
MNST,211,534,2022Q4
MNST,212,534,2023Q1
MNST,213,534,2023Q2
MNST,214,534,2023Q3
MNST,215,534,2023Q4
MNST,216,534,2024Q1
MNST,217,534,2024Q2
MNST,218,534,2024Q3
MNST,219,534,2024Q4
MNST,220,534,2025Q1
MNST,221,534,2025Q2
MNST,222,534,2025Q3
MNST,223,534,2025Q4
MNST,224,534,2026Q1
MNST,225,534,2026Q2
MO,187,535,2016Q4
MO,188,535,2017Q1
MO,189,535,2017Q2
MO,190,535,2017Q3
MO,191,535,2017Q4
MO,192,535,2018Q1
MO,193,535,2018Q2
MO,194,535,2018Q3
MO,195,535,2018Q4
MO,196,535,2019Q1
MO,197,535,2019Q2
MO,198,535,2019Q3
MO,199,535,2019Q4
MO,200,535,2020Q1
MO,201,535,2020Q2
MO,202,535,2020Q3
MO,203,535,2020Q4
MO,204,535,2021Q1
MO,205,535,2021Q2
MO,206,535,2021Q3
MO,207,535,2021Q4
MO,208,535,2022Q1
MO,209,535,2022Q2
MO,210,535,2022Q3
MO,211,535,2022Q4
MO,212,535,2023Q1
MO,213,535,2023Q2
MO,214,535,2023Q3
MO,215,535,2023Q4
MO,216,535,2024Q1
MO,217,535,2024Q2
MO,218,535,2024Q3
MO,219,535,2024Q4
MO,220,535,2025Q1
MO,221,535,2025Q2
MO,222,535,2025Q3
MO,223,535,2025Q4
MO,224,535,2026Q1
MO,225,535,2026Q2
MOH,208,536,2022Q1
MOH,209,536,2022Q2
MOH,210,536,2022Q3
MOH,211,536,2022Q4
MOH,212,536,2023Q1
MOH,213,536,2023Q2
MOH,214,536,2023Q3
MOH,215,536,2023Q4
MOH,216,536,2024Q1
MOH,217,536,2024Q2
MOH,218,536,2024Q3
MOH,219,536,2024Q4
MOH,220,536,2025Q1
MOH,221,536,2025Q2
MOH,222,536,2025Q3
MOH,223,536,2025Q4
MON,187,538,2016Q4
MON,188,538,2017Q1
MON,189,538,2017Q2
MON,190,538,2017Q3
MON,191,538,2017Q4
MON,192,538,2018Q1
MOS,187,539,2016Q4
MOS,188,539,2017Q1
MOS,189,539,2017Q2
MOS,190,539,2017Q3
MOS,191,539,2017Q4
MOS,192,539,2018Q1
MOS,193,539,2018Q2
MOS,194,539,2018Q3
MOS,195,539,2018Q4
MOS,196,539,2019Q1
MOS,197,539,2019Q2
MOS,198,539,2019Q3
MOS,199,539,2019Q4
MOS,200,539,2020Q1
MOS,201,539,2020Q2
MOS,202,539,2020Q3
MOS,203,539,2020Q4
MOS,204,539,2021Q1
MOS,205,539,2021Q2
MOS,206,539,2021Q3
MOS,207,539,2021Q4
MOS,208,539,2022Q1
MOS,209,539,2022Q2
MOS,210,539,2022Q3
MOS,211,539,2022Q4
MOS,212,539,2023Q1
MOS,213,539,2023Q2
MOS,214,539,2023Q3
MOS,215,539,2023Q4
MOS,216,539,2024Q1
MOS,217,539,2024Q2
MOS,218,539,2024Q3
MOS,219,539,2024Q4
MOS,220,539,2025Q1
MOS,221,539,2025Q2
MOS,222,539,2025Q3
MOS,223,539,2025Q4
MOS,224,539,2026Q1
MOS,225,539,2026Q2
MPC,187,540,2016Q4
MPC,188,540,2017Q1
MPC,189,540,2017Q2
MPC,190,540,2017Q3
MPC,191,540,2017Q4
MPC,192,540,2018Q1
MPC,193,540,2018Q2
MPC,194,540,2018Q3
MPC,195,540,2018Q4
MPC,196,540,2019Q1
MPC,197,540,2019Q2
MPC,198,540,2019Q3
MPC,199,540,2019Q4
MPC,200,540,2020Q1
MPC,201,540,2020Q2
MPC,202,540,2020Q3
MPC,203,540,2020Q4
MPC,204,540,2021Q1
MPC,205,540,2021Q2
MPC,206,540,2021Q3
MPC,207,540,2021Q4
MPC,208,540,2022Q1
MPC,209,540,2022Q2
MPC,210,540,2022Q3
MPC,211,540,2022Q4
MPC,212,540,2023Q1
MPC,213,540,2023Q2
MPC,214,540,2023Q3
MPC,215,540,2023Q4
MPC,216,540,2024Q1
MPC,217,540,2024Q2
MPC,218,540,2024Q3
MPC,219,540,2024Q4
MPC,220,540,2025Q1
MPC,221,540,2025Q2
MPC,222,540,2025Q3
MPC,223,540,2025Q4
MPC,224,540,2026Q1
MPC,225,540,2026Q2
MPWR,204,541,2021Q1
MPWR,205,541,2021Q2
MPWR,206,541,2021Q3
MPWR,207,541,2021Q4
MPWR,208,541,2022Q1
MPWR,209,541,2022Q2
MPWR,210,541,2022Q3
MPWR,211,541,2022Q4
MPWR,212,541,2023Q1
MPWR,213,541,2023Q2
MPWR,214,541,2023Q3
MPWR,215,541,2023Q4
MPWR,216,541,2024Q1
MPWR,217,541,2024Q2
MPWR,218,541,2024Q3
MPWR,219,541,2024Q4
MPWR,220,541,2025Q1
MPWR,221,541,2025Q2
MPWR,222,541,2025Q3
MPWR,223,541,2025Q4
MPWR,224,541,2026Q1
MPWR,225,541,2026Q2
MRK,187,542,2016Q4
MRK,188,542,2017Q1
MRK,189,542,2017Q2
MRK,190,542,2017Q3
MRK,191,542,2017Q4
MRK,192,542,2018Q1
MRK,193,542,2018Q2
MRK,194,542,2018Q3
MRK,195,542,2018Q4
MRK,196,542,2019Q1
MRK,197,542,2019Q2
MRK,198,542,2019Q3
MRK,199,542,2019Q4
MRK,200,542,2020Q1
MRK,201,542,2020Q2
MRK,202,542,2020Q3
MRK,203,542,2020Q4
MRK,204,542,2021Q1
MRK,205,542,2021Q2
MRK,206,542,2021Q3
MRK,207,542,2021Q4
MRK,208,542,2022Q1
MRK,209,542,2022Q2
MRK,210,542,2022Q3
MRK,211,542,2022Q4
MRK,212,542,2023Q1
MRK,213,542,2023Q2
MRK,214,542,2023Q3
MRK,215,542,2023Q4
MRK,216,542,2024Q1
MRK,217,542,2024Q2
MRK,218,542,2024Q3
MRK,219,542,2024Q4
MRK,220,542,2025Q1
MRK,221,542,2025Q2
MRK,222,542,2025Q3
MRK,223,542,2025Q4
MRK,224,542,2026Q1
MRK,225,542,2026Q2
MRNA,206,543,2021Q3
MRNA,207,543,2021Q4
MRNA,208,543,2022Q1
MRNA,209,543,2022Q2
MRNA,210,543,2022Q3
MRNA,211,543,2022Q4
MRNA,212,543,2023Q1
MRNA,213,543,2023Q2
MRNA,214,543,2023Q3
MRNA,215,543,2023Q4
MRNA,216,543,2024Q1
MRNA,217,543,2024Q2
MRNA,218,543,2024Q3
MRNA,219,543,2024Q4
MRNA,220,543,2025Q1
MRNA,221,543,2025Q2
MRNA,222,543,2025Q3
MRNA,223,543,2025Q4
MRNA,224,543,2026Q1
MRNA,225,543,2026Q2
MRO,187,544,2016Q4
MRO,188,544,2017Q1
MRO,189,544,2017Q2
MRO,190,544,2017Q3
MRO,191,544,2017Q4
MRO,192,544,2018Q1
MRO,193,544,2018Q2
MRO,194,544,2018Q3
MRO,195,544,2018Q4
MRO,196,544,2019Q1
MRO,197,544,2019Q2
MRO,198,544,2019Q3
MRO,199,544,2019Q4
MRO,200,544,2020Q1
MRO,201,544,2020Q2
MRO,202,544,2020Q3
MRO,203,544,2020Q4
MRO,204,544,2021Q1
MRO,205,544,2021Q2
MRO,206,544,2021Q3
MRO,207,544,2021Q4
MRO,208,544,2022Q1
MRO,209,544,2022Q2
MRO,210,544,2022Q3
MRO,211,544,2022Q4
MRO,212,544,2023Q1
MRO,213,544,2023Q2
MRO,214,544,2023Q3
MRO,215,544,2023Q4
MRO,216,544,2024Q1
MRO,217,544,2024Q2
MRO,218,544,2024Q3
MRSH,187,545,2016Q4
MRSH,188,545,2017Q1
MRSH,189,545,2017Q2
MRSH,190,545,2017Q3
MRSH,191,545,2017Q4
MRSH,192,545,2018Q1
MRSH,193,545,2018Q2
MRSH,194,545,2018Q3
MRSH,195,545,2018Q4
MRSH,196,545,2019Q1
MRSH,197,545,2019Q2
MRSH,198,545,2019Q3
MRSH,199,545,2019Q4
MRSH,200,545,2020Q1
MRSH,201,545,2020Q2
MRSH,202,545,2020Q3
MRSH,203,545,2020Q4
MRSH,204,545,2021Q1
MRSH,205,545,2021Q2
MRSH,206,545,2021Q3
MRSH,207,545,2021Q4
MRSH,208,545,2022Q1
MRSH,209,545,2022Q2
MRSH,210,545,2022Q3
MRSH,211,545,2022Q4
MRSH,212,545,2023Q1
MRSH,213,545,2023Q2
MRSH,214,545,2023Q3
MRSH,215,545,2023Q4
MRSH,216,545,2024Q1
MRSH,217,545,2024Q2
MRSH,218,545,2024Q3
MRSH,219,545,2024Q4
MRSH,220,545,2025Q1
MRSH,221,545,2025Q2
MRSH,222,545,2025Q3
MRSH,223,545,2025Q4
MRSH,224,545,2026Q1
MRSH,225,545,2026Q2
MRVL,225,546,2026Q2
MS,187,547,2016Q4
MS,188,547,2017Q1
MS,189,547,2017Q2
MS,190,547,2017Q3
MS,191,547,2017Q4
MS,192,547,2018Q1
MS,193,547,2018Q2
MS,194,547,2018Q3
MS,195,547,2018Q4
MS,196,547,2019Q1
MS,197,547,2019Q2
MS,198,547,2019Q3
MS,199,547,2019Q4
MS,200,547,2020Q1
MS,201,547,2020Q2
MS,202,547,2020Q3
MS,203,547,2020Q4
MS,204,547,2021Q1
MS,205,547,2021Q2
MS,206,547,2021Q3
MS,207,547,2021Q4
MS,208,547,2022Q1
MS,209,547,2022Q2
MS,210,547,2022Q3
MS,211,547,2022Q4
MS,212,547,2023Q1
MS,213,547,2023Q2
MS,214,547,2023Q3
MS,215,547,2023Q4
MS,216,547,2024Q1
MS,217,547,2024Q2
MS,218,547,2024Q3
MS,219,547,2024Q4
MS,220,547,2025Q1
MS,221,547,2025Q2
MS,222,547,2025Q3
MS,223,547,2025Q4
MS,224,547,2026Q1
MS,225,547,2026Q2
MSCI,193,548,2018Q2
MSCI,194,548,2018Q3
MSCI,195,548,2018Q4
MSCI,196,548,2019Q1
MSCI,197,548,2019Q2
MSCI,198,548,2019Q3
MSCI,199,548,2019Q4
MSCI,200,548,2020Q1
MSCI,201,548,2020Q2
MSCI,202,548,2020Q3
MSCI,203,548,2020Q4
MSCI,204,548,2021Q1
MSCI,205,548,2021Q2
MSCI,206,548,2021Q3
MSCI,207,548,2021Q4
MSCI,208,548,2022Q1
MSCI,209,548,2022Q2
MSCI,210,548,2022Q3
MSCI,211,548,2022Q4
MSCI,212,548,2023Q1
MSCI,213,548,2023Q2
MSCI,214,548,2023Q3
MSCI,215,548,2023Q4
MSCI,216,548,2024Q1
MSCI,217,548,2024Q2
MSCI,218,548,2024Q3
MSCI,219,548,2024Q4
MSCI,220,548,2025Q1
MSCI,221,548,2025Q2
MSCI,222,548,2025Q3
MSCI,223,548,2025Q4
MSCI,224,548,2026Q1
MSCI,225,548,2026Q2
MSFT,187,549,2016Q4
MSFT,188,549,2017Q1
MSFT,189,549,2017Q2
MSFT,190,549,2017Q3
MSFT,191,549,2017Q4
MSFT,192,549,2018Q1
MSFT,193,549,2018Q2
MSFT,194,549,2018Q3
MSFT,195,549,2018Q4
MSFT,196,549,2019Q1
MSFT,197,549,2019Q2
MSFT,198,549,2019Q3
MSFT,199,549,2019Q4
MSFT,200,549,2020Q1
MSFT,201,549,2020Q2
MSFT,202,549,2020Q3
MSFT,203,549,2020Q4
MSFT,204,549,2021Q1
MSFT,205,549,2021Q2
MSFT,206,549,2021Q3
MSFT,207,549,2021Q4
MSFT,208,549,2022Q1
MSFT,209,549,2022Q2
MSFT,210,549,2022Q3
MSFT,211,549,2022Q4
MSFT,212,549,2023Q1
MSFT,213,549,2023Q2
MSFT,214,549,2023Q3
MSFT,215,549,2023Q4
MSFT,216,549,2024Q1
MSFT,217,549,2024Q2
MSFT,218,549,2024Q3
MSFT,219,549,2024Q4
MSFT,220,549,2025Q1
MSFT,221,549,2025Q2
MSFT,222,549,2025Q3
MSFT,223,549,2025Q4
MSFT,224,549,2026Q1
MSFT,225,549,2026Q2
MSI,187,550,2016Q4
MSI,188,550,2017Q1
MSI,189,550,2017Q2
MSI,190,550,2017Q3
MSI,191,550,2017Q4
MSI,192,550,2018Q1
MSI,193,550,2018Q2
MSI,194,550,2018Q3
MSI,195,550,2018Q4
MSI,196,550,2019Q1
MSI,197,550,2019Q2
MSI,198,550,2019Q3
MSI,199,550,2019Q4
MSI,200,550,2020Q1
MSI,201,550,2020Q2
MSI,202,550,2020Q3
MSI,203,550,2020Q4
MSI,204,550,2021Q1
MSI,205,550,2021Q2
MSI,206,550,2021Q3
MSI,207,550,2021Q4
MSI,208,550,2022Q1
MSI,209,550,2022Q2
MSI,210,550,2022Q3
MSI,211,550,2022Q4
MSI,212,550,2023Q1
MSI,213,550,2023Q2
MSI,214,550,2023Q3
MSI,215,550,2023Q4
MSI,216,550,2024Q1
MSI,217,550,2024Q2
MSI,218,550,2024Q3
MSI,219,550,2024Q4
MSI,220,550,2025Q1
MSI,221,550,2025Q2
MSI,222,550,2025Q3
MSI,223,550,2025Q4
MSI,224,550,2026Q1
MSI,225,550,2026Q2
MTB,187,551,2016Q4
MTB,188,551,2017Q1
MTB,189,551,2017Q2
MTB,190,551,2017Q3
MTB,191,551,2017Q4
MTB,192,551,2018Q1
MTB,193,551,2018Q2
MTB,194,551,2018Q3
MTB,195,551,2018Q4
MTB,196,551,2019Q1
MTB,197,551,2019Q2
MTB,198,551,2019Q3
MTB,199,551,2019Q4
MTB,200,551,2020Q1
MTB,201,551,2020Q2
MTB,202,551,2020Q3
MTB,203,551,2020Q4
MTB,204,551,2021Q1
MTB,205,551,2021Q2
MTB,206,551,2021Q3
MTB,207,551,2021Q4
MTB,208,551,2022Q1
MTB,209,551,2022Q2
MTB,210,551,2022Q3
MTB,211,551,2022Q4
MTB,212,551,2023Q1
MTB,213,551,2023Q2
MTB,214,551,2023Q3
MTB,215,551,2023Q4
MTB,216,551,2024Q1
MTB,217,551,2024Q2
MTB,218,551,2024Q3
MTB,219,551,2024Q4
MTB,220,551,2025Q1
MTB,221,551,2025Q2
MTB,222,551,2025Q3
MTB,223,551,2025Q4
MTB,224,551,2026Q1
MTB,225,551,2026Q2
MTCH,206,552,2021Q3
MTCH,207,552,2021Q4
MTCH,208,552,2022Q1
MTCH,209,552,2022Q2
MTCH,210,552,2022Q3
MTCH,211,552,2022Q4
MTCH,212,552,2023Q1
MTCH,213,552,2023Q2
MTCH,214,552,2023Q3
MTCH,215,552,2023Q4
MTCH,216,552,2024Q1
MTCH,217,552,2024Q2
MTCH,218,552,2024Q3
MTCH,219,552,2024Q4
MTCH,220,552,2025Q1
MTCH,221,552,2025Q2
MTCH,222,552,2025Q3
MTCH,223,552,2025Q4
MTD,187,553,2016Q4
MTD,188,553,2017Q1
MTD,189,553,2017Q2
MTD,190,553,2017Q3
MTD,191,553,2017Q4
MTD,192,553,2018Q1
MTD,193,553,2018Q2
MTD,194,553,2018Q3
MTD,195,553,2018Q4
MTD,196,553,2019Q1
MTD,197,553,2019Q2
MTD,198,553,2019Q3
MTD,199,553,2019Q4
MTD,200,553,2020Q1
MTD,201,553,2020Q2
MTD,202,553,2020Q3
MTD,203,553,2020Q4
MTD,204,553,2021Q1
MTD,205,553,2021Q2
MTD,206,553,2021Q3
MTD,207,553,2021Q4
MTD,208,553,2022Q1
MTD,209,553,2022Q2
MTD,210,553,2022Q3
MTD,211,553,2022Q4
MTD,212,553,2023Q1
MTD,213,553,2023Q2
MTD,214,553,2023Q3
MTD,215,553,2023Q4
MTD,216,553,2024Q1
MTD,217,553,2024Q2
MTD,218,553,2024Q3
MTD,219,553,2024Q4
MTD,220,553,2025Q1
MTD,221,553,2025Q2
MTD,222,553,2025Q3
MTD,223,553,2025Q4
MTD,224,553,2026Q1
MTD,225,553,2026Q2
MU,187,554,2016Q4
MU,188,554,2017Q1
MU,189,554,2017Q2
MU,190,554,2017Q3
MU,191,554,2017Q4
MU,192,554,2018Q1
MU,193,554,2018Q2
MU,194,554,2018Q3
MU,195,554,2018Q4
MU,196,554,2019Q1
MU,197,554,2019Q2
MU,198,554,2019Q3
MU,199,554,2019Q4
MU,200,554,2020Q1
MU,201,554,2020Q2
MU,202,554,2020Q3
MU,203,554,2020Q4
MU,204,554,2021Q1
MU,205,554,2021Q2
MU,206,554,2021Q3
MU,207,554,2021Q4
MU,208,554,2022Q1
MU,209,554,2022Q2
MU,210,554,2022Q3
MU,211,554,2022Q4
MU,212,554,2023Q1
MU,213,554,2023Q2
MU,214,554,2023Q3
MU,215,554,2023Q4
MU,216,554,2024Q1
MU,217,554,2024Q2
MU,218,554,2024Q3
MU,219,554,2024Q4
MU,220,554,2025Q1
MU,221,554,2025Q2
MU,222,554,2025Q3
MU,223,554,2025Q4
MU,224,554,2026Q1
MU,225,554,2026Q2
MUR,187,555,2016Q4
MUR,188,555,2017Q1
MUR,189,555,2017Q2
MXIM,195,558,2018Q4
MXIM,196,558,2019Q1
MXIM,197,558,2019Q2
MXIM,198,558,2019Q3
MXIM,199,558,2019Q4
MXIM,200,558,2020Q1
MXIM,201,558,2020Q2
MXIM,202,558,2020Q3
MXIM,203,558,2020Q4
MXIM,204,558,2021Q1
MXIM,205,558,2021Q2
NAVI,187,559,2016Q4
NAVI,188,559,2017Q1
NAVI,189,559,2017Q2
NAVI,190,559,2017Q3
NAVI,191,559,2017Q4
NAVI,192,559,2018Q1
NBL,187,560,2016Q4
NBL,188,560,2017Q1
NBL,189,560,2017Q2
NBL,190,560,2017Q3
NBL,191,560,2017Q4
NBL,192,560,2018Q1
NBL,193,560,2018Q2
NBL,194,560,2018Q3
NBL,195,560,2018Q4
NBL,196,560,2019Q1
NBL,197,560,2019Q2
NBL,198,560,2019Q3
NBL,199,560,2019Q4
NBL,200,560,2020Q1
NBL,201,560,2020Q2
NBL,202,560,2020Q3
NCLH,191,562,2017Q4
NCLH,192,562,2018Q1
NCLH,193,562,2018Q2
NCLH,194,562,2018Q3
NCLH,195,562,2018Q4
NCLH,196,562,2019Q1
NCLH,197,562,2019Q2
NCLH,198,562,2019Q3
NCLH,199,562,2019Q4
NCLH,200,562,2020Q1
NCLH,201,562,2020Q2
NCLH,202,562,2020Q3
NCLH,203,562,2020Q4
NCLH,204,562,2021Q1
NCLH,205,562,2021Q2
NCLH,206,562,2021Q3
NCLH,207,562,2021Q4
NCLH,208,562,2022Q1
NCLH,209,562,2022Q2
NCLH,210,562,2022Q3
NCLH,211,562,2022Q4
NCLH,212,562,2023Q1
NCLH,213,562,2023Q2
NCLH,214,562,2023Q3
NCLH,215,562,2023Q4
NCLH,216,562,2024Q1
NCLH,217,562,2024Q2
NCLH,218,562,2024Q3
NCLH,219,562,2024Q4
NCLH,220,562,2025Q1
NCLH,221,562,2025Q2
NCLH,222,562,2025Q3
NCLH,223,562,2025Q4
NCLH,224,562,2026Q1
NCLH,225,562,2026Q2
NDAQ,187,564,2016Q4
NDAQ,188,564,2017Q1
NDAQ,189,564,2017Q2
NDAQ,190,564,2017Q3
NDAQ,191,564,2017Q4
NDAQ,192,564,2018Q1
NDAQ,193,564,2018Q2
NDAQ,194,564,2018Q3
NDAQ,195,564,2018Q4
NDAQ,196,564,2019Q1
NDAQ,197,564,2019Q2
NDAQ,198,564,2019Q3
NDAQ,199,564,2019Q4
NDAQ,200,564,2020Q1
NDAQ,201,564,2020Q2
NDAQ,202,564,2020Q3
NDAQ,203,564,2020Q4
NDAQ,204,564,2021Q1
NDAQ,205,564,2021Q2
NDAQ,206,564,2021Q3
NDAQ,207,564,2021Q4
NDAQ,208,564,2022Q1
NDAQ,209,564,2022Q2
NDAQ,210,564,2022Q3
NDAQ,211,564,2022Q4
NDAQ,212,564,2023Q1
NDAQ,213,564,2023Q2
NDAQ,214,564,2023Q3
NDAQ,215,564,2023Q4
NDAQ,216,564,2024Q1
NDAQ,217,564,2024Q2
NDAQ,218,564,2024Q3
NDAQ,219,564,2024Q4
NDAQ,220,564,2025Q1
NDAQ,221,564,2025Q2
NDAQ,222,564,2025Q3
NDAQ,223,564,2025Q4
NDAQ,224,564,2026Q1
NDAQ,225,564,2026Q2
NDSN,208,565,2022Q1
NDSN,209,565,2022Q2
NDSN,210,565,2022Q3
NDSN,211,565,2022Q4
NDSN,212,565,2023Q1
NDSN,213,565,2023Q2
NDSN,214,565,2023Q3
NDSN,215,565,2023Q4
NDSN,216,565,2024Q1
NDSN,217,565,2024Q2
NDSN,218,565,2024Q3
NDSN,219,565,2024Q4
NDSN,220,565,2025Q1
NDSN,221,565,2025Q2
NDSN,222,565,2025Q3
NDSN,223,565,2025Q4
NDSN,224,565,2026Q1
NDSN,225,565,2026Q2
NEE,187,567,2016Q4
NEE,188,567,2017Q1
NEE,189,567,2017Q2
NEE,190,567,2017Q3
NEE,191,567,2017Q4
NEE,192,567,2018Q1
NEE,193,567,2018Q2
NEE,194,567,2018Q3
NEE,195,567,2018Q4
NEE,196,567,2019Q1
NEE,197,567,2019Q2
NEE,198,567,2019Q3
NEE,199,567,2019Q4
NEE,200,567,2020Q1
NEE,201,567,2020Q2
NEE,202,567,2020Q3
NEE,203,567,2020Q4
NEE,204,567,2021Q1
NEE,205,567,2021Q2
NEE,206,567,2021Q3
NEE,207,567,2021Q4
NEE,208,567,2022Q1
NEE,209,567,2022Q2
NEE,210,567,2022Q3
NEE,211,567,2022Q4
NEE,212,567,2023Q1
NEE,213,567,2023Q2
NEE,214,567,2023Q3
NEE,215,567,2023Q4
NEE,216,567,2024Q1
NEE,217,567,2024Q2
NEE,218,567,2024Q3
NEE,219,567,2024Q4
NEE,220,567,2025Q1
NEE,221,567,2025Q2
NEE,222,567,2025Q3
NEE,223,567,2025Q4
NEE,224,567,2026Q1
NEE,225,567,2026Q2
NEM,187,568,2016Q4
NEM,188,568,2017Q1
NEM,189,568,2017Q2
NEM,190,568,2017Q3
NEM,191,568,2017Q4
NEM,192,568,2018Q1
NEM,193,568,2018Q2
NEM,194,568,2018Q3
NEM,195,568,2018Q4
NEM,196,568,2019Q1
NEM,197,568,2019Q2
NEM,198,568,2019Q3
NEM,199,568,2019Q4
NEM,200,568,2020Q1
NEM,201,568,2020Q2
NEM,202,568,2020Q3
NEM,203,568,2020Q4
NEM,204,568,2021Q1
NEM,205,568,2021Q2
NEM,206,568,2021Q3
NEM,207,568,2021Q4
NEM,208,568,2022Q1
NEM,209,568,2022Q2
NEM,210,568,2022Q3
NEM,211,568,2022Q4
NEM,212,568,2023Q1
NEM,213,568,2023Q2
NEM,214,568,2023Q3
NEM,215,568,2023Q4
NEM,216,568,2024Q1
NEM,217,568,2024Q2
NEM,218,568,2024Q3
NEM,219,568,2024Q4
NEM,220,568,2025Q1
NEM,221,568,2025Q2
NEM,222,568,2025Q3
NEM,223,568,2025Q4
NEM,224,568,2026Q1
NEM,225,568,2026Q2
NFLX,187,569,2016Q4
NFLX,188,569,2017Q1
NFLX,189,569,2017Q2
NFLX,190,569,2017Q3
NFLX,191,569,2017Q4
NFLX,192,569,2018Q1
NFLX,193,569,2018Q2
NFLX,194,569,2018Q3
NFLX,195,569,2018Q4
NFLX,196,569,2019Q1
NFLX,197,569,2019Q2
NFLX,198,569,2019Q3
NFLX,199,569,2019Q4
NFLX,200,569,2020Q1
NFLX,201,569,2020Q2
NFLX,202,569,2020Q3
NFLX,203,569,2020Q4
NFLX,204,569,2021Q1
NFLX,205,569,2021Q2
NFLX,206,569,2021Q3
NFLX,207,569,2021Q4
NFLX,208,569,2022Q1
NFLX,209,569,2022Q2
NFLX,210,569,2022Q3
NFLX,211,569,2022Q4
NFLX,212,569,2023Q1
NFLX,213,569,2023Q2
NFLX,214,569,2023Q3
NFLX,215,569,2023Q4
NFLX,216,569,2024Q1
NFLX,217,569,2024Q2
NFLX,218,569,2024Q3
NFLX,219,569,2024Q4
NFLX,220,569,2025Q1
NFLX,221,569,2025Q2
NFLX,222,569,2025Q3
NFLX,223,569,2025Q4
NFLX,224,569,2026Q1
NFLX,225,569,2026Q2
NFX,187,570,2016Q4
NFX,188,570,2017Q1
NFX,189,570,2017Q2
NFX,190,570,2017Q3
NFX,191,570,2017Q4
NFX,192,570,2018Q1
NFX,193,570,2018Q2
NFX,194,570,2018Q3
NFX,195,570,2018Q4
NI,187,571,2016Q4
NI,188,571,2017Q1
NI,189,571,2017Q2
NI,190,571,2017Q3
NI,191,571,2017Q4
NI,192,571,2018Q1
NI,193,571,2018Q2
NI,194,571,2018Q3
NI,195,571,2018Q4
NI,196,571,2019Q1
NI,197,571,2019Q2
NI,198,571,2019Q3
NI,199,571,2019Q4
NI,200,571,2020Q1
NI,201,571,2020Q2
NI,202,571,2020Q3
NI,203,571,2020Q4
NI,204,571,2021Q1
NI,205,571,2021Q2
NI,206,571,2021Q3
NI,207,571,2021Q4
NI,208,571,2022Q1
NI,209,571,2022Q2
NI,210,571,2022Q3
NI,211,571,2022Q4
NI,212,571,2023Q1
NI,213,571,2023Q2
NI,214,571,2023Q3
NI,215,571,2023Q4
NI,216,571,2024Q1
NI,217,571,2024Q2
NI,218,571,2024Q3
NI,219,571,2024Q4
NI,220,571,2025Q1
NI,221,571,2025Q2
NI,222,571,2025Q3
NI,223,571,2025Q4
NI,224,571,2026Q1
NI,225,571,2026Q2
NKE,187,572,2016Q4
NKE,188,572,2017Q1
NKE,189,572,2017Q2
NKE,190,572,2017Q3
NKE,191,572,2017Q4
NKE,192,572,2018Q1
NKE,193,572,2018Q2
NKE,194,572,2018Q3
NKE,195,572,2018Q4
NKE,196,572,2019Q1
NKE,197,572,2019Q2
NKE,198,572,2019Q3
NKE,199,572,2019Q4
NKE,200,572,2020Q1
NKE,201,572,2020Q2
NKE,202,572,2020Q3
NKE,203,572,2020Q4
NKE,204,572,2021Q1
NKE,205,572,2021Q2
NKE,206,572,2021Q3
NKE,207,572,2021Q4
NKE,208,572,2022Q1
NKE,209,572,2022Q2
NKE,210,572,2022Q3
NKE,211,572,2022Q4
NKE,212,572,2023Q1
NKE,213,572,2023Q2
NKE,214,572,2023Q3
NKE,215,572,2023Q4
NKE,216,572,2024Q1
NKE,217,572,2024Q2
NKE,218,572,2024Q3
NKE,219,572,2024Q4
NKE,220,572,2025Q1
NKE,221,572,2025Q2
NKE,222,572,2025Q3
NKE,223,572,2025Q4
NKE,224,572,2026Q1
NKE,225,572,2026Q2
NKTR,192,573,2018Q1
NKTR,193,573,2018Q2
NKTR,194,573,2018Q3
NKTR,195,573,2018Q4
NKTR,196,573,2019Q1
NKTR,197,573,2019Q2
NKTR,198,573,2019Q3
NLSN,187,574,2016Q4
NLSN,188,574,2017Q1
NLSN,189,574,2017Q2
NLSN,190,574,2017Q3
NLSN,191,574,2017Q4
NLSN,192,574,2018Q1
NLSN,193,574,2018Q2
NLSN,194,574,2018Q3
NLSN,195,574,2018Q4
NLSN,196,574,2019Q1
NLSN,197,574,2019Q2
NLSN,198,574,2019Q3
NLSN,199,574,2019Q4
NLSN,200,574,2020Q1
NLSN,201,574,2020Q2
NLSN,202,574,2020Q3
NLSN,203,574,2020Q4
NLSN,204,574,2021Q1
NLSN,205,574,2021Q2
NLSN,206,574,2021Q3
NLSN,207,574,2021Q4
NLSN,208,574,2022Q1
NLSN,209,574,2022Q2
NLSN,210,574,2022Q3
NOC,187,575,2016Q4
NOC,188,575,2017Q1
NOC,189,575,2017Q2
NOC,190,575,2017Q3
NOC,191,575,2017Q4
NOC,192,575,2018Q1
NOC,193,575,2018Q2
NOC,194,575,2018Q3
NOC,195,575,2018Q4
NOC,196,575,2019Q1
NOC,197,575,2019Q2
NOC,198,575,2019Q3
NOC,199,575,2019Q4
NOC,200,575,2020Q1
NOC,201,575,2020Q2
NOC,202,575,2020Q3
NOC,203,575,2020Q4
NOC,204,575,2021Q1
NOC,205,575,2021Q2
NOC,206,575,2021Q3
NOC,207,575,2021Q4
NOC,208,575,2022Q1
NOC,209,575,2022Q2
NOC,210,575,2022Q3
NOC,211,575,2022Q4
NOC,212,575,2023Q1
NOC,213,575,2023Q2
NOC,214,575,2023Q3
NOC,215,575,2023Q4
NOC,216,575,2024Q1
NOC,217,575,2024Q2
NOC,218,575,2024Q3
NOC,219,575,2024Q4
NOC,220,575,2025Q1
NOC,221,575,2025Q2
NOC,222,575,2025Q3
NOC,223,575,2025Q4
NOC,224,575,2026Q1
NOC,225,575,2026Q2
NOV,187,576,2016Q4
NOV,188,576,2017Q1
NOV,189,576,2017Q2
NOV,190,576,2017Q3
NOV,191,576,2017Q4
NOV,192,576,2018Q1
NOV,193,576,2018Q2
NOV,194,576,2018Q3
NOV,195,576,2018Q4
NOV,196,576,2019Q1
NOV,197,576,2019Q2
NOV,198,576,2019Q3
NOV,199,576,2019Q4
NOV,200,576,2020Q1
NOV,201,576,2020Q2
NOV,202,576,2020Q3
NOV,203,576,2020Q4
NOV,204,576,2021Q1
NOV,205,576,2021Q2
NOW,199,578,2019Q4
NOW,200,578,2020Q1
NOW,201,578,2020Q2
NOW,202,578,2020Q3
NOW,203,578,2020Q4
NOW,204,578,2021Q1
NOW,205,578,2021Q2
NOW,206,578,2021Q3
NOW,207,578,2021Q4
NOW,208,578,2022Q1
NOW,209,578,2022Q2
NOW,210,578,2022Q3
NOW,211,578,2022Q4
NOW,212,578,2023Q1
NOW,213,578,2023Q2
NOW,214,578,2023Q3
NOW,215,578,2023Q4
NOW,216,578,2024Q1
NOW,217,578,2024Q2
NOW,218,578,2024Q3
NOW,219,578,2024Q4
NOW,220,578,2025Q1
NOW,221,578,2025Q2
NOW,222,578,2025Q3
NOW,223,578,2025Q4
NOW,224,578,2026Q1
NOW,225,578,2026Q2
NRG,187,579,2016Q4
NRG,188,579,2017Q1
NRG,189,579,2017Q2
NRG,190,579,2017Q3
NRG,191,579,2017Q4
NRG,192,579,2018Q1
NRG,193,579,2018Q2
NRG,194,579,2018Q3
NRG,195,579,2018Q4
NRG,196,579,2019Q1
NRG,197,579,2019Q2
NRG,198,579,2019Q3
NRG,199,579,2019Q4
NRG,200,579,2020Q1
NRG,201,579,2020Q2
NRG,202,579,2020Q3
NRG,203,579,2020Q4
NRG,204,579,2021Q1
NRG,205,579,2021Q2
NRG,206,579,2021Q3
NRG,207,579,2021Q4
NRG,208,579,2022Q1
NRG,209,579,2022Q2
NRG,210,579,2022Q3
NRG,211,579,2022Q4
NRG,212,579,2023Q1
NRG,213,579,2023Q2
NRG,214,579,2023Q3
NRG,215,579,2023Q4
NRG,216,579,2024Q1
NRG,217,579,2024Q2
NRG,218,579,2024Q3
NRG,219,579,2024Q4
NRG,220,579,2025Q1
NRG,221,579,2025Q2
NRG,222,579,2025Q3
NRG,223,579,2025Q4
NRG,224,579,2026Q1
NRG,225,579,2026Q2
NSC,187,580,2016Q4
NSC,188,580,2017Q1
NSC,189,580,2017Q2
NSC,190,580,2017Q3
NSC,191,580,2017Q4
NSC,192,580,2018Q1
NSC,193,580,2018Q2
NSC,194,580,2018Q3
NSC,195,580,2018Q4
NSC,196,580,2019Q1
NSC,197,580,2019Q2
NSC,198,580,2019Q3
NSC,199,580,2019Q4
NSC,200,580,2020Q1
NSC,201,580,2020Q2
NSC,202,580,2020Q3
NSC,203,580,2020Q4
NSC,204,580,2021Q1
NSC,205,580,2021Q2
NSC,206,580,2021Q3
NSC,207,580,2021Q4
NSC,208,580,2022Q1
NSC,209,580,2022Q2
NSC,210,580,2022Q3
NSC,211,580,2022Q4
NSC,212,580,2023Q1
NSC,213,580,2023Q2
NSC,214,580,2023Q3
NSC,215,580,2023Q4
NSC,216,580,2024Q1
NSC,217,580,2024Q2
NSC,218,580,2024Q3
NSC,219,580,2024Q4
NSC,220,580,2025Q1
NSC,221,580,2025Q2
NSC,222,580,2025Q3
NSC,223,580,2025Q4
NSC,224,580,2026Q1
NSC,225,580,2026Q2
NTAP,187,582,2016Q4
NTAP,188,582,2017Q1
NTAP,189,582,2017Q2
NTAP,190,582,2017Q3
NTAP,191,582,2017Q4
NTAP,192,582,2018Q1
NTAP,193,582,2018Q2
NTAP,194,582,2018Q3
NTAP,195,582,2018Q4
NTAP,196,582,2019Q1
NTAP,197,582,2019Q2
NTAP,198,582,2019Q3
NTAP,199,582,2019Q4
NTAP,200,582,2020Q1
NTAP,201,582,2020Q2
NTAP,202,582,2020Q3
NTAP,203,582,2020Q4
NTAP,204,582,2021Q1
NTAP,205,582,2021Q2
NTAP,206,582,2021Q3
NTAP,207,582,2021Q4
NTAP,208,582,2022Q1
NTAP,209,582,2022Q2
NTAP,210,582,2022Q3
NTAP,211,582,2022Q4
NTAP,212,582,2023Q1
NTAP,213,582,2023Q2
NTAP,214,582,2023Q3
NTAP,215,582,2023Q4
NTAP,216,582,2024Q1
NTAP,217,582,2024Q2
NTAP,218,582,2024Q3
NTAP,219,582,2024Q4
NTAP,220,582,2025Q1
NTAP,221,582,2025Q2
NTAP,222,582,2025Q3
NTAP,223,582,2025Q4
NTAP,224,582,2026Q1
NTAP,225,582,2026Q2
NTRS,187,583,2016Q4
NTRS,188,583,2017Q1
NTRS,189,583,2017Q2
NTRS,190,583,2017Q3
NTRS,191,583,2017Q4
NTRS,192,583,2018Q1
NTRS,193,583,2018Q2
NTRS,194,583,2018Q3
NTRS,195,583,2018Q4
NTRS,196,583,2019Q1
NTRS,197,583,2019Q2
NTRS,198,583,2019Q3
NTRS,199,583,2019Q4
NTRS,200,583,2020Q1
NTRS,201,583,2020Q2
NTRS,202,583,2020Q3
NTRS,203,583,2020Q4
NTRS,204,583,2021Q1
NTRS,205,583,2021Q2
NTRS,206,583,2021Q3
NTRS,207,583,2021Q4
NTRS,208,583,2022Q1
NTRS,209,583,2022Q2
NTRS,210,583,2022Q3
NTRS,211,583,2022Q4
NTRS,212,583,2023Q1
NTRS,213,583,2023Q2
NTRS,214,583,2023Q3
NTRS,215,583,2023Q4
NTRS,216,583,2024Q1
NTRS,217,583,2024Q2
NTRS,218,583,2024Q3
NTRS,219,583,2024Q4
NTRS,220,583,2025Q1
NTRS,221,583,2025Q2
NTRS,222,583,2025Q3
NTRS,223,583,2025Q4
NTRS,224,583,2026Q1
NTRS,225,583,2026Q2
NUE,187,584,2016Q4
NUE,188,584,2017Q1
NUE,189,584,2017Q2
NUE,190,584,2017Q3
NUE,191,584,2017Q4
NUE,192,584,2018Q1
NUE,193,584,2018Q2
NUE,194,584,2018Q3
NUE,195,584,2018Q4
NUE,196,584,2019Q1
NUE,197,584,2019Q2
NUE,198,584,2019Q3
NUE,199,584,2019Q4
NUE,200,584,2020Q1
NUE,201,584,2020Q2
NUE,202,584,2020Q3
NUE,203,584,2020Q4
NUE,204,584,2021Q1
NUE,205,584,2021Q2
NUE,206,584,2021Q3
NUE,207,584,2021Q4
NUE,208,584,2022Q1
NUE,209,584,2022Q2
NUE,210,584,2022Q3
NUE,211,584,2022Q4
NUE,212,584,2023Q1
NUE,213,584,2023Q2
NUE,214,584,2023Q3
NUE,215,584,2023Q4
NUE,216,584,2024Q1
NUE,217,584,2024Q2
NUE,218,584,2024Q3
NUE,219,584,2024Q4
NUE,220,584,2025Q1
NUE,221,584,2025Q2
NUE,222,584,2025Q3
NUE,223,584,2025Q4
NUE,224,584,2026Q1
NUE,225,584,2026Q2
NVDA,187,585,2016Q4
NVDA,188,585,2017Q1
NVDA,189,585,2017Q2
NVDA,190,585,2017Q3
NVDA,191,585,2017Q4
NVDA,192,585,2018Q1
NVDA,193,585,2018Q2
NVDA,194,585,2018Q3
NVDA,195,585,2018Q4
NVDA,196,585,2019Q1
NVDA,197,585,2019Q2
NVDA,198,585,2019Q3
NVDA,199,585,2019Q4
NVDA,200,585,2020Q1
NVDA,201,585,2020Q2
NVDA,202,585,2020Q3
NVDA,203,585,2020Q4
NVDA,204,585,2021Q1
NVDA,205,585,2021Q2
NVDA,206,585,2021Q3
NVDA,207,585,2021Q4
NVDA,208,585,2022Q1
NVDA,209,585,2022Q2
NVDA,210,585,2022Q3
NVDA,211,585,2022Q4
NVDA,212,585,2023Q1
NVDA,213,585,2023Q2
NVDA,214,585,2023Q3
NVDA,215,585,2023Q4
NVDA,216,585,2024Q1
NVDA,217,585,2024Q2
NVDA,218,585,2024Q3
NVDA,219,585,2024Q4
NVDA,220,585,2025Q1
NVDA,221,585,2025Q2
NVDA,222,585,2025Q3
NVDA,223,585,2025Q4
NVDA,224,585,2026Q1
NVDA,225,585,2026Q2
NVR,198,587,2019Q3
NVR,199,587,2019Q4
NVR,200,587,2020Q1
NVR,201,587,2020Q2
NVR,202,587,2020Q3
NVR,203,587,2020Q4
NVR,204,587,2021Q1
NVR,205,587,2021Q2
NVR,206,587,2021Q3
NVR,207,587,2021Q4
NVR,208,587,2022Q1
NVR,209,587,2022Q2
NVR,210,587,2022Q3
NVR,211,587,2022Q4
NVR,212,587,2023Q1
NVR,213,587,2023Q2
NVR,214,587,2023Q3
NVR,215,587,2023Q4
NVR,216,587,2024Q1
NVR,217,587,2024Q2
NVR,218,587,2024Q3
NVR,219,587,2024Q4
NVR,220,587,2025Q1
NVR,221,587,2025Q2
NVR,222,587,2025Q3
NVR,223,587,2025Q4
NVR,224,587,2026Q1
NVR,225,587,2026Q2
NWL,187,588,2016Q4
NWL,188,588,2017Q1
NWL,189,588,2017Q2
NWL,190,588,2017Q3
NWL,191,588,2017Q4
NWL,192,588,2018Q1
NWL,193,588,2018Q2
NWL,194,588,2018Q3
NWL,195,588,2018Q4
NWL,196,588,2019Q1
NWL,197,588,2019Q2
NWL,198,588,2019Q3
NWL,199,588,2019Q4
NWL,200,588,2020Q1
NWL,201,588,2020Q2
NWL,202,588,2020Q3
NWL,203,588,2020Q4
NWL,204,588,2021Q1
NWL,205,588,2021Q2
NWL,206,588,2021Q3
NWL,207,588,2021Q4
NWL,208,588,2022Q1
NWL,209,588,2022Q2
NWL,210,588,2022Q3
NWL,211,588,2022Q4
NWL,212,588,2023Q1
NWL,213,588,2023Q2
NWS,187,589,2016Q4
NWS,188,589,2017Q1
NWS,189,589,2017Q2
NWS,190,589,2017Q3
NWS,191,589,2017Q4
NWS,192,589,2018Q1
NWS,193,589,2018Q2
NWS,194,589,2018Q3
NWS,195,589,2018Q4
NWS,196,589,2019Q1
NWS,197,589,2019Q2
NWS,198,589,2019Q3
NWS,199,589,2019Q4
NWS,200,589,2020Q1
NWS,201,589,2020Q2
NWS,202,589,2020Q3
NWS,203,589,2020Q4
NWS,204,589,2021Q1
NWS,205,589,2021Q2
NWS,206,589,2021Q3
NWS,207,589,2021Q4
NWS,208,589,2022Q1
NWS,209,589,2022Q2
NWS,210,589,2022Q3
NWS,211,589,2022Q4
NWS,212,589,2023Q1
NWS,213,589,2023Q2
NWS,214,589,2023Q3
NWS,215,589,2023Q4
NWS,216,589,2024Q1
NWS,217,589,2024Q2
NWS,218,589,2024Q3
NWS,219,589,2024Q4
NWS,220,589,2025Q1
NWS,221,589,2025Q2
NWS,222,589,2025Q3
NWS,223,589,2025Q4
NWS,224,589,2026Q1
NWS,225,589,2026Q2
NWSA,187,590,2016Q4
NWSA,188,590,2017Q1
NWSA,189,590,2017Q2
NWSA,190,590,2017Q3
NWSA,191,590,2017Q4
NWSA,192,590,2018Q1
NWSA,193,590,2018Q2
NWSA,194,590,2018Q3
NWSA,195,590,2018Q4
NWSA,196,590,2019Q1
NWSA,197,590,2019Q2
NWSA,198,590,2019Q3
NWSA,199,590,2019Q4
NWSA,200,590,2020Q1
NWSA,201,590,2020Q2
NWSA,202,590,2020Q3
NWSA,203,590,2020Q4
NWSA,204,590,2021Q1
NWSA,205,590,2021Q2
NWSA,206,590,2021Q3
NWSA,207,590,2021Q4
NWSA,208,590,2022Q1
NWSA,209,590,2022Q2
NWSA,210,590,2022Q3
NWSA,211,590,2022Q4
NWSA,212,590,2023Q1
NWSA,213,590,2023Q2
NWSA,214,590,2023Q3
NWSA,215,590,2023Q4
NWSA,216,590,2024Q1
NWSA,217,590,2024Q2
NWSA,218,590,2024Q3
NWSA,219,590,2024Q4
NWSA,220,590,2025Q1
NWSA,221,590,2025Q2
NWSA,222,590,2025Q3
NWSA,223,590,2025Q4
NWSA,224,590,2026Q1
NWSA,225,590,2026Q2
NXPI,204,591,2021Q1
NXPI,205,591,2021Q2
NXPI,206,591,2021Q3
NXPI,207,591,2021Q4
NXPI,208,591,2022Q1
NXPI,209,591,2022Q2
NXPI,210,591,2022Q3
NXPI,211,591,2022Q4
NXPI,212,591,2023Q1
NXPI,213,591,2023Q2
NXPI,214,591,2023Q3
NXPI,215,591,2023Q4
NXPI,216,591,2024Q1
NXPI,217,591,2024Q2
NXPI,218,591,2024Q3
NXPI,219,591,2024Q4
NXPI,220,591,2025Q1
NXPI,221,591,2025Q2
NXPI,222,591,2025Q3
NXPI,223,591,2025Q4
NXPI,224,591,2026Q1
NXPI,225,591,2026Q2
O,187,594,2016Q4
O,188,594,2017Q1
O,189,594,2017Q2
O,190,594,2017Q3
O,191,594,2017Q4
O,192,594,2018Q1
O,193,594,2018Q2
O,194,594,2018Q3
O,195,594,2018Q4
O,196,594,2019Q1
O,197,594,2019Q2
O,198,594,2019Q3
O,199,594,2019Q4
O,200,594,2020Q1
O,201,594,2020Q2
O,202,594,2020Q3
O,203,594,2020Q4
O,204,594,2021Q1
O,205,594,2021Q2
O,206,594,2021Q3
O,207,594,2021Q4
O,208,594,2022Q1
O,209,594,2022Q2
O,210,594,2022Q3
O,211,594,2022Q4
O,212,594,2023Q1
O,213,594,2023Q2
O,214,594,2023Q3
O,215,594,2023Q4
O,216,594,2024Q1
O,217,594,2024Q2
O,218,594,2024Q3
O,219,594,2024Q4
O,220,594,2025Q1
O,221,594,2025Q2
O,222,594,2025Q3
O,223,594,2025Q4
O,224,594,2026Q1
O,225,594,2026Q2
ODFL,199,595,2019Q4
ODFL,200,595,2020Q1
ODFL,201,595,2020Q2
ODFL,202,595,2020Q3
ODFL,203,595,2020Q4
ODFL,204,595,2021Q1
ODFL,205,595,2021Q2
ODFL,206,595,2021Q3
ODFL,207,595,2021Q4
ODFL,208,595,2022Q1
ODFL,209,595,2022Q2
ODFL,210,595,2022Q3
ODFL,211,595,2022Q4
ODFL,212,595,2023Q1
ODFL,213,595,2023Q2
ODFL,214,595,2023Q3
ODFL,215,595,2023Q4
ODFL,216,595,2024Q1
ODFL,217,595,2024Q2
ODFL,218,595,2024Q3
ODFL,219,595,2024Q4
ODFL,220,595,2025Q1
ODFL,221,595,2025Q2
ODFL,222,595,2025Q3
ODFL,223,595,2025Q4
ODFL,224,595,2026Q1
ODFL,225,595,2026Q2
OGN,205,597,2021Q2
OGN,206,597,2021Q3
OGN,207,597,2021Q4
OGN,208,597,2022Q1
OGN,209,597,2022Q2
OGN,210,597,2022Q3
OGN,211,597,2022Q4
OGN,212,597,2023Q1
OGN,213,597,2023Q2
OGN,214,597,2023Q3
OKE,187,600,2016Q4
OKE,188,600,2017Q1
OKE,189,600,2017Q2
OKE,190,600,2017Q3
OKE,191,600,2017Q4
OKE,192,600,2018Q1
OKE,193,600,2018Q2
OKE,194,600,2018Q3
OKE,195,600,2018Q4
OKE,196,600,2019Q1
OKE,197,600,2019Q2
OKE,198,600,2019Q3
OKE,199,600,2019Q4
OKE,200,600,2020Q1
OKE,201,600,2020Q2
OKE,202,600,2020Q3
OKE,203,600,2020Q4
OKE,204,600,2021Q1
OKE,205,600,2021Q2
OKE,206,600,2021Q3
OKE,207,600,2021Q4
OKE,208,600,2022Q1
OKE,209,600,2022Q2
OKE,210,600,2022Q3
OKE,211,600,2022Q4
OKE,212,600,2023Q1
OKE,213,600,2023Q2
OKE,214,600,2023Q3
OKE,215,600,2023Q4
OKE,216,600,2024Q1
OKE,217,600,2024Q2
OKE,218,600,2024Q3
OKE,219,600,2024Q4
OKE,220,600,2025Q1
OKE,221,600,2025Q2
OKE,222,600,2025Q3
OKE,223,600,2025Q4
OKE,224,600,2026Q1
OKE,225,600,2026Q2
OMC,187,601,2016Q4
OMC,188,601,2017Q1
OMC,189,601,2017Q2
OMC,190,601,2017Q3
OMC,191,601,2017Q4
OMC,192,601,2018Q1
OMC,193,601,2018Q2
OMC,194,601,2018Q3
OMC,195,601,2018Q4
OMC,196,601,2019Q1
OMC,197,601,2019Q2
OMC,198,601,2019Q3
OMC,199,601,2019Q4
OMC,200,601,2020Q1
OMC,201,601,2020Q2
OMC,202,601,2020Q3
OMC,203,601,2020Q4
OMC,204,601,2021Q1
OMC,205,601,2021Q2
OMC,206,601,2021Q3
OMC,207,601,2021Q4
OMC,208,601,2022Q1
OMC,209,601,2022Q2
OMC,210,601,2022Q3
OMC,211,601,2022Q4
OMC,212,601,2023Q1
OMC,213,601,2023Q2
OMC,214,601,2023Q3
OMC,215,601,2023Q4
OMC,216,601,2024Q1
OMC,217,601,2024Q2
OMC,218,601,2024Q3
OMC,219,601,2024Q4
OMC,220,601,2025Q1
OMC,221,601,2025Q2
OMC,222,601,2025Q3
OMC,223,601,2025Q4
OMC,224,601,2026Q1
OMC,225,601,2026Q2
ON,209,603,2022Q2
ON,210,603,2022Q3
ON,211,603,2022Q4
ON,212,603,2023Q1
ON,213,603,2023Q2
ON,214,603,2023Q3
ON,215,603,2023Q4
ON,216,603,2024Q1
ON,217,603,2024Q2
ON,218,603,2024Q3
ON,219,603,2024Q4
ON,220,603,2025Q1
ON,221,603,2025Q2
ON,222,603,2025Q3
ON,223,603,2025Q4
ON,224,603,2026Q1
ON,225,603,2026Q2
ORCL,187,604,2016Q4
ORCL,188,604,2017Q1
ORCL,189,604,2017Q2
ORCL,190,604,2017Q3
ORCL,191,604,2017Q4
ORCL,192,604,2018Q1
ORCL,193,604,2018Q2
ORCL,194,604,2018Q3
ORCL,195,604,2018Q4
ORCL,196,604,2019Q1
ORCL,197,604,2019Q2
ORCL,198,604,2019Q3
ORCL,199,604,2019Q4
ORCL,200,604,2020Q1
ORCL,201,604,2020Q2
ORCL,202,604,2020Q3
ORCL,203,604,2020Q4
ORCL,204,604,2021Q1
ORCL,205,604,2021Q2
ORCL,206,604,2021Q3
ORCL,207,604,2021Q4
ORCL,208,604,2022Q1
ORCL,209,604,2022Q2
ORCL,210,604,2022Q3
ORCL,211,604,2022Q4
ORCL,212,604,2023Q1
ORCL,213,604,2023Q2
ORCL,214,604,2023Q3
ORCL,215,604,2023Q4
ORCL,216,604,2024Q1
ORCL,217,604,2024Q2
ORCL,218,604,2024Q3
ORCL,219,604,2024Q4
ORCL,220,604,2025Q1
ORCL,221,604,2025Q2
ORCL,222,604,2025Q3
ORCL,223,604,2025Q4
ORCL,224,604,2026Q1
ORCL,225,604,2026Q2
ORLY,187,605,2016Q4
ORLY,188,605,2017Q1
ORLY,189,605,2017Q2
ORLY,190,605,2017Q3
ORLY,191,605,2017Q4
ORLY,192,605,2018Q1
ORLY,193,605,2018Q2
ORLY,194,605,2018Q3
ORLY,195,605,2018Q4
ORLY,196,605,2019Q1
ORLY,197,605,2019Q2
ORLY,198,605,2019Q3
ORLY,199,605,2019Q4
ORLY,200,605,2020Q1
ORLY,201,605,2020Q2
ORLY,202,605,2020Q3
ORLY,203,605,2020Q4
ORLY,204,605,2021Q1
ORLY,205,605,2021Q2
ORLY,206,605,2021Q3
ORLY,207,605,2021Q4
ORLY,208,605,2022Q1
ORLY,209,605,2022Q2
ORLY,210,605,2022Q3
ORLY,211,605,2022Q4
ORLY,212,605,2023Q1
ORLY,213,605,2023Q2
ORLY,214,605,2023Q3
ORLY,215,605,2023Q4
ORLY,216,605,2024Q1
ORLY,217,605,2024Q2
ORLY,218,605,2024Q3
ORLY,219,605,2024Q4
ORLY,220,605,2025Q1
ORLY,221,605,2025Q2
ORLY,222,605,2025Q3
ORLY,223,605,2025Q4
ORLY,224,605,2026Q1
ORLY,225,605,2026Q2
OTIS,201,606,2020Q2
OTIS,202,606,2020Q3
OTIS,203,606,2020Q4
OTIS,204,606,2021Q1
OTIS,205,606,2021Q2
OTIS,206,606,2021Q3
OTIS,207,606,2021Q4
OTIS,208,606,2022Q1
OTIS,209,606,2022Q2
OTIS,210,606,2022Q3
OTIS,211,606,2022Q4
OTIS,212,606,2023Q1
OTIS,213,606,2023Q2
OTIS,214,606,2023Q3
OTIS,215,606,2023Q4
OTIS,216,606,2024Q1
OTIS,217,606,2024Q2
OTIS,218,606,2024Q3
OTIS,219,606,2024Q4
OTIS,220,606,2025Q1
OTIS,221,606,2025Q2
OTIS,222,606,2025Q3
OTIS,223,606,2025Q4
OTIS,224,606,2026Q1
OTIS,225,606,2026Q2
OXY,187,607,2016Q4
OXY,188,607,2017Q1
OXY,189,607,2017Q2
OXY,190,607,2017Q3
OXY,191,607,2017Q4
OXY,192,607,2018Q1
OXY,193,607,2018Q2
OXY,194,607,2018Q3
OXY,195,607,2018Q4
OXY,196,607,2019Q1
OXY,197,607,2019Q2
OXY,198,607,2019Q3
OXY,199,607,2019Q4
OXY,200,607,2020Q1
OXY,201,607,2020Q2
OXY,202,607,2020Q3
OXY,203,607,2020Q4
OXY,204,607,2021Q1
OXY,205,607,2021Q2
OXY,206,607,2021Q3
OXY,207,607,2021Q4
OXY,208,607,2022Q1
OXY,209,607,2022Q2
OXY,210,607,2022Q3
OXY,211,607,2022Q4
OXY,212,607,2023Q1
OXY,213,607,2023Q2
OXY,214,607,2023Q3
OXY,215,607,2023Q4
OXY,216,607,2024Q1
OXY,217,607,2024Q2
OXY,218,607,2024Q3
OXY,219,607,2024Q4
OXY,220,607,2025Q1
OXY,221,607,2025Q2
OXY,222,607,2025Q3
OXY,223,607,2025Q4
OXY,224,607,2026Q1
OXY,225,607,2026Q2
PANW,213,608,2023Q2
PANW,214,608,2023Q3
PANW,215,608,2023Q4
PANW,216,608,2024Q1
PANW,217,608,2024Q2
PANW,218,608,2024Q3
PANW,219,608,2024Q4
PANW,220,608,2025Q1
PANW,221,608,2025Q2
PANW,222,608,2025Q3
PANW,223,608,2025Q4
PANW,224,608,2026Q1
PANW,225,608,2026Q2
PAYC,200,609,2020Q1
PAYC,201,609,2020Q2
PAYC,202,609,2020Q3
PAYC,203,609,2020Q4
PAYC,204,609,2021Q1
PAYC,205,609,2021Q2
PAYC,206,609,2021Q3
PAYC,207,609,2021Q4
PAYC,208,609,2022Q1
PAYC,209,609,2022Q2
PAYC,210,609,2022Q3
PAYC,211,609,2022Q4
PAYC,212,609,2023Q1
PAYC,213,609,2023Q2
PAYC,214,609,2023Q3
PAYC,215,609,2023Q4
PAYC,216,609,2024Q1
PAYC,217,609,2024Q2
PAYC,218,609,2024Q3
PAYC,219,609,2024Q4
PAYC,220,609,2025Q1
PAYC,221,609,2025Q2
PAYC,222,609,2025Q3
PAYC,223,609,2025Q4
PAYX,187,610,2016Q4
PAYX,188,610,2017Q1
PAYX,189,610,2017Q2
PAYX,190,610,2017Q3
PAYX,191,610,2017Q4
PAYX,192,610,2018Q1
PAYX,193,610,2018Q2
PAYX,194,610,2018Q3
PAYX,195,610,2018Q4
PAYX,196,610,2019Q1
PAYX,197,610,2019Q2
PAYX,198,610,2019Q3
PAYX,199,610,2019Q4
PAYX,200,610,2020Q1
PAYX,201,610,2020Q2
PAYX,202,610,2020Q3
PAYX,203,610,2020Q4
PAYX,204,610,2021Q1
PAYX,205,610,2021Q2
PAYX,206,610,2021Q3
PAYX,207,610,2021Q4
PAYX,208,610,2022Q1
PAYX,209,610,2022Q2
PAYX,210,610,2022Q3
PAYX,211,610,2022Q4
PAYX,212,610,2023Q1
PAYX,213,610,2023Q2
PAYX,214,610,2023Q3
PAYX,215,610,2023Q4
PAYX,216,610,2024Q1
PAYX,217,610,2024Q2
PAYX,218,610,2024Q3
PAYX,219,610,2024Q4
PAYX,220,610,2025Q1
PAYX,221,610,2025Q2
PAYX,222,610,2025Q3
PAYX,223,610,2025Q4
PAYX,224,610,2026Q1
PAYX,225,610,2026Q2
PBCT,187,611,2016Q4
PBCT,188,611,2017Q1
PBCT,189,611,2017Q2
PBCT,190,611,2017Q3
PBCT,191,611,2017Q4
PBCT,192,611,2018Q1
PBCT,193,611,2018Q2
PBCT,194,611,2018Q3
PBCT,195,611,2018Q4
PBCT,196,611,2019Q1
PBCT,197,611,2019Q2
PBCT,198,611,2019Q3
PBCT,199,611,2019Q4
PBCT,200,611,2020Q1
PBCT,201,611,2020Q2
PBCT,202,611,2020Q3
PBCT,203,611,2020Q4
PBCT,204,611,2021Q1
PBCT,205,611,2021Q2
PBCT,206,611,2021Q3
PBCT,207,611,2021Q4
PBCT,208,611,2022Q1
PBI,187,612,2016Q4
PCAR,187,613,2016Q4
PCAR,188,613,2017Q1
PCAR,189,613,2017Q2
PCAR,190,613,2017Q3
PCAR,191,613,2017Q4
PCAR,192,613,2018Q1
PCAR,193,613,2018Q2
PCAR,194,613,2018Q3
PCAR,195,613,2018Q4
PCAR,196,613,2019Q1
PCAR,197,613,2019Q2
PCAR,198,613,2019Q3
PCAR,199,613,2019Q4
PCAR,200,613,2020Q1
PCAR,201,613,2020Q2
PCAR,202,613,2020Q3
PCAR,203,613,2020Q4
PCAR,204,613,2021Q1
PCAR,205,613,2021Q2
PCAR,206,613,2021Q3
PCAR,207,613,2021Q4
PCAR,208,613,2022Q1
PCAR,209,613,2022Q2
PCAR,210,613,2022Q3
PCAR,211,613,2022Q4
PCAR,212,613,2023Q1
PCAR,213,613,2023Q2
PCAR,214,613,2023Q3
PCAR,215,613,2023Q4
PCAR,216,613,2024Q1
PCAR,217,613,2024Q2
PCAR,218,613,2024Q3
PCAR,219,613,2024Q4
PCAR,220,613,2025Q1
PCAR,221,613,2025Q2
PCAR,222,613,2025Q3
PCAR,223,613,2025Q4
PCAR,224,613,2026Q1
PCAR,225,613,2026Q2
PCG,187,614,2016Q4
PCG,188,614,2017Q1
PCG,189,614,2017Q2
PCG,190,614,2017Q3
PCG,191,614,2017Q4
PCG,192,614,2018Q1
PCG,193,614,2018Q2
PCG,194,614,2018Q3
PCG,195,614,2018Q4
PCG,211,615,2022Q4
PCG,212,615,2023Q1
PCG,213,615,2023Q2
PCG,214,615,2023Q3
PCG,215,615,2023Q4
PCG,216,615,2024Q1
PCG,217,615,2024Q2
PCG,218,615,2024Q3
PCG,219,615,2024Q4
PCG,220,615,2025Q1
PCG,221,615,2025Q2
PCG,222,615,2025Q3
PCG,223,615,2025Q4
PCG,224,615,2026Q1
PCG,225,615,2026Q2
PDCO,187,619,2016Q4
PDCO,188,619,2017Q1
PDCO,189,619,2017Q2
PDCO,190,619,2017Q3
PDCO,191,619,2017Q4
PEG,187,620,2016Q4
PEG,188,620,2017Q1
PEG,189,620,2017Q2
PEG,190,620,2017Q3
PEG,191,620,2017Q4
PEG,192,620,2018Q1
PEG,193,620,2018Q2
PEG,194,620,2018Q3
PEG,195,620,2018Q4
PEG,196,620,2019Q1
PEG,197,620,2019Q2
PEG,198,620,2019Q3
PEG,199,620,2019Q4
PEG,200,620,2020Q1
PEG,201,620,2020Q2
PEG,202,620,2020Q3
PEG,203,620,2020Q4
PEG,204,620,2021Q1
PEG,205,620,2021Q2
PEG,206,620,2021Q3
PEG,207,620,2021Q4
PEG,208,620,2022Q1
PEG,209,620,2022Q2
PEG,210,620,2022Q3
PEG,211,620,2022Q4
PEG,212,620,2023Q1
PEG,213,620,2023Q2
PEG,214,620,2023Q3
PEG,215,620,2023Q4
PEG,216,620,2024Q1
PEG,217,620,2024Q2
PEG,218,620,2024Q3
PEG,219,620,2024Q4
PEG,220,620,2025Q1
PEG,221,620,2025Q2
PEG,222,620,2025Q3
PEG,223,620,2025Q4
PEG,224,620,2026Q1
PEG,225,620,2026Q2
PENN,204,621,2021Q1
PENN,205,621,2021Q2
PENN,206,621,2021Q3
PENN,207,621,2021Q4
PENN,208,621,2022Q1
PENN,209,621,2022Q2
PEP,187,622,2016Q4
PEP,188,622,2017Q1
PEP,189,622,2017Q2
PEP,190,622,2017Q3
PEP,191,622,2017Q4
PEP,192,622,2018Q1
PEP,193,622,2018Q2
PEP,194,622,2018Q3
PEP,195,622,2018Q4
PEP,196,622,2019Q1
PEP,197,622,2019Q2
PEP,198,622,2019Q3
PEP,199,622,2019Q4
PEP,200,622,2020Q1
PEP,201,622,2020Q2
PEP,202,622,2020Q3
PEP,203,622,2020Q4
PEP,204,622,2021Q1
PEP,205,622,2021Q2
PEP,206,622,2021Q3
PEP,207,622,2021Q4
PEP,208,622,2022Q1
PEP,209,622,2022Q2
PEP,210,622,2022Q3
PEP,211,622,2022Q4
PEP,212,622,2023Q1
PEP,213,622,2023Q2
PEP,214,622,2023Q3
PEP,215,622,2023Q4
PEP,216,622,2024Q1
PEP,217,622,2024Q2
PEP,218,622,2024Q3
PEP,219,622,2024Q4
PEP,220,622,2025Q1
PEP,221,622,2025Q2
PEP,222,622,2025Q3
PEP,223,622,2025Q4
PEP,224,622,2026Q1
PEP,225,622,2026Q2
PFE,187,624,2016Q4
PFE,188,624,2017Q1
PFE,189,624,2017Q2
PFE,190,624,2017Q3
PFE,191,624,2017Q4
PFE,192,624,2018Q1
PFE,193,624,2018Q2
PFE,194,624,2018Q3
PFE,195,624,2018Q4
PFE,196,624,2019Q1
PFE,197,624,2019Q2
PFE,198,624,2019Q3
PFE,199,624,2019Q4
PFE,200,624,2020Q1
PFE,201,624,2020Q2
PFE,202,624,2020Q3
PFE,203,624,2020Q4
PFE,204,624,2021Q1
PFE,205,624,2021Q2
PFE,206,624,2021Q3
PFE,207,624,2021Q4
PFE,208,624,2022Q1
PFE,209,624,2022Q2
PFE,210,624,2022Q3
PFE,211,624,2022Q4
PFE,212,624,2023Q1
PFE,213,624,2023Q2
PFE,214,624,2023Q3
PFE,215,624,2023Q4
PFE,216,624,2024Q1
PFE,217,624,2024Q2
PFE,218,624,2024Q3
PFE,219,624,2024Q4
PFE,220,624,2025Q1
PFE,221,624,2025Q2
PFE,222,624,2025Q3
PFE,223,624,2025Q4
PFE,224,624,2026Q1
PFE,225,624,2026Q2
PFG,187,625,2016Q4
PFG,188,625,2017Q1
PFG,189,625,2017Q2
PFG,190,625,2017Q3
PFG,191,625,2017Q4
PFG,192,625,2018Q1
PFG,193,625,2018Q2
PFG,194,625,2018Q3
PFG,195,625,2018Q4
PFG,196,625,2019Q1
PFG,197,625,2019Q2
PFG,198,625,2019Q3
PFG,199,625,2019Q4
PFG,200,625,2020Q1
PFG,201,625,2020Q2
PFG,202,625,2020Q3
PFG,203,625,2020Q4
PFG,204,625,2021Q1
PFG,205,625,2021Q2
PFG,206,625,2021Q3
PFG,207,625,2021Q4
PFG,208,625,2022Q1
PFG,209,625,2022Q2
PFG,210,625,2022Q3
PFG,211,625,2022Q4
PFG,212,625,2023Q1
PFG,213,625,2023Q2
PFG,214,625,2023Q3
PFG,215,625,2023Q4
PFG,216,625,2024Q1
PFG,217,625,2024Q2
PFG,218,625,2024Q3
PFG,219,625,2024Q4
PFG,220,625,2025Q1
PFG,221,625,2025Q2
PFG,222,625,2025Q3
PFG,223,625,2025Q4
PFG,224,625,2026Q1
PFG,225,625,2026Q2
PG,187,626,2016Q4
PG,188,626,2017Q1
PG,189,626,2017Q2
PG,190,626,2017Q3
PG,191,626,2017Q4
PG,192,626,2018Q1
PG,193,626,2018Q2
PG,194,626,2018Q3
PG,195,626,2018Q4
PG,196,626,2019Q1
PG,197,626,2019Q2
PG,198,626,2019Q3
PG,199,626,2019Q4
PG,200,626,2020Q1
PG,201,626,2020Q2
PG,202,626,2020Q3
PG,203,626,2020Q4
PG,204,626,2021Q1
PG,205,626,2021Q2
PG,206,626,2021Q3
PG,207,626,2021Q4
PG,208,626,2022Q1
PG,209,626,2022Q2
PG,210,626,2022Q3
PG,211,626,2022Q4
PG,212,626,2023Q1
PG,213,626,2023Q2
PG,214,626,2023Q3
PG,215,626,2023Q4
PG,216,626,2024Q1
PG,217,626,2024Q2
PG,218,626,2024Q3
PG,219,626,2024Q4
PG,220,626,2025Q1
PG,221,626,2025Q2
PG,222,626,2025Q3
PG,223,626,2025Q4
PG,224,626,2026Q1
PG,225,626,2026Q2
PGR,187,628,2016Q4
PGR,188,628,2017Q1
PGR,189,628,2017Q2
PGR,190,628,2017Q3
PGR,191,628,2017Q4
PGR,192,628,2018Q1
PGR,193,628,2018Q2
PGR,194,628,2018Q3
PGR,195,628,2018Q4
PGR,196,628,2019Q1
PGR,197,628,2019Q2
PGR,198,628,2019Q3
PGR,199,628,2019Q4
PGR,200,628,2020Q1
PGR,201,628,2020Q2
PGR,202,628,2020Q3
PGR,203,628,2020Q4
PGR,204,628,2021Q1
PGR,205,628,2021Q2
PGR,206,628,2021Q3
PGR,207,628,2021Q4
PGR,208,628,2022Q1
PGR,209,628,2022Q2
PGR,210,628,2022Q3
PGR,211,628,2022Q4
PGR,212,628,2023Q1
PGR,213,628,2023Q2
PGR,214,628,2023Q3
PGR,215,628,2023Q4
PGR,216,628,2024Q1
PGR,217,628,2024Q2
PGR,218,628,2024Q3
PGR,219,628,2024Q4
PGR,220,628,2025Q1
PGR,221,628,2025Q2
PGR,222,628,2025Q3
PGR,223,628,2025Q4
PGR,224,628,2026Q1
PGR,225,628,2026Q2
PH,187,629,2016Q4
PH,188,629,2017Q1
PH,189,629,2017Q2
PH,190,629,2017Q3
PH,191,629,2017Q4
PH,192,629,2018Q1
PH,193,629,2018Q2
PH,194,629,2018Q3
PH,195,629,2018Q4
PH,196,629,2019Q1
PH,197,629,2019Q2
PH,198,629,2019Q3
PH,199,629,2019Q4
PH,200,629,2020Q1
PH,201,629,2020Q2
PH,202,629,2020Q3
PH,203,629,2020Q4
PH,204,629,2021Q1
PH,205,629,2021Q2
PH,206,629,2021Q3
PH,207,629,2021Q4
PH,208,629,2022Q1
PH,209,629,2022Q2
PH,210,629,2022Q3
PH,211,629,2022Q4
PH,212,629,2023Q1
PH,213,629,2023Q2
PH,214,629,2023Q3
PH,215,629,2023Q4
PH,216,629,2024Q1
PH,217,629,2024Q2
PH,218,629,2024Q3
PH,219,629,2024Q4
PH,220,629,2025Q1
PH,221,629,2025Q2
PH,222,629,2025Q3
PH,223,629,2025Q4
PH,224,629,2026Q1
PH,225,629,2026Q2
PHM,187,630,2016Q4
PHM,188,630,2017Q1
PHM,189,630,2017Q2
PHM,190,630,2017Q3
PHM,191,630,2017Q4
PHM,192,630,2018Q1
PHM,193,630,2018Q2
PHM,194,630,2018Q3
PHM,195,630,2018Q4
PHM,196,630,2019Q1
PHM,197,630,2019Q2
PHM,198,630,2019Q3
PHM,199,630,2019Q4
PHM,200,630,2020Q1
PHM,201,630,2020Q2
PHM,202,630,2020Q3
PHM,203,630,2020Q4
PHM,204,630,2021Q1
PHM,205,630,2021Q2
PHM,206,630,2021Q3
PHM,207,630,2021Q4
PHM,208,630,2022Q1
PHM,209,630,2022Q2
PHM,210,630,2022Q3
PHM,211,630,2022Q4
PHM,212,630,2023Q1
PHM,213,630,2023Q2
PHM,214,630,2023Q3
PHM,215,630,2023Q4
PHM,216,630,2024Q1
PHM,217,630,2024Q2
PHM,218,630,2024Q3
PHM,219,630,2024Q4
PHM,220,630,2025Q1
PHM,221,630,2025Q2
PHM,222,630,2025Q3
PHM,223,630,2025Q4
PHM,224,630,2026Q1
PHM,225,630,2026Q2
PKG,190,631,2017Q3
PKG,191,631,2017Q4
PKG,192,631,2018Q1
PKG,193,631,2018Q2
PKG,194,631,2018Q3
PKG,195,631,2018Q4
PKG,196,631,2019Q1
PKG,197,631,2019Q2
PKG,198,631,2019Q3
PKG,199,631,2019Q4
PKG,200,631,2020Q1
PKG,201,631,2020Q2
PKG,202,631,2020Q3
PKG,203,631,2020Q4
PKG,204,631,2021Q1
PKG,205,631,2021Q2
PKG,206,631,2021Q3
PKG,207,631,2021Q4
PKG,208,631,2022Q1
PKG,209,631,2022Q2
PKG,210,631,2022Q3
PKG,211,631,2022Q4
PKG,212,631,2023Q1
PKG,213,631,2023Q2
PKG,214,631,2023Q3
PKG,215,631,2023Q4
PKG,216,631,2024Q1
PKG,217,631,2024Q2
PKG,218,631,2024Q3
PKG,219,631,2024Q4
PKG,220,631,2025Q1
PKG,221,631,2025Q2
PKG,222,631,2025Q3
PKG,223,631,2025Q4
PKG,224,631,2026Q1
PKG,225,631,2026Q2
PLD,187,632,2016Q4
PLD,188,632,2017Q1
PLD,189,632,2017Q2
PLD,190,632,2017Q3
PLD,191,632,2017Q4
PLD,192,632,2018Q1
PLD,193,632,2018Q2
PLD,194,632,2018Q3
PLD,195,632,2018Q4
PLD,196,632,2019Q1
PLD,197,632,2019Q2
PLD,198,632,2019Q3
PLD,199,632,2019Q4
PLD,200,632,2020Q1
PLD,201,632,2020Q2
PLD,202,632,2020Q3
PLD,203,632,2020Q4
PLD,204,632,2021Q1
PLD,205,632,2021Q2
PLD,206,632,2021Q3
PLD,207,632,2021Q4
PLD,208,632,2022Q1
PLD,209,632,2022Q2
PLD,210,632,2022Q3
PLD,211,632,2022Q4
PLD,212,632,2023Q1
PLD,213,632,2023Q2
PLD,214,632,2023Q3
PLD,215,632,2023Q4
PLD,216,632,2024Q1
PLD,217,632,2024Q2
PLD,218,632,2024Q3
PLD,219,632,2024Q4
PLD,220,632,2025Q1
PLD,221,632,2025Q2
PLD,222,632,2025Q3
PLD,223,632,2025Q4
PLD,224,632,2026Q1
PLD,225,632,2026Q2
PLTR,218,634,2024Q3
PLTR,219,634,2024Q4
PLTR,220,634,2025Q1
PLTR,221,634,2025Q2
PLTR,222,634,2025Q3
PLTR,223,634,2025Q4
PLTR,224,634,2026Q1
PLTR,225,634,2026Q2
PM,187,635,2016Q4
PM,188,635,2017Q1
PM,189,635,2017Q2
PM,190,635,2017Q3
PM,191,635,2017Q4
PM,192,635,2018Q1
PM,193,635,2018Q2
PM,194,635,2018Q3
PM,195,635,2018Q4
PM,196,635,2019Q1
PM,197,635,2019Q2
PM,198,635,2019Q3
PM,199,635,2019Q4
PM,200,635,2020Q1
PM,201,635,2020Q2
PM,202,635,2020Q3
PM,203,635,2020Q4
PM,204,635,2021Q1
PM,205,635,2021Q2
PM,206,635,2021Q3
PM,207,635,2021Q4
PM,208,635,2022Q1
PM,209,635,2022Q2
PM,210,635,2022Q3
PM,211,635,2022Q4
PM,212,635,2023Q1
PM,213,635,2023Q2
PM,214,635,2023Q3
PM,215,635,2023Q4
PM,216,635,2024Q1
PM,217,635,2024Q2
PM,218,635,2024Q3
PM,219,635,2024Q4
PM,220,635,2025Q1
PM,221,635,2025Q2
PM,222,635,2025Q3
PM,223,635,2025Q4
PM,224,635,2026Q1
PM,225,635,2026Q2
PNC,187,636,2016Q4
PNC,188,636,2017Q1
PNC,189,636,2017Q2
PNC,190,636,2017Q3
PNC,191,636,2017Q4
PNC,192,636,2018Q1
PNC,193,636,2018Q2
PNC,194,636,2018Q3
PNC,195,636,2018Q4
PNC,196,636,2019Q1
PNC,197,636,2019Q2
PNC,198,636,2019Q3
PNC,199,636,2019Q4
PNC,200,636,2020Q1
PNC,201,636,2020Q2
PNC,202,636,2020Q3
PNC,203,636,2020Q4
PNC,204,636,2021Q1
PNC,205,636,2021Q2
PNC,206,636,2021Q3
PNC,207,636,2021Q4
PNC,208,636,2022Q1
PNC,209,636,2022Q2
PNC,210,636,2022Q3
PNC,211,636,2022Q4
PNC,212,636,2023Q1
PNC,213,636,2023Q2
PNC,214,636,2023Q3
PNC,215,636,2023Q4
PNC,216,636,2024Q1
PNC,217,636,2024Q2
PNC,218,636,2024Q3
PNC,219,636,2024Q4
PNC,220,636,2025Q1
PNC,221,636,2025Q2
PNC,222,636,2025Q3
PNC,223,636,2025Q4
PNC,224,636,2026Q1
PNC,225,636,2026Q2
PNR,187,637,2016Q4
PNR,188,637,2017Q1
PNR,189,637,2017Q2
PNR,190,637,2017Q3
PNR,191,637,2017Q4
PNR,192,637,2018Q1
PNR,193,637,2018Q2
PNR,194,637,2018Q3
PNR,195,637,2018Q4
PNR,196,637,2019Q1
PNR,197,637,2019Q2
PNR,198,637,2019Q3
PNR,199,637,2019Q4
PNR,200,637,2020Q1
PNR,201,637,2020Q2
PNR,202,637,2020Q3
PNR,203,637,2020Q4
PNR,204,637,2021Q1
PNR,205,637,2021Q2
PNR,206,637,2021Q3
PNR,207,637,2021Q4
PNR,208,637,2022Q1
PNR,209,637,2022Q2
PNR,210,637,2022Q3
PNR,211,637,2022Q4
PNR,212,637,2023Q1
PNR,213,637,2023Q2
PNR,214,637,2023Q3
PNR,215,637,2023Q4
PNR,216,637,2024Q1
PNR,217,637,2024Q2
PNR,218,637,2024Q3
PNR,219,637,2024Q4
PNR,220,637,2025Q1
PNR,221,637,2025Q2
PNR,222,637,2025Q3
PNR,223,637,2025Q4
PNR,224,637,2026Q1
PNR,225,637,2026Q2
PNW,187,638,2016Q4
PNW,188,638,2017Q1
PNW,189,638,2017Q2
PNW,190,638,2017Q3
PNW,191,638,2017Q4
PNW,192,638,2018Q1
PNW,193,638,2018Q2
PNW,194,638,2018Q3
PNW,195,638,2018Q4
PNW,196,638,2019Q1
PNW,197,638,2019Q2
PNW,198,638,2019Q3
PNW,199,638,2019Q4
PNW,200,638,2020Q1
PNW,201,638,2020Q2
PNW,202,638,2020Q3
PNW,203,638,2020Q4
PNW,204,638,2021Q1
PNW,205,638,2021Q2
PNW,206,638,2021Q3
PNW,207,638,2021Q4
PNW,208,638,2022Q1
PNW,209,638,2022Q2
PNW,210,638,2022Q3
PNW,211,638,2022Q4
PNW,212,638,2023Q1
PNW,213,638,2023Q2
PNW,214,638,2023Q3
PNW,215,638,2023Q4
PNW,216,638,2024Q1
PNW,217,638,2024Q2
PNW,218,638,2024Q3
PNW,219,638,2024Q4
PNW,220,638,2025Q1
PNW,221,638,2025Q2
PNW,222,638,2025Q3
PNW,223,638,2025Q4
PNW,224,638,2026Q1
PNW,225,638,2026Q2
PODD,212,639,2023Q1
PODD,213,639,2023Q2
PODD,214,639,2023Q3
PODD,215,639,2023Q4
PODD,216,639,2024Q1
PODD,217,639,2024Q2
PODD,218,639,2024Q3
PODD,219,639,2024Q4
PODD,220,639,2025Q1
PODD,221,639,2025Q2
PODD,222,639,2025Q3
PODD,223,639,2025Q4
PODD,224,639,2026Q1
PODD,225,639,2026Q2
POOL,203,641,2020Q4
POOL,204,641,2021Q1
POOL,205,641,2021Q2
POOL,206,641,2021Q3
POOL,207,641,2021Q4
POOL,208,641,2022Q1
POOL,209,641,2022Q2
POOL,210,641,2022Q3
POOL,211,641,2022Q4
POOL,212,641,2023Q1
POOL,213,641,2023Q2
POOL,214,641,2023Q3
POOL,215,641,2023Q4
POOL,216,641,2024Q1
POOL,217,641,2024Q2
POOL,218,641,2024Q3
POOL,219,641,2024Q4
POOL,220,641,2025Q1
POOL,221,641,2025Q2
POOL,222,641,2025Q3
POOL,223,641,2025Q4
POOL,224,641,2026Q1
PPG,187,642,2016Q4
PPG,188,642,2017Q1
PPG,189,642,2017Q2
PPG,190,642,2017Q3
PPG,191,642,2017Q4
PPG,192,642,2018Q1
PPG,193,642,2018Q2
PPG,194,642,2018Q3
PPG,195,642,2018Q4
PPG,196,642,2019Q1
PPG,197,642,2019Q2
PPG,198,642,2019Q3
PPG,199,642,2019Q4
PPG,200,642,2020Q1
PPG,201,642,2020Q2
PPG,202,642,2020Q3
PPG,203,642,2020Q4
PPG,204,642,2021Q1
PPG,205,642,2021Q2
PPG,206,642,2021Q3
PPG,207,642,2021Q4
PPG,208,642,2022Q1
PPG,209,642,2022Q2
PPG,210,642,2022Q3
PPG,211,642,2022Q4
PPG,212,642,2023Q1
PPG,213,642,2023Q2
PPG,214,642,2023Q3
PPG,215,642,2023Q4
PPG,216,642,2024Q1
PPG,217,642,2024Q2
PPG,218,642,2024Q3
PPG,219,642,2024Q4
PPG,220,642,2025Q1
PPG,221,642,2025Q2
PPG,222,642,2025Q3
PPG,223,642,2025Q4
PPG,224,642,2026Q1
PPG,225,642,2026Q2
PPL,187,643,2016Q4
PPL,188,643,2017Q1
PPL,189,643,2017Q2
PPL,190,643,2017Q3
PPL,191,643,2017Q4
PPL,192,643,2018Q1
PPL,193,643,2018Q2
PPL,194,643,2018Q3
PPL,195,643,2018Q4
PPL,196,643,2019Q1
PPL,197,643,2019Q2
PPL,198,643,2019Q3
PPL,199,643,2019Q4
PPL,200,643,2020Q1
PPL,201,643,2020Q2
PPL,202,643,2020Q3
PPL,203,643,2020Q4
PPL,204,643,2021Q1
PPL,205,643,2021Q2
PPL,206,643,2021Q3
PPL,207,643,2021Q4
PPL,208,643,2022Q1
PPL,209,643,2022Q2
PPL,210,643,2022Q3
PPL,211,643,2022Q4
PPL,212,643,2023Q1
PPL,213,643,2023Q2
PPL,214,643,2023Q3
PPL,215,643,2023Q4
PPL,216,643,2024Q1
PPL,217,643,2024Q2
PPL,218,643,2024Q3
PPL,219,643,2024Q4
PPL,220,643,2025Q1
PPL,221,643,2025Q2
PPL,222,643,2025Q3
PPL,223,643,2025Q4
PPL,224,643,2026Q1
PPL,225,643,2026Q2
PRGO,187,644,2016Q4
PRGO,188,644,2017Q1
PRGO,189,644,2017Q2
PRGO,190,644,2017Q3
PRGO,191,644,2017Q4
PRGO,192,644,2018Q1
PRGO,193,644,2018Q2
PRGO,194,644,2018Q3
PRGO,195,644,2018Q4
PRGO,196,644,2019Q1
PRGO,197,644,2019Q2
PRGO,198,644,2019Q3
PRGO,199,644,2019Q4
PRGO,200,644,2020Q1
PRGO,201,644,2020Q2
PRGO,202,644,2020Q3
PRGO,203,644,2020Q4
PRGO,204,644,2021Q1
PRGO,205,644,2021Q2
PRU,187,645,2016Q4
PRU,188,645,2017Q1
PRU,189,645,2017Q2
PRU,190,645,2017Q3
PRU,191,645,2017Q4
PRU,192,645,2018Q1
PRU,193,645,2018Q2
PRU,194,645,2018Q3
PRU,195,645,2018Q4
PRU,196,645,2019Q1
PRU,197,645,2019Q2
PRU,198,645,2019Q3
PRU,199,645,2019Q4
PRU,200,645,2020Q1
PRU,201,645,2020Q2
PRU,202,645,2020Q3
PRU,203,645,2020Q4
PRU,204,645,2021Q1
PRU,205,645,2021Q2
PRU,206,645,2021Q3
PRU,207,645,2021Q4
PRU,208,645,2022Q1
PRU,209,645,2022Q2
PRU,210,645,2022Q3
PRU,211,645,2022Q4
PRU,212,645,2023Q1
PRU,213,645,2023Q2
PRU,214,645,2023Q3
PRU,215,645,2023Q4
PRU,216,645,2024Q1
PRU,217,645,2024Q2
PRU,218,645,2024Q3
PRU,219,645,2024Q4
PRU,220,645,2025Q1
PRU,221,645,2025Q2
PRU,222,645,2025Q3
PRU,223,645,2025Q4
PRU,224,645,2026Q1
PRU,225,645,2026Q2
PSA,187,646,2016Q4
PSA,188,646,2017Q1
PSA,189,646,2017Q2
PSA,190,646,2017Q3
PSA,191,646,2017Q4
PSA,192,646,2018Q1
PSA,193,646,2018Q2
PSA,194,646,2018Q3
PSA,195,646,2018Q4
PSA,196,646,2019Q1
PSA,197,646,2019Q2
PSA,198,646,2019Q3
PSA,199,646,2019Q4
PSA,200,646,2020Q1
PSA,201,646,2020Q2
PSA,202,646,2020Q3
PSA,203,646,2020Q4
PSA,204,646,2021Q1
PSA,205,646,2021Q2
PSA,206,646,2021Q3
PSA,207,646,2021Q4
PSA,208,646,2022Q1
PSA,209,646,2022Q2
PSA,210,646,2022Q3
PSA,211,646,2022Q4
PSA,212,646,2023Q1
PSA,213,646,2023Q2
PSA,214,646,2023Q3
PSA,215,646,2023Q4
PSA,216,646,2024Q1
PSA,217,646,2024Q2
PSA,218,646,2024Q3
PSA,219,646,2024Q4
PSA,220,646,2025Q1
PSA,221,646,2025Q2
PSA,222,646,2025Q3
PSA,223,646,2025Q4
PSA,224,646,2026Q1
PSA,225,646,2026Q2
PSKY,187,647,2016Q4
PSKY,188,647,2017Q1
PSKY,189,647,2017Q2
PSKY,190,647,2017Q3
PSKY,191,647,2017Q4
PSKY,192,647,2018Q1
PSKY,193,647,2018Q2
PSKY,194,647,2018Q3
PSKY,195,647,2018Q4
PSKY,196,647,2019Q1
PSKY,197,647,2019Q2
PSKY,198,647,2019Q3
PSKY,199,647,2019Q4
PSKY,200,647,2020Q1
PSKY,201,647,2020Q2
PSKY,202,647,2020Q3
PSKY,203,647,2020Q4
PSKY,204,647,2021Q1
PSKY,205,647,2021Q2
PSKY,206,647,2021Q3
PSKY,207,647,2021Q4
PSKY,208,647,2022Q1
PSKY,209,647,2022Q2
PSKY,210,647,2022Q3
PSKY,211,647,2022Q4
PSKY,212,647,2023Q1
PSKY,213,647,2023Q2
PSKY,214,647,2023Q3
PSKY,215,647,2023Q4
PSKY,216,647,2024Q1
PSKY,217,647,2024Q2
PSKY,218,647,2024Q3
PSKY,219,647,2024Q4
PSKY,220,647,2025Q1
PSKY,221,647,2025Q2
PSKY,222,647,2025Q3
PSKY,223,647,2025Q4
PSKY,224,647,2026Q1
PSKY,225,647,2026Q2
PSX,187,648,2016Q4
PSX,188,648,2017Q1
PSX,189,648,2017Q2
PSX,190,648,2017Q3
PSX,191,648,2017Q4
PSX,192,648,2018Q1
PSX,193,648,2018Q2
PSX,194,648,2018Q3
PSX,195,648,2018Q4
PSX,196,648,2019Q1
PSX,197,648,2019Q2
PSX,198,648,2019Q3
PSX,199,648,2019Q4
PSX,200,648,2020Q1
PSX,201,648,2020Q2
PSX,202,648,2020Q3
PSX,203,648,2020Q4
PSX,204,648,2021Q1
PSX,205,648,2021Q2
PSX,206,648,2021Q3
PSX,207,648,2021Q4
PSX,208,648,2022Q1
PSX,209,648,2022Q2
PSX,210,648,2022Q3
PSX,211,648,2022Q4
PSX,212,648,2023Q1
PSX,213,648,2023Q2
PSX,214,648,2023Q3
PSX,215,648,2023Q4
PSX,216,648,2024Q1
PSX,217,648,2024Q2
PSX,218,648,2024Q3
PSX,219,648,2024Q4
PSX,220,648,2025Q1
PSX,221,648,2025Q2
PSX,222,648,2025Q3
PSX,223,648,2025Q4
PSX,224,648,2026Q1
PSX,225,648,2026Q2
PTC,205,649,2021Q2
PTC,206,649,2021Q3
PTC,207,649,2021Q4
PTC,208,649,2022Q1
PTC,209,649,2022Q2
PTC,210,649,2022Q3
PTC,211,649,2022Q4
PTC,212,649,2023Q1
PTC,213,649,2023Q2
PTC,214,649,2023Q3
PTC,215,649,2023Q4
PTC,216,649,2024Q1
PTC,217,649,2024Q2
PTC,218,649,2024Q3
PTC,219,649,2024Q4
PTC,220,649,2025Q1
PTC,221,649,2025Q2
PTC,222,649,2025Q3
PTC,223,649,2025Q4
PTC,224,649,2026Q1
PTC,225,649,2026Q2
PVH,187,651,2016Q4
PVH,188,651,2017Q1
PVH,189,651,2017Q2
PVH,190,651,2017Q3
PVH,191,651,2017Q4
PVH,192,651,2018Q1
PVH,193,651,2018Q2
PVH,194,651,2018Q3
PVH,195,651,2018Q4
PVH,196,651,2019Q1
PVH,197,651,2019Q2
PVH,198,651,2019Q3
PVH,199,651,2019Q4
PVH,200,651,2020Q1
PVH,201,651,2020Q2
PVH,202,651,2020Q3
PVH,203,651,2020Q4
PVH,204,651,2021Q1
PVH,205,651,2021Q2
PVH,206,651,2021Q3
PVH,207,651,2021Q4
PVH,208,651,2022Q1
PVH,209,651,2022Q2
PWR,187,652,2016Q4
PWR,188,652,2017Q1
PWR,189,652,2017Q2
PWR,190,652,2017Q3
PWR,191,652,2017Q4
PWR,192,652,2018Q1
PWR,193,652,2018Q2
PWR,194,652,2018Q3
PWR,195,652,2018Q4
PWR,196,652,2019Q1
PWR,197,652,2019Q2
PWR,198,652,2019Q3
PWR,199,652,2019Q4
PWR,200,652,2020Q1
PWR,201,652,2020Q2
PWR,202,652,2020Q3
PWR,203,652,2020Q4
PWR,204,652,2021Q1
PWR,205,652,2021Q2
PWR,206,652,2021Q3
PWR,207,652,2021Q4
PWR,208,652,2022Q1
PWR,209,652,2022Q2
PWR,210,652,2022Q3
PWR,211,652,2022Q4
PWR,212,652,2023Q1
PWR,213,652,2023Q2
PWR,214,652,2023Q3
PWR,215,652,2023Q4
PWR,216,652,2024Q1
PWR,217,652,2024Q2
PWR,218,652,2024Q3
PWR,219,652,2024Q4
PWR,220,652,2025Q1
PWR,221,652,2025Q2
PWR,222,652,2025Q3
PWR,223,652,2025Q4
PWR,224,652,2026Q1
PWR,225,652,2026Q2
PXD,187,653,2016Q4
PXD,188,653,2017Q1
PXD,189,653,2017Q2
PXD,190,653,2017Q3
PXD,191,653,2017Q4
PXD,192,653,2018Q1
PXD,193,653,2018Q2
PXD,194,653,2018Q3
PXD,195,653,2018Q4
PXD,196,653,2019Q1
PXD,197,653,2019Q2
PXD,198,653,2019Q3
PXD,199,653,2019Q4
PXD,200,653,2020Q1
PXD,201,653,2020Q2
PXD,202,653,2020Q3
PXD,203,653,2020Q4
PXD,204,653,2021Q1
PXD,205,653,2021Q2
PXD,206,653,2021Q3
PXD,207,653,2021Q4
PXD,208,653,2022Q1
PXD,209,653,2022Q2
PXD,210,653,2022Q3
PXD,211,653,2022Q4
PXD,212,653,2023Q1
PXD,213,653,2023Q2
PXD,214,653,2023Q3
PXD,215,653,2023Q4
PXD,216,653,2024Q1
PYPL,187,654,2016Q4
PYPL,188,654,2017Q1
PYPL,189,654,2017Q2
PYPL,190,654,2017Q3
PYPL,191,654,2017Q4
PYPL,192,654,2018Q1
PYPL,193,654,2018Q2
PYPL,194,654,2018Q3
PYPL,195,654,2018Q4
PYPL,196,654,2019Q1
PYPL,197,654,2019Q2
PYPL,198,654,2019Q3
PYPL,199,654,2019Q4
PYPL,200,654,2020Q1
PYPL,201,654,2020Q2
PYPL,202,654,2020Q3
PYPL,203,654,2020Q4
PYPL,204,654,2021Q1
PYPL,205,654,2021Q2
PYPL,206,654,2021Q3
PYPL,207,654,2021Q4
PYPL,208,654,2022Q1
PYPL,209,654,2022Q2
PYPL,210,654,2022Q3
PYPL,211,654,2022Q4
PYPL,212,654,2023Q1
PYPL,213,654,2023Q2
PYPL,214,654,2023Q3
PYPL,215,654,2023Q4
PYPL,216,654,2024Q1
PYPL,217,654,2024Q2
PYPL,218,654,2024Q3
PYPL,219,654,2024Q4
PYPL,220,654,2025Q1
PYPL,221,654,2025Q2
PYPL,222,654,2025Q3
PYPL,223,654,2025Q4
PYPL,224,654,2026Q1
PYPL,225,654,2026Q2
Q,190,656,2017Q3
Q,223,657,2025Q4
Q,224,657,2026Q1
Q,225,657,2026Q2
QCOM,187,658,2016Q4
QCOM,188,658,2017Q1
QCOM,189,658,2017Q2
QCOM,190,658,2017Q3
QCOM,191,658,2017Q4
QCOM,192,658,2018Q1
QCOM,193,658,2018Q2
QCOM,194,658,2018Q3
QCOM,195,658,2018Q4
QCOM,196,658,2019Q1
QCOM,197,658,2019Q2
QCOM,198,658,2019Q3
QCOM,199,658,2019Q4
QCOM,200,658,2020Q1
QCOM,201,658,2020Q2
QCOM,202,658,2020Q3
QCOM,203,658,2020Q4
QCOM,204,658,2021Q1
QCOM,205,658,2021Q2
QCOM,206,658,2021Q3
QCOM,207,658,2021Q4
QCOM,208,658,2022Q1
QCOM,209,658,2022Q2
QCOM,210,658,2022Q3
QCOM,211,658,2022Q4
QCOM,212,658,2023Q1
QCOM,213,658,2023Q2
QCOM,214,658,2023Q3
QCOM,215,658,2023Q4
QCOM,216,658,2024Q1
QCOM,217,658,2024Q2
QCOM,218,658,2024Q3
QCOM,219,658,2024Q4
QCOM,220,658,2025Q1
QCOM,221,658,2025Q2
QCOM,222,658,2025Q3
QCOM,223,658,2025Q4
QCOM,224,658,2026Q1
QCOM,225,658,2026Q2
QRVO,187,660,2016Q4
QRVO,188,660,2017Q1
QRVO,189,660,2017Q2
QRVO,190,660,2017Q3
QRVO,191,660,2017Q4
QRVO,192,660,2018Q1
QRVO,193,660,2018Q2
QRVO,194,660,2018Q3
QRVO,195,660,2018Q4
QRVO,196,660,2019Q1
QRVO,197,660,2019Q2
QRVO,198,660,2019Q3
QRVO,199,660,2019Q4
QRVO,200,660,2020Q1
QRVO,201,660,2020Q2
QRVO,202,660,2020Q3
QRVO,203,660,2020Q4
QRVO,204,660,2021Q1
QRVO,205,660,2021Q2
QRVO,206,660,2021Q3
QRVO,207,660,2021Q4
QRVO,208,660,2022Q1
QRVO,209,660,2022Q2
QRVO,210,660,2022Q3
QRVO,211,660,2022Q4
QRVO,212,660,2023Q1
QRVO,213,660,2023Q2
QRVO,214,660,2023Q3
QRVO,215,660,2023Q4
QRVO,216,660,2024Q1
QRVO,217,660,2024Q2
QRVO,218,660,2024Q3
R,187,662,2016Q4
R,188,662,2017Q1
RAI,187,664,2016Q4
RAI,188,664,2017Q1
RAI,189,664,2017Q2
RCL,187,665,2016Q4
RCL,188,665,2017Q1
RCL,189,665,2017Q2
RCL,190,665,2017Q3
RCL,191,665,2017Q4
RCL,192,665,2018Q1
RCL,193,665,2018Q2
RCL,194,665,2018Q3
RCL,195,665,2018Q4
RCL,196,665,2019Q1
RCL,197,665,2019Q2
RCL,198,665,2019Q3
RCL,199,665,2019Q4
RCL,200,665,2020Q1
RCL,201,665,2020Q2
RCL,202,665,2020Q3
RCL,203,665,2020Q4
RCL,204,665,2021Q1
RCL,205,665,2021Q2
RCL,206,665,2021Q3
RCL,207,665,2021Q4
RCL,208,665,2022Q1
RCL,209,665,2022Q2
RCL,210,665,2022Q3
RCL,211,665,2022Q4
RCL,212,665,2023Q1
RCL,213,665,2023Q2
RCL,214,665,2023Q3
RCL,215,665,2023Q4
RCL,216,665,2024Q1
RCL,217,665,2024Q2
RCL,218,665,2024Q3
RCL,219,665,2024Q4
RCL,220,665,2025Q1
RCL,221,665,2025Q2
RCL,222,665,2025Q3
RCL,223,665,2025Q4
RCL,224,665,2026Q1
RCL,225,665,2026Q2
RE,189,667,2017Q2
RE,190,667,2017Q3
RE,191,667,2017Q4
RE,192,667,2018Q1
RE,193,667,2018Q2
RE,194,667,2018Q3
RE,195,667,2018Q4
RE,196,667,2019Q1
RE,197,667,2019Q2
RE,198,667,2019Q3
RE,199,667,2019Q4
RE,200,667,2020Q1
RE,201,667,2020Q2
RE,202,667,2020Q3
RE,203,667,2020Q4
RE,204,667,2021Q1
RE,205,667,2021Q2
RE,206,667,2021Q3
RE,207,667,2021Q4
RE,208,667,2022Q1
RE,209,667,2022Q2
RE,210,667,2022Q3
RE,211,667,2022Q4
RE,212,667,2023Q1
RE,213,667,2023Q2
REG,188,668,2017Q1
REG,189,668,2017Q2
REG,190,668,2017Q3
REG,191,668,2017Q4
REG,192,668,2018Q1
REG,193,668,2018Q2
REG,194,668,2018Q3
REG,195,668,2018Q4
REG,196,668,2019Q1
REG,197,668,2019Q2
REG,198,668,2019Q3
REG,199,668,2019Q4
REG,200,668,2020Q1
REG,201,668,2020Q2
REG,202,668,2020Q3
REG,203,668,2020Q4
REG,204,668,2021Q1
REG,205,668,2021Q2
REG,206,668,2021Q3
REG,207,668,2021Q4
REG,208,668,2022Q1
REG,209,668,2022Q2
REG,210,668,2022Q3
REG,211,668,2022Q4
REG,212,668,2023Q1
REG,213,668,2023Q2
REG,214,668,2023Q3
REG,215,668,2023Q4
REG,216,668,2024Q1
REG,217,668,2024Q2
REG,218,668,2024Q3
REG,219,668,2024Q4
REG,220,668,2025Q1
REG,221,668,2025Q2
REG,222,668,2025Q3
REG,223,668,2025Q4
REG,224,668,2026Q1
REG,225,668,2026Q2
REGN,187,669,2016Q4
REGN,188,669,2017Q1
REGN,189,669,2017Q2
REGN,190,669,2017Q3
REGN,191,669,2017Q4
REGN,192,669,2018Q1
REGN,193,669,2018Q2
REGN,194,669,2018Q3
REGN,195,669,2018Q4
REGN,196,669,2019Q1
REGN,197,669,2019Q2
REGN,198,669,2019Q3
REGN,199,669,2019Q4
REGN,200,669,2020Q1
REGN,201,669,2020Q2
REGN,202,669,2020Q3
REGN,203,669,2020Q4
REGN,204,669,2021Q1
REGN,205,669,2021Q2
REGN,206,669,2021Q3
REGN,207,669,2021Q4
REGN,208,669,2022Q1
REGN,209,669,2022Q2
REGN,210,669,2022Q3
REGN,211,669,2022Q4
REGN,212,669,2023Q1
REGN,213,669,2023Q2
REGN,214,669,2023Q3
REGN,215,669,2023Q4
REGN,216,669,2024Q1
REGN,217,669,2024Q2
REGN,218,669,2024Q3
REGN,219,669,2024Q4
REGN,220,669,2025Q1
REGN,221,669,2025Q2
REGN,222,669,2025Q3
REGN,223,669,2025Q4
REGN,224,669,2026Q1
REGN,225,669,2026Q2
RF,187,670,2016Q4
RF,188,670,2017Q1
RF,189,670,2017Q2
RF,190,670,2017Q3
RF,191,670,2017Q4
RF,192,670,2018Q1
RF,193,670,2018Q2
RF,194,670,2018Q3
RF,195,670,2018Q4
RF,196,670,2019Q1
RF,197,670,2019Q2
RF,198,670,2019Q3
RF,199,670,2019Q4
RF,200,670,2020Q1
RF,201,670,2020Q2
RF,202,670,2020Q3
RF,203,670,2020Q4
RF,204,670,2021Q1
RF,205,670,2021Q2
RF,206,670,2021Q3
RF,207,670,2021Q4
RF,208,670,2022Q1
RF,209,670,2022Q2
RF,210,670,2022Q3
RF,211,670,2022Q4
RF,212,670,2023Q1
RF,213,670,2023Q2
RF,214,670,2023Q3
RF,215,670,2023Q4
RF,216,670,2024Q1
RF,217,670,2024Q2
RF,218,670,2024Q3
RF,219,670,2024Q4
RF,220,670,2025Q1
RF,221,670,2025Q2
RF,222,670,2025Q3
RF,223,670,2025Q4
RF,224,670,2026Q1
RF,225,670,2026Q2
RHI,187,671,2016Q4
RHI,188,671,2017Q1
RHI,189,671,2017Q2
RHI,190,671,2017Q3
RHI,191,671,2017Q4
RHI,192,671,2018Q1
RHI,193,671,2018Q2
RHI,194,671,2018Q3
RHI,195,671,2018Q4
RHI,196,671,2019Q1
RHI,197,671,2019Q2
RHI,198,671,2019Q3
RHI,199,671,2019Q4
RHI,200,671,2020Q1
RHI,201,671,2020Q2
RHI,202,671,2020Q3
RHI,203,671,2020Q4
RHI,204,671,2021Q1
RHI,205,671,2021Q2
RHI,206,671,2021Q3
RHI,207,671,2021Q4
RHI,208,671,2022Q1
RHI,209,671,2022Q2
RHI,210,671,2022Q3
RHI,211,671,2022Q4
RHI,212,671,2023Q1
RHI,213,671,2023Q2
RHI,214,671,2023Q3
RHI,215,671,2023Q4
RHI,216,671,2024Q1
RHT,187,672,2016Q4
RHT,188,672,2017Q1
RHT,189,672,2017Q2
RHT,190,672,2017Q3
RHT,191,672,2017Q4
RHT,192,672,2018Q1
RHT,193,672,2018Q2
RHT,194,672,2018Q3
RHT,195,672,2018Q4
RHT,196,672,2019Q1
RHT,197,672,2019Q2
RIG,187,673,2016Q4
RIG,188,673,2017Q1
RIG,189,673,2017Q2
RJF,188,674,2017Q1
RJF,189,674,2017Q2
RJF,190,674,2017Q3
RJF,191,674,2017Q4
RJF,192,674,2018Q1
RJF,193,674,2018Q2
RJF,194,674,2018Q3
RJF,195,674,2018Q4
RJF,196,674,2019Q1
RJF,197,674,2019Q2
RJF,198,674,2019Q3
RJF,199,674,2019Q4
RJF,200,674,2020Q1
RJF,201,674,2020Q2
RJF,202,674,2020Q3
RJF,203,674,2020Q4
RJF,204,674,2021Q1
RJF,205,674,2021Q2
RJF,206,674,2021Q3
RJF,207,674,2021Q4
RJF,208,674,2022Q1
RJF,209,674,2022Q2
RJF,210,674,2022Q3
RJF,211,674,2022Q4
RJF,212,674,2023Q1
RJF,213,674,2023Q2
RJF,214,674,2023Q3
RJF,215,674,2023Q4
RJF,216,674,2024Q1
RJF,217,674,2024Q2
RJF,218,674,2024Q3
RJF,219,674,2024Q4
RJF,220,674,2025Q1
RJF,221,674,2025Q2
RJF,222,674,2025Q3
RJF,223,674,2025Q4
RJF,224,674,2026Q1
RJF,225,674,2026Q2
RL,187,675,2016Q4
RL,188,675,2017Q1
RL,189,675,2017Q2
RL,190,675,2017Q3
RL,191,675,2017Q4
RL,192,675,2018Q1
RL,193,675,2018Q2
RL,194,675,2018Q3
RL,195,675,2018Q4
RL,196,675,2019Q1
RL,197,675,2019Q2
RL,198,675,2019Q3
RL,199,675,2019Q4
RL,200,675,2020Q1
RL,201,675,2020Q2
RL,202,675,2020Q3
RL,203,675,2020Q4
RL,204,675,2021Q1
RL,205,675,2021Q2
RL,206,675,2021Q3
RL,207,675,2021Q4
RL,208,675,2022Q1
RL,209,675,2022Q2
RL,210,675,2022Q3
RL,211,675,2022Q4
RL,212,675,2023Q1
RL,213,675,2023Q2
RL,214,675,2023Q3
RL,215,675,2023Q4
RL,216,675,2024Q1
RL,217,675,2024Q2
RL,218,675,2024Q3
RL,219,675,2024Q4
RL,220,675,2025Q1
RL,221,675,2025Q2
RL,222,675,2025Q3
RL,223,675,2025Q4
RL,224,675,2026Q1
RL,225,675,2026Q2
RMD,190,676,2017Q3
RMD,191,676,2017Q4
RMD,192,676,2018Q1
RMD,193,676,2018Q2
RMD,194,676,2018Q3
RMD,195,676,2018Q4
RMD,196,676,2019Q1
RMD,197,676,2019Q2
RMD,198,676,2019Q3
RMD,199,676,2019Q4
RMD,200,676,2020Q1
RMD,201,676,2020Q2
RMD,202,676,2020Q3
RMD,203,676,2020Q4
RMD,204,676,2021Q1
RMD,205,676,2021Q2
RMD,206,676,2021Q3
RMD,207,676,2021Q4
RMD,208,676,2022Q1
RMD,209,676,2022Q2
RMD,210,676,2022Q3
RMD,211,676,2022Q4
RMD,212,676,2023Q1
RMD,213,676,2023Q2
RMD,214,676,2023Q3
RMD,215,676,2023Q4
RMD,216,676,2024Q1
RMD,217,676,2024Q2
RMD,218,676,2024Q3
RMD,219,676,2024Q4
RMD,220,676,2025Q1
RMD,221,676,2025Q2
RMD,222,676,2025Q3
RMD,223,676,2025Q4
RMD,224,676,2026Q1
RMD,225,676,2026Q2
ROK,187,677,2016Q4
ROK,188,677,2017Q1
ROK,189,677,2017Q2
ROK,190,677,2017Q3
ROK,191,677,2017Q4
ROK,192,677,2018Q1
ROK,193,677,2018Q2
ROK,194,677,2018Q3
ROK,195,677,2018Q4
ROK,196,677,2019Q1
ROK,197,677,2019Q2
ROK,198,677,2019Q3
ROK,199,677,2019Q4
ROK,200,677,2020Q1
ROK,201,677,2020Q2
ROK,202,677,2020Q3
ROK,203,677,2020Q4
ROK,204,677,2021Q1
ROK,205,677,2021Q2
ROK,206,677,2021Q3
ROK,207,677,2021Q4
ROK,208,677,2022Q1
ROK,209,677,2022Q2
ROK,210,677,2022Q3
ROK,211,677,2022Q4
ROK,212,677,2023Q1
ROK,213,677,2023Q2
ROK,214,677,2023Q3
ROK,215,677,2023Q4
ROK,216,677,2024Q1
ROK,217,677,2024Q2
ROK,218,677,2024Q3
ROK,219,677,2024Q4
ROK,220,677,2025Q1
ROK,221,677,2025Q2
ROK,222,677,2025Q3
ROK,223,677,2025Q4
ROK,224,677,2026Q1
ROK,225,677,2026Q2
ROL,195,678,2018Q4
ROL,196,678,2019Q1
ROL,197,678,2019Q2
ROL,198,678,2019Q3
ROL,199,678,2019Q4
ROL,200,678,2020Q1
ROL,201,678,2020Q2
ROL,202,678,2020Q3
ROL,203,678,2020Q4
ROL,204,678,2021Q1
ROL,205,678,2021Q2
ROL,206,678,2021Q3
ROL,207,678,2021Q4
ROL,208,678,2022Q1
ROL,209,678,2022Q2
ROL,210,678,2022Q3
ROL,211,678,2022Q4
ROL,212,678,2023Q1
ROL,213,678,2023Q2
ROL,214,678,2023Q3
ROL,215,678,2023Q4
ROL,216,678,2024Q1
ROL,217,678,2024Q2
ROL,218,678,2024Q3
ROL,219,678,2024Q4
ROL,220,678,2025Q1
ROL,221,678,2025Q2
ROL,222,678,2025Q3
ROL,223,678,2025Q4
ROL,224,678,2026Q1
ROL,225,678,2026Q2
ROP,187,679,2016Q4
ROP,188,679,2017Q1
ROP,189,679,2017Q2
ROP,190,679,2017Q3
ROP,191,679,2017Q4
ROP,192,679,2018Q1
ROP,193,679,2018Q2
ROP,194,679,2018Q3
ROP,195,679,2018Q4
ROP,196,679,2019Q1
ROP,197,679,2019Q2
ROP,198,679,2019Q3
ROP,199,679,2019Q4
ROP,200,679,2020Q1
ROP,201,679,2020Q2
ROP,202,679,2020Q3
ROP,203,679,2020Q4
ROP,204,679,2021Q1
ROP,205,679,2021Q2
ROP,206,679,2021Q3
ROP,207,679,2021Q4
ROP,208,679,2022Q1
ROP,209,679,2022Q2
ROP,210,679,2022Q3
ROP,211,679,2022Q4
ROP,212,679,2023Q1
ROP,213,679,2023Q2
ROP,214,679,2023Q3
ROP,215,679,2023Q4
ROP,216,679,2024Q1
ROP,217,679,2024Q2
ROP,218,679,2024Q3
ROP,219,679,2024Q4
ROP,220,679,2025Q1
ROP,221,679,2025Q2
ROP,222,679,2025Q3
ROP,223,679,2025Q4
ROP,224,679,2026Q1
ROP,225,679,2026Q2
ROST,187,680,2016Q4
ROST,188,680,2017Q1
ROST,189,680,2017Q2
ROST,190,680,2017Q3
ROST,191,680,2017Q4
ROST,192,680,2018Q1
ROST,193,680,2018Q2
ROST,194,680,2018Q3
ROST,195,680,2018Q4
ROST,196,680,2019Q1
ROST,197,680,2019Q2
ROST,198,680,2019Q3
ROST,199,680,2019Q4
ROST,200,680,2020Q1
ROST,201,680,2020Q2
ROST,202,680,2020Q3
ROST,203,680,2020Q4
ROST,204,680,2021Q1
ROST,205,680,2021Q2
ROST,206,680,2021Q3
ROST,207,680,2021Q4
ROST,208,680,2022Q1
ROST,209,680,2022Q2
ROST,210,680,2022Q3
ROST,211,680,2022Q4
ROST,212,680,2023Q1
ROST,213,680,2023Q2
ROST,214,680,2023Q3
ROST,215,680,2023Q4
ROST,216,680,2024Q1
ROST,217,680,2024Q2
ROST,218,680,2024Q3
ROST,219,680,2024Q4
ROST,220,680,2025Q1
ROST,221,680,2025Q2
ROST,222,680,2025Q3
ROST,223,680,2025Q4
ROST,224,680,2026Q1
ROST,225,680,2026Q2
RRC,187,681,2016Q4
RRC,188,681,2017Q1
RRC,189,681,2017Q2
RRC,190,681,2017Q3
RRC,191,681,2017Q4
RRC,192,681,2018Q1
RSG,187,683,2016Q4
RSG,188,683,2017Q1
RSG,189,683,2017Q2
RSG,190,683,2017Q3
RSG,191,683,2017Q4
RSG,192,683,2018Q1
RSG,193,683,2018Q2
RSG,194,683,2018Q3
RSG,195,683,2018Q4
RSG,196,683,2019Q1
RSG,197,683,2019Q2
RSG,198,683,2019Q3
RSG,199,683,2019Q4
RSG,200,683,2020Q1
RSG,201,683,2020Q2
RSG,202,683,2020Q3
RSG,203,683,2020Q4
RSG,204,683,2021Q1
RSG,205,683,2021Q2
RSG,206,683,2021Q3
RSG,207,683,2021Q4
RSG,208,683,2022Q1
RSG,209,683,2022Q2
RSG,210,683,2022Q3
RSG,211,683,2022Q4
RSG,212,683,2023Q1
RSG,213,683,2023Q2
RSG,214,683,2023Q3
RSG,215,683,2023Q4
RSG,216,683,2024Q1
RSG,217,683,2024Q2
RSG,218,683,2024Q3
RSG,219,683,2024Q4
RSG,220,683,2025Q1
RSG,221,683,2025Q2
RSG,222,683,2025Q3
RSG,223,683,2025Q4
RSG,224,683,2026Q1
RSG,225,683,2026Q2
RTN,187,685,2016Q4
RTN,188,685,2017Q1
RTN,189,685,2017Q2
RTN,190,685,2017Q3
RTN,191,685,2017Q4
RTN,192,685,2018Q1
RTN,193,685,2018Q2
RTN,194,685,2018Q3
RTN,195,685,2018Q4
RTN,196,685,2019Q1
RTN,197,685,2019Q2
RTN,198,685,2019Q3
RTN,199,685,2019Q4
RTN,200,685,2020Q1
RTX,187,686,2016Q4
RTX,188,686,2017Q1
RTX,189,686,2017Q2
RTX,190,686,2017Q3
RTX,191,686,2017Q4
RTX,192,686,2018Q1
RTX,193,686,2018Q2
RTX,194,686,2018Q3
RTX,195,686,2018Q4
RTX,196,686,2019Q1
RTX,197,686,2019Q2
RTX,198,686,2019Q3
RTX,199,686,2019Q4
RTX,200,686,2020Q1
RTX,201,686,2020Q2
RTX,202,686,2020Q3
RTX,203,686,2020Q4
RTX,204,686,2021Q1
RTX,205,686,2021Q2
RTX,206,686,2021Q3
RTX,207,686,2021Q4
RTX,208,686,2022Q1
RTX,209,686,2022Q2
RTX,210,686,2022Q3
RTX,211,686,2022Q4
RTX,212,686,2023Q1
RTX,213,686,2023Q2
RTX,214,686,2023Q3
RTX,215,686,2023Q4
RTX,216,686,2024Q1
RTX,217,686,2024Q2
RTX,218,686,2024Q3
RTX,219,686,2024Q4
RTX,220,686,2025Q1
RTX,221,686,2025Q2
RTX,222,686,2025Q3
RTX,223,686,2025Q4
RTX,224,686,2026Q1
RTX,225,686,2026Q2
RVTY,187,687,2016Q4
RVTY,188,687,2017Q1
RVTY,189,687,2017Q2
RVTY,190,687,2017Q3
RVTY,191,687,2017Q4
RVTY,192,687,2018Q1
RVTY,193,687,2018Q2
RVTY,194,687,2018Q3
RVTY,195,687,2018Q4
RVTY,196,687,2019Q1
RVTY,197,687,2019Q2
RVTY,198,687,2019Q3
RVTY,199,687,2019Q4
RVTY,200,687,2020Q1
RVTY,201,687,2020Q2
RVTY,202,687,2020Q3
RVTY,203,687,2020Q4
RVTY,204,687,2021Q1
RVTY,205,687,2021Q2
RVTY,206,687,2021Q3
RVTY,207,687,2021Q4
RVTY,208,687,2022Q1
RVTY,209,687,2022Q2
RVTY,210,687,2022Q3
RVTY,211,687,2022Q4
RVTY,212,687,2023Q1
RVTY,213,687,2023Q2
RVTY,214,687,2023Q3
RVTY,215,687,2023Q4
RVTY,216,687,2024Q1
RVTY,217,687,2024Q2
RVTY,218,687,2024Q3
RVTY,219,687,2024Q4
RVTY,220,687,2025Q1
RVTY,221,687,2025Q2
RVTY,222,687,2025Q3
RVTY,223,687,2025Q4
RVTY,224,687,2026Q1
RVTY,225,687,2026Q2
SBAC,190,691,2017Q3
SBAC,191,691,2017Q4
SBAC,192,691,2018Q1
SBAC,193,691,2018Q2
SBAC,194,691,2018Q3
SBAC,195,691,2018Q4
SBAC,196,691,2019Q1
SBAC,197,691,2019Q2
SBAC,198,691,2019Q3
SBAC,199,691,2019Q4
SBAC,200,691,2020Q1
SBAC,201,691,2020Q2
SBAC,202,691,2020Q3
SBAC,203,691,2020Q4
SBAC,204,691,2021Q1
SBAC,205,691,2021Q2
SBAC,206,691,2021Q3
SBAC,207,691,2021Q4
SBAC,208,691,2022Q1
SBAC,209,691,2022Q2
SBAC,210,691,2022Q3
SBAC,211,691,2022Q4
SBAC,212,691,2023Q1
SBAC,213,691,2023Q2
SBAC,214,691,2023Q3
SBAC,215,691,2023Q4
SBAC,216,691,2024Q1
SBAC,217,691,2024Q2
SBAC,218,691,2024Q3
SBAC,219,691,2024Q4
SBAC,220,691,2025Q1
SBAC,221,691,2025Q2
SBAC,222,691,2025Q3
SBAC,223,691,2025Q4
SBAC,224,691,2026Q1
SBAC,225,691,2026Q2
SBNY,207,693,2021Q4
SBNY,208,693,2022Q1
SBNY,209,693,2022Q2
SBNY,210,693,2022Q3
SBNY,211,693,2022Q4
SBUX,187,694,2016Q4
SBUX,188,694,2017Q1
SBUX,189,694,2017Q2
SBUX,190,694,2017Q3
SBUX,191,694,2017Q4
SBUX,192,694,2018Q1
SBUX,193,694,2018Q2
SBUX,194,694,2018Q3
SBUX,195,694,2018Q4
SBUX,196,694,2019Q1
SBUX,197,694,2019Q2
SBUX,198,694,2019Q3
SBUX,199,694,2019Q4
SBUX,200,694,2020Q1
SBUX,201,694,2020Q2
SBUX,202,694,2020Q3
SBUX,203,694,2020Q4
SBUX,204,694,2021Q1
SBUX,205,694,2021Q2
SBUX,206,694,2021Q3
SBUX,207,694,2021Q4
SBUX,208,694,2022Q1
SBUX,209,694,2022Q2
SBUX,210,694,2022Q3
SBUX,211,694,2022Q4
SBUX,212,694,2023Q1
SBUX,213,694,2023Q2
SBUX,214,694,2023Q3
SBUX,215,694,2023Q4
SBUX,216,694,2024Q1
SBUX,217,694,2024Q2
SBUX,218,694,2024Q3
SBUX,219,694,2024Q4
SBUX,220,694,2025Q1
SBUX,221,694,2025Q2
SBUX,222,694,2025Q3
SBUX,223,694,2025Q4
SBUX,224,694,2026Q1
SBUX,225,694,2026Q2
SCG,187,695,2016Q4
SCG,188,695,2017Q1
SCG,189,695,2017Q2
SCG,190,695,2017Q3
SCG,191,695,2017Q4
SCG,192,695,2018Q1
SCG,193,695,2018Q2
SCG,194,695,2018Q3
SCG,195,695,2018Q4
SCHW,187,696,2016Q4
SCHW,188,696,2017Q1
SCHW,189,696,2017Q2
SCHW,190,696,2017Q3
SCHW,191,696,2017Q4
SCHW,192,696,2018Q1
SCHW,193,696,2018Q2
SCHW,194,696,2018Q3
SCHW,195,696,2018Q4
SCHW,196,696,2019Q1
SCHW,197,696,2019Q2
SCHW,198,696,2019Q3
SCHW,199,696,2019Q4
SCHW,200,696,2020Q1
SCHW,201,696,2020Q2
SCHW,202,696,2020Q3
SCHW,203,696,2020Q4
SCHW,204,696,2021Q1
SCHW,205,696,2021Q2
SCHW,206,696,2021Q3
SCHW,207,696,2021Q4
SCHW,208,696,2022Q1
SCHW,209,696,2022Q2
SCHW,210,696,2022Q3
SCHW,211,696,2022Q4
SCHW,212,696,2023Q1
SCHW,213,696,2023Q2
SCHW,214,696,2023Q3
SCHW,215,696,2023Q4
SCHW,216,696,2024Q1
SCHW,217,696,2024Q2
SCHW,218,696,2024Q3
SCHW,219,696,2024Q4
SCHW,220,696,2025Q1
SCHW,221,696,2025Q2
SCHW,222,696,2025Q3
SCHW,223,696,2025Q4
SCHW,224,696,2026Q1
SCHW,225,696,2026Q2
SE,187,697,2016Q4
SEDG,207,698,2021Q4
SEDG,208,698,2022Q1
SEDG,209,698,2022Q2
SEDG,210,698,2022Q3
SEDG,211,698,2022Q4
SEDG,212,698,2023Q1
SEDG,213,698,2023Q2
SEDG,214,698,2023Q3
SEE,187,699,2016Q4
SEE,188,699,2017Q1
SEE,189,699,2017Q2
SEE,190,699,2017Q3
SEE,191,699,2017Q4
SEE,192,699,2018Q1
SEE,193,699,2018Q2
SEE,194,699,2018Q3
SEE,195,699,2018Q4
SEE,196,699,2019Q1
SEE,197,699,2019Q2
SEE,198,699,2019Q3
SEE,199,699,2019Q4
SEE,200,699,2020Q1
SEE,201,699,2020Q2
SEE,202,699,2020Q3
SEE,203,699,2020Q4
SEE,204,699,2021Q1
SEE,205,699,2021Q2
SEE,206,699,2021Q3
SEE,207,699,2021Q4
SEE,208,699,2022Q1
SEE,209,699,2022Q2
SEE,210,699,2022Q3
SEE,211,699,2022Q4
SEE,212,699,2023Q1
SEE,213,699,2023Q2
SEE,214,699,2023Q3
SHW,187,702,2016Q4
SHW,188,702,2017Q1
SHW,189,702,2017Q2
SHW,190,702,2017Q3
SHW,191,702,2017Q4
SHW,192,702,2018Q1
SHW,193,702,2018Q2
SHW,194,702,2018Q3
SHW,195,702,2018Q4
SHW,196,702,2019Q1
SHW,197,702,2019Q2
SHW,198,702,2019Q3
SHW,199,702,2019Q4
SHW,200,702,2020Q1
SHW,201,702,2020Q2
SHW,202,702,2020Q3
SHW,203,702,2020Q4
SHW,204,702,2021Q1
SHW,205,702,2021Q2
SHW,206,702,2021Q3
SHW,207,702,2021Q4
SHW,208,702,2022Q1
SHW,209,702,2022Q2
SHW,210,702,2022Q3
SHW,211,702,2022Q4
SHW,212,702,2023Q1
SHW,213,702,2023Q2
SHW,214,702,2023Q3
SHW,215,702,2023Q4
SHW,216,702,2024Q1
SHW,217,702,2024Q2
SHW,218,702,2024Q3
SHW,219,702,2024Q4
SHW,220,702,2025Q1
SHW,221,702,2025Q2
SHW,222,702,2025Q3
SHW,223,702,2025Q4
SHW,224,702,2026Q1
SHW,225,702,2026Q2
SIG,187,704,2016Q4
SIG,188,704,2017Q1
SIG,189,704,2017Q2
SIG,190,704,2017Q3
SIG,191,704,2017Q4
SIVB,192,706,2018Q1
SIVB,193,706,2018Q2
SIVB,194,706,2018Q3
SIVB,195,706,2018Q4
SIVB,196,706,2019Q1
SIVB,197,706,2019Q2
SIVB,198,706,2019Q3
SIVB,199,706,2019Q4
SIVB,200,706,2020Q1
SIVB,201,706,2020Q2
SIVB,202,706,2020Q3
SIVB,203,706,2020Q4
SIVB,204,706,2021Q1
SIVB,205,706,2021Q2
SIVB,206,706,2021Q3
SIVB,207,706,2021Q4
SIVB,208,706,2022Q1
SIVB,209,706,2022Q2
SIVB,210,706,2022Q3
SIVB,211,706,2022Q4
SJM,187,707,2016Q4
SJM,188,707,2017Q1
SJM,189,707,2017Q2
SJM,190,707,2017Q3
SJM,191,707,2017Q4
SJM,192,707,2018Q1
SJM,193,707,2018Q2
SJM,194,707,2018Q3
SJM,195,707,2018Q4
SJM,196,707,2019Q1
SJM,197,707,2019Q2
SJM,198,707,2019Q3
SJM,199,707,2019Q4
SJM,200,707,2020Q1
SJM,201,707,2020Q2
SJM,202,707,2020Q3
SJM,203,707,2020Q4
SJM,204,707,2021Q1
SJM,205,707,2021Q2
SJM,206,707,2021Q3
SJM,207,707,2021Q4
SJM,208,707,2022Q1
SJM,209,707,2022Q2
SJM,210,707,2022Q3
SJM,211,707,2022Q4
SJM,212,707,2023Q1
SJM,213,707,2023Q2
SJM,214,707,2023Q3
SJM,215,707,2023Q4
SJM,216,707,2024Q1
SJM,217,707,2024Q2
SJM,218,707,2024Q3
SJM,219,707,2024Q4
SJM,220,707,2025Q1
SJM,221,707,2025Q2
SJM,222,707,2025Q3
SJM,223,707,2025Q4
SJM,224,707,2026Q1
SJM,225,707,2026Q2
SLB,187,708,2016Q4
SLB,188,708,2017Q1
SLB,189,708,2017Q2
SLB,190,708,2017Q3
SLB,191,708,2017Q4
SLB,192,708,2018Q1
SLB,193,708,2018Q2
SLB,194,708,2018Q3
SLB,195,708,2018Q4
SLB,196,708,2019Q1
SLB,197,708,2019Q2
SLB,198,708,2019Q3
SLB,199,708,2019Q4
SLB,200,708,2020Q1
SLB,201,708,2020Q2
SLB,202,708,2020Q3
SLB,203,708,2020Q4
SLB,204,708,2021Q1
SLB,205,708,2021Q2
SLB,206,708,2021Q3
SLB,207,708,2021Q4
SLB,208,708,2022Q1
SLB,209,708,2022Q2
SLB,210,708,2022Q3
SLB,211,708,2022Q4
SLB,212,708,2023Q1
SLB,213,708,2023Q2
SLB,214,708,2023Q3
SLB,215,708,2023Q4
SLB,216,708,2024Q1
SLB,217,708,2024Q2
SLB,218,708,2024Q3
SLB,219,708,2024Q4
SLB,220,708,2025Q1
SLB,221,708,2025Q2
SLB,222,708,2025Q3
SLB,223,708,2025Q4
SLB,224,708,2026Q1
SLB,225,708,2026Q2
SLG,187,710,2016Q4
SLG,188,710,2017Q1
SLG,189,710,2017Q2
SLG,190,710,2017Q3
SLG,191,710,2017Q4
SLG,192,710,2018Q1
SLG,193,710,2018Q2
SLG,194,710,2018Q3
SLG,195,710,2018Q4
SLG,196,710,2019Q1
SLG,197,710,2019Q2
SLG,198,710,2019Q3
SLG,199,710,2019Q4
SLG,200,710,2020Q1
SLG,201,710,2020Q2
SLG,202,710,2020Q3
SLG,203,710,2020Q4
SMCI,216,713,2024Q1
SMCI,217,713,2024Q2
SMCI,218,713,2024Q3
SMCI,219,713,2024Q4
SMCI,220,713,2025Q1
SMCI,221,713,2025Q2
SMCI,222,713,2025Q3
SMCI,223,713,2025Q4
SMCI,224,713,2026Q1
SMCI,225,713,2026Q2
SNA,187,715,2016Q4
SNA,188,715,2017Q1
SNA,189,715,2017Q2
SNA,190,715,2017Q3
SNA,191,715,2017Q4
SNA,192,715,2018Q1
SNA,193,715,2018Q2
SNA,194,715,2018Q3
SNA,195,715,2018Q4
SNA,196,715,2019Q1
SNA,197,715,2019Q2
SNA,198,715,2019Q3
SNA,199,715,2019Q4
SNA,200,715,2020Q1
SNA,201,715,2020Q2
SNA,202,715,2020Q3
SNA,203,715,2020Q4
SNA,204,715,2021Q1
SNA,205,715,2021Q2
SNA,206,715,2021Q3
SNA,207,715,2021Q4
SNA,208,715,2022Q1
SNA,209,715,2022Q2
SNA,210,715,2022Q3
SNA,211,715,2022Q4
SNA,212,715,2023Q1
SNA,213,715,2023Q2
SNA,214,715,2023Q3
SNA,215,715,2023Q4
SNA,216,715,2024Q1
SNA,217,715,2024Q2
SNA,218,715,2024Q3
SNA,219,715,2024Q4
SNA,220,715,2025Q1
SNA,221,715,2025Q2
SNA,222,715,2025Q3
SNA,223,715,2025Q4
SNA,224,715,2026Q1
SNA,225,715,2026Q2
SNDK,223,717,2025Q4
SNDK,224,717,2026Q1
SNDK,225,717,2026Q2
SNI,187,718,2016Q4
SNI,188,718,2017Q1
SNI,189,718,2017Q2
SNI,190,718,2017Q3
SNI,191,718,2017Q4
SNPS,188,719,2017Q1
SNPS,189,719,2017Q2
SNPS,190,719,2017Q3
SNPS,191,719,2017Q4
SNPS,192,719,2018Q1
SNPS,193,719,2018Q2
SNPS,194,719,2018Q3
SNPS,195,719,2018Q4
SNPS,196,719,2019Q1
SNPS,197,719,2019Q2
SNPS,198,719,2019Q3
SNPS,199,719,2019Q4
SNPS,200,719,2020Q1
SNPS,201,719,2020Q2
SNPS,202,719,2020Q3
SNPS,203,719,2020Q4
SNPS,204,719,2021Q1
SNPS,205,719,2021Q2
SNPS,206,719,2021Q3
SNPS,207,719,2021Q4
SNPS,208,719,2022Q1
SNPS,209,719,2022Q2
SNPS,210,719,2022Q3
SNPS,211,719,2022Q4
SNPS,212,719,2023Q1
SNPS,213,719,2023Q2
SNPS,214,719,2023Q3
SNPS,215,719,2023Q4
SNPS,216,719,2024Q1
SNPS,217,719,2024Q2
SNPS,218,719,2024Q3
SNPS,219,719,2024Q4
SNPS,220,719,2025Q1
SNPS,221,719,2025Q2
SNPS,222,719,2025Q3
SNPS,223,719,2025Q4
SNPS,224,719,2026Q1
SNPS,225,719,2026Q2
SO,187,720,2016Q4
SO,188,720,2017Q1
SO,189,720,2017Q2
SO,190,720,2017Q3
SO,191,720,2017Q4
SO,192,720,2018Q1
SO,193,720,2018Q2
SO,194,720,2018Q3
SO,195,720,2018Q4
SO,196,720,2019Q1
SO,197,720,2019Q2
SO,198,720,2019Q3
SO,199,720,2019Q4
SO,200,720,2020Q1
SO,201,720,2020Q2
SO,202,720,2020Q3
SO,203,720,2020Q4
SO,204,720,2021Q1
SO,205,720,2021Q2
SO,206,720,2021Q3
SO,207,720,2021Q4
SO,208,720,2022Q1
SO,209,720,2022Q2
SO,210,720,2022Q3
SO,211,720,2022Q4
SO,212,720,2023Q1
SO,213,720,2023Q2
SO,214,720,2023Q3
SO,215,720,2023Q4
SO,216,720,2024Q1
SO,217,720,2024Q2
SO,218,720,2024Q3
SO,219,720,2024Q4
SO,220,720,2025Q1
SO,221,720,2025Q2
SO,222,720,2025Q3
SO,223,720,2025Q4
SO,224,720,2026Q1
SO,225,720,2026Q2
SOLV,217,722,2024Q2
SOLV,218,722,2024Q3
SOLV,219,722,2024Q4
SOLV,220,722,2025Q1
SOLV,221,722,2025Q2
SOLV,222,722,2025Q3
SOLV,223,722,2025Q4
SOLV,224,722,2026Q1
SOLV,225,722,2026Q2
SPG,187,723,2016Q4
SPG,188,723,2017Q1
SPG,189,723,2017Q2
SPG,190,723,2017Q3
SPG,191,723,2017Q4
SPG,192,723,2018Q1
SPG,193,723,2018Q2
SPG,194,723,2018Q3
SPG,195,723,2018Q4
SPG,196,723,2019Q1
SPG,197,723,2019Q2
SPG,198,723,2019Q3
SPG,199,723,2019Q4
SPG,200,723,2020Q1
SPG,201,723,2020Q2
SPG,202,723,2020Q3
SPG,203,723,2020Q4
SPG,204,723,2021Q1
SPG,205,723,2021Q2
SPG,206,723,2021Q3
SPG,207,723,2021Q4
SPG,208,723,2022Q1
SPG,209,723,2022Q2
SPG,210,723,2022Q3
SPG,211,723,2022Q4
SPG,212,723,2023Q1
SPG,213,723,2023Q2
SPG,214,723,2023Q3
SPG,215,723,2023Q4
SPG,216,723,2024Q1
SPG,217,723,2024Q2
SPG,218,723,2024Q3
SPG,219,723,2024Q4
SPG,220,723,2025Q1
SPG,221,723,2025Q2
SPG,222,723,2025Q3
SPG,223,723,2025Q4
SPG,224,723,2026Q1
SPG,225,723,2026Q2
SPGI,187,724,2016Q4
SPGI,188,724,2017Q1
SPGI,189,724,2017Q2
SPGI,190,724,2017Q3
SPGI,191,724,2017Q4
SPGI,192,724,2018Q1
SPGI,193,724,2018Q2
SPGI,194,724,2018Q3
SPGI,195,724,2018Q4
SPGI,196,724,2019Q1
SPGI,197,724,2019Q2
SPGI,198,724,2019Q3
SPGI,199,724,2019Q4
SPGI,200,724,2020Q1
SPGI,201,724,2020Q2
SPGI,202,724,2020Q3
SPGI,203,724,2020Q4
SPGI,204,724,2021Q1
SPGI,205,724,2021Q2
SPGI,206,724,2021Q3
SPGI,207,724,2021Q4
SPGI,208,724,2022Q1
SPGI,209,724,2022Q2
SPGI,210,724,2022Q3
SPGI,211,724,2022Q4
SPGI,212,724,2023Q1
SPGI,213,724,2023Q2
SPGI,214,724,2023Q3
SPGI,215,724,2023Q4
SPGI,216,724,2024Q1
SPGI,217,724,2024Q2
SPGI,218,724,2024Q3
SPGI,219,724,2024Q4
SPGI,220,724,2025Q1
SPGI,221,724,2025Q2
SPGI,222,724,2025Q3
SPGI,223,724,2025Q4
SPGI,224,724,2026Q1
SPGI,225,724,2026Q2
SPLS,187,725,2016Q4
SPLS,188,725,2017Q1
SPLS,189,725,2017Q2
SRCL,187,726,2016Q4
SRCL,188,726,2017Q1
SRCL,189,726,2017Q2
SRCL,190,726,2017Q3
SRCL,191,726,2017Q4
SRCL,192,726,2018Q1
SRCL,193,726,2018Q2
SRCL,194,726,2018Q3
SRE,188,727,2017Q1
SRE,189,727,2017Q2
SRE,190,727,2017Q3
SRE,191,727,2017Q4
SRE,192,727,2018Q1
SRE,193,727,2018Q2
SRE,194,727,2018Q3
SRE,195,727,2018Q4
SRE,196,727,2019Q1
SRE,197,727,2019Q2
SRE,198,727,2019Q3
SRE,199,727,2019Q4
SRE,200,727,2020Q1
SRE,201,727,2020Q2
SRE,202,727,2020Q3
SRE,203,727,2020Q4
SRE,204,727,2021Q1
SRE,205,727,2021Q2
SRE,206,727,2021Q3
SRE,207,727,2021Q4
SRE,208,727,2022Q1
SRE,209,727,2022Q2
SRE,210,727,2022Q3
SRE,211,727,2022Q4
SRE,212,727,2023Q1
SRE,213,727,2023Q2
SRE,214,727,2023Q3
SRE,215,727,2023Q4
SRE,216,727,2024Q1
SRE,217,727,2024Q2
SRE,218,727,2024Q3
SRE,219,727,2024Q4
SRE,220,727,2025Q1
SRE,221,727,2025Q2
SRE,222,727,2025Q3
SRE,223,727,2025Q4
SRE,224,727,2026Q1
SRE,225,727,2026Q2
STE,199,728,2019Q4
STE,200,728,2020Q1
STE,201,728,2020Q2
STE,202,728,2020Q3
STE,203,728,2020Q4
STE,204,728,2021Q1
STE,205,728,2021Q2
STE,206,728,2021Q3
STE,207,728,2021Q4
STE,208,728,2022Q1
STE,209,728,2022Q2
STE,210,728,2022Q3
STE,211,728,2022Q4
STE,212,728,2023Q1
STE,213,728,2023Q2
STE,214,728,2023Q3
STE,215,728,2023Q4
STE,216,728,2024Q1
STE,217,728,2024Q2
STE,218,728,2024Q3
STE,219,728,2024Q4
STE,220,728,2025Q1
STE,221,728,2025Q2
STE,222,728,2025Q3
STE,223,728,2025Q4
STE,224,728,2026Q1
STE,225,728,2026Q2
STI,187,729,2016Q4
STI,188,729,2017Q1
STI,189,729,2017Q2
STI,190,729,2017Q3
STI,191,729,2017Q4
STI,192,729,2018Q1
STI,193,729,2018Q2
STI,194,729,2018Q3
STI,195,729,2018Q4
STI,196,729,2019Q1
STI,197,729,2019Q2
STI,198,729,2019Q3
STJ,187,730,2016Q4
STLD,211,731,2022Q4
STLD,212,731,2023Q1
STLD,213,731,2023Q2
STLD,214,731,2023Q3
STLD,215,731,2023Q4
STLD,216,731,2024Q1
STLD,217,731,2024Q2
STLD,218,731,2024Q3
STLD,219,731,2024Q4
STLD,220,731,2025Q1
STLD,221,731,2025Q2
STLD,222,731,2025Q3
STLD,223,731,2025Q4
STLD,224,731,2026Q1
STLD,225,731,2026Q2
STT,187,733,2016Q4
STT,188,733,2017Q1
STT,189,733,2017Q2
STT,190,733,2017Q3
STT,191,733,2017Q4
STT,192,733,2018Q1
STT,193,733,2018Q2
STT,194,733,2018Q3
STT,195,733,2018Q4
STT,196,733,2019Q1
STT,197,733,2019Q2
STT,198,733,2019Q3
STT,199,733,2019Q4
STT,200,733,2020Q1
STT,201,733,2020Q2
STT,202,733,2020Q3
STT,203,733,2020Q4
STT,204,733,2021Q1
STT,205,733,2021Q2
STT,206,733,2021Q3
STT,207,733,2021Q4
STT,208,733,2022Q1
STT,209,733,2022Q2
STT,210,733,2022Q3
STT,211,733,2022Q4
STT,212,733,2023Q1
STT,213,733,2023Q2
STT,214,733,2023Q3
STT,215,733,2023Q4
STT,216,733,2024Q1
STT,217,733,2024Q2
STT,218,733,2024Q3
STT,219,733,2024Q4
STT,220,733,2025Q1
STT,221,733,2025Q2
STT,222,733,2025Q3
STT,223,733,2025Q4
STT,224,733,2026Q1
STT,225,733,2026Q2
STX,187,734,2016Q4
STX,188,734,2017Q1
STX,189,734,2017Q2
STX,190,734,2017Q3
STX,191,734,2017Q4
STX,192,734,2018Q1
STX,193,734,2018Q2
STX,194,734,2018Q3
STX,195,734,2018Q4
STX,196,734,2019Q1
STX,197,734,2019Q2
STX,198,734,2019Q3
STX,199,734,2019Q4
STX,200,734,2020Q1
STX,201,734,2020Q2
STX,202,734,2020Q3
STX,203,734,2020Q4
STX,204,734,2021Q1
STX,205,734,2021Q2
STX,206,734,2021Q3
STX,207,734,2021Q4
STX,208,734,2022Q1
STX,209,734,2022Q2
STX,210,734,2022Q3
STX,211,734,2022Q4
STX,212,734,2023Q1
STX,213,734,2023Q2
STX,214,734,2023Q3
STX,215,734,2023Q4
STX,216,734,2024Q1
STX,217,734,2024Q2
STX,218,734,2024Q3
STX,219,734,2024Q4
STX,220,734,2025Q1
STX,221,734,2025Q2
STX,222,734,2025Q3
STX,223,734,2025Q4
STX,224,734,2026Q1
STX,225,734,2026Q2
STZ,187,735,2016Q4
STZ,188,735,2017Q1
STZ,189,735,2017Q2
STZ,190,735,2017Q3
STZ,191,735,2017Q4
STZ,192,735,2018Q1
STZ,193,735,2018Q2
STZ,194,735,2018Q3
STZ,195,735,2018Q4
STZ,196,735,2019Q1
STZ,197,735,2019Q2
STZ,198,735,2019Q3
STZ,199,735,2019Q4
STZ,200,735,2020Q1
STZ,201,735,2020Q2
STZ,202,735,2020Q3
STZ,203,735,2020Q4
STZ,204,735,2021Q1
STZ,205,735,2021Q2
STZ,206,735,2021Q3
STZ,207,735,2021Q4
STZ,208,735,2022Q1
STZ,209,735,2022Q2
STZ,210,735,2022Q3
STZ,211,735,2022Q4
STZ,212,735,2023Q1
STZ,213,735,2023Q2
STZ,214,735,2023Q3
STZ,215,735,2023Q4
STZ,216,735,2024Q1
STZ,217,735,2024Q2
STZ,218,735,2024Q3
STZ,219,735,2024Q4
STZ,220,735,2025Q1
STZ,221,735,2025Q2
STZ,222,735,2025Q3
STZ,223,735,2025Q4
STZ,224,735,2026Q1
STZ,225,735,2026Q2
SW,218,738,2024Q3
SW,219,738,2024Q4
SW,220,738,2025Q1
SW,221,738,2025Q2
SW,222,738,2025Q3
SW,223,738,2025Q4
SW,224,738,2026Q1
SW,225,738,2026Q2
SWK,187,739,2016Q4
SWK,188,739,2017Q1
SWK,189,739,2017Q2
SWK,190,739,2017Q3
SWK,191,739,2017Q4
SWK,192,739,2018Q1
SWK,193,739,2018Q2
SWK,194,739,2018Q3
SWK,195,739,2018Q4
SWK,196,739,2019Q1
SWK,197,739,2019Q2
SWK,198,739,2019Q3
SWK,199,739,2019Q4
SWK,200,739,2020Q1
SWK,201,739,2020Q2
SWK,202,739,2020Q3
SWK,203,739,2020Q4
SWK,204,739,2021Q1
SWK,205,739,2021Q2
SWK,206,739,2021Q3
SWK,207,739,2021Q4
SWK,208,739,2022Q1
SWK,209,739,2022Q2
SWK,210,739,2022Q3
SWK,211,739,2022Q4
SWK,212,739,2023Q1
SWK,213,739,2023Q2
SWK,214,739,2023Q3
SWK,215,739,2023Q4
SWK,216,739,2024Q1
SWK,217,739,2024Q2
SWK,218,739,2024Q3
SWK,219,739,2024Q4
SWK,220,739,2025Q1
SWK,221,739,2025Q2
SWK,222,739,2025Q3
SWK,223,739,2025Q4
SWK,224,739,2026Q1
SWK,225,739,2026Q2
SWKS,187,740,2016Q4
SWKS,188,740,2017Q1
SWKS,189,740,2017Q2
SWKS,190,740,2017Q3
SWKS,191,740,2017Q4
SWKS,192,740,2018Q1
SWKS,193,740,2018Q2
SWKS,194,740,2018Q3
SWKS,195,740,2018Q4
SWKS,196,740,2019Q1
SWKS,197,740,2019Q2
SWKS,198,740,2019Q3
SWKS,199,740,2019Q4
SWKS,200,740,2020Q1
SWKS,201,740,2020Q2
SWKS,202,740,2020Q3
SWKS,203,740,2020Q4
SWKS,204,740,2021Q1
SWKS,205,740,2021Q2
SWKS,206,740,2021Q3
SWKS,207,740,2021Q4
SWKS,208,740,2022Q1
SWKS,209,740,2022Q2
SWKS,210,740,2022Q3
SWKS,211,740,2022Q4
SWKS,212,740,2023Q1
SWKS,213,740,2023Q2
SWKS,214,740,2023Q3
SWKS,215,740,2023Q4
SWKS,216,740,2024Q1
SWKS,217,740,2024Q2
SWKS,218,740,2024Q3
SWKS,219,740,2024Q4
SWKS,220,740,2025Q1
SWKS,221,740,2025Q2
SWKS,222,740,2025Q3
SWKS,223,740,2025Q4
SWKS,224,740,2026Q1
SWKS,225,740,2026Q2
SWN,187,741,2016Q4
SWN,188,741,2017Q1
SYF,187,743,2016Q4
SYF,188,743,2017Q1
SYF,189,743,2017Q2
SYF,190,743,2017Q3
SYF,191,743,2017Q4
SYF,192,743,2018Q1
SYF,193,743,2018Q2
SYF,194,743,2018Q3
SYF,195,743,2018Q4
SYF,196,743,2019Q1
SYF,197,743,2019Q2
SYF,198,743,2019Q3
SYF,199,743,2019Q4
SYF,200,743,2020Q1
SYF,201,743,2020Q2
SYF,202,743,2020Q3
SYF,203,743,2020Q4
SYF,204,743,2021Q1
SYF,205,743,2021Q2
SYF,206,743,2021Q3
SYF,207,743,2021Q4
SYF,208,743,2022Q1
SYF,209,743,2022Q2
SYF,210,743,2022Q3
SYF,211,743,2022Q4
SYF,212,743,2023Q1
SYF,213,743,2023Q2
SYF,214,743,2023Q3
SYF,215,743,2023Q4
SYF,216,743,2024Q1
SYF,217,743,2024Q2
SYF,218,743,2024Q3
SYF,219,743,2024Q4
SYF,220,743,2025Q1
SYF,221,743,2025Q2
SYF,222,743,2025Q3
SYF,223,743,2025Q4
SYF,224,743,2026Q1
SYF,225,743,2026Q2
SYK,187,744,2016Q4
SYK,188,744,2017Q1
SYK,189,744,2017Q2
SYK,190,744,2017Q3
SYK,191,744,2017Q4
SYK,192,744,2018Q1
SYK,193,744,2018Q2
SYK,194,744,2018Q3
SYK,195,744,2018Q4
SYK,196,744,2019Q1
SYK,197,744,2019Q2
SYK,198,744,2019Q3
SYK,199,744,2019Q4
SYK,200,744,2020Q1
SYK,201,744,2020Q2
SYK,202,744,2020Q3
SYK,203,744,2020Q4
SYK,204,744,2021Q1
SYK,205,744,2021Q2
SYK,206,744,2021Q3
SYK,207,744,2021Q4
SYK,208,744,2022Q1
SYK,209,744,2022Q2
SYK,210,744,2022Q3
SYK,211,744,2022Q4
SYK,212,744,2023Q1
SYK,213,744,2023Q2
SYK,214,744,2023Q3
SYK,215,744,2023Q4
SYK,216,744,2024Q1
SYK,217,744,2024Q2
SYK,218,744,2024Q3
SYK,219,744,2024Q4
SYK,220,744,2025Q1
SYK,221,744,2025Q2
SYK,222,744,2025Q3
SYK,223,744,2025Q4
SYK,224,744,2026Q1
SYK,225,744,2026Q2
SYY,187,745,2016Q4
SYY,188,745,2017Q1
SYY,189,745,2017Q2
SYY,190,745,2017Q3
SYY,191,745,2017Q4
SYY,192,745,2018Q1
SYY,193,745,2018Q2
SYY,194,745,2018Q3
SYY,195,745,2018Q4
SYY,196,745,2019Q1
SYY,197,745,2019Q2
SYY,198,745,2019Q3
SYY,199,745,2019Q4
SYY,200,745,2020Q1
SYY,201,745,2020Q2
SYY,202,745,2020Q3
SYY,203,745,2020Q4
SYY,204,745,2021Q1
SYY,205,745,2021Q2
SYY,206,745,2021Q3
SYY,207,745,2021Q4
SYY,208,745,2022Q1
SYY,209,745,2022Q2
SYY,210,745,2022Q3
SYY,211,745,2022Q4
SYY,212,745,2023Q1
SYY,213,745,2023Q2
SYY,214,745,2023Q3
SYY,215,745,2023Q4
SYY,216,745,2024Q1
SYY,217,745,2024Q2
SYY,218,745,2024Q3
SYY,219,745,2024Q4
SYY,220,745,2025Q1
SYY,221,745,2025Q2
SYY,222,745,2025Q3
SYY,223,745,2025Q4
SYY,224,745,2026Q1
SYY,225,745,2026Q2
T,187,746,2016Q4
T,188,746,2017Q1
T,189,746,2017Q2
T,190,746,2017Q3
T,191,746,2017Q4
T,192,746,2018Q1
T,193,746,2018Q2
T,194,746,2018Q3
T,195,746,2018Q4
T,196,746,2019Q1
T,197,746,2019Q2
T,198,746,2019Q3
T,199,746,2019Q4
T,200,746,2020Q1
T,201,746,2020Q2
T,202,746,2020Q3
T,203,746,2020Q4
T,204,746,2021Q1
T,205,746,2021Q2
T,206,746,2021Q3
T,207,746,2021Q4
T,208,746,2022Q1
T,209,746,2022Q2
T,210,746,2022Q3
T,211,746,2022Q4
T,212,746,2023Q1
T,213,746,2023Q2
T,214,746,2023Q3
T,215,746,2023Q4
T,216,746,2024Q1
T,217,746,2024Q2
T,218,746,2024Q3
T,219,746,2024Q4
T,220,746,2025Q1
T,221,746,2025Q2
T,222,746,2025Q3
T,223,746,2025Q4
T,224,746,2026Q1
T,225,746,2026Q2
TAP,187,747,2016Q4
TAP,188,747,2017Q1
TAP,189,747,2017Q2
TAP,190,747,2017Q3
TAP,191,747,2017Q4
TAP,192,747,2018Q1
TAP,193,747,2018Q2
TAP,194,747,2018Q3
TAP,195,747,2018Q4
TAP,196,747,2019Q1
TAP,197,747,2019Q2
TAP,198,747,2019Q3
TAP,199,747,2019Q4
TAP,200,747,2020Q1
TAP,201,747,2020Q2
TAP,202,747,2020Q3
TAP,203,747,2020Q4
TAP,204,747,2021Q1
TAP,205,747,2021Q2
TAP,206,747,2021Q3
TAP,207,747,2021Q4
TAP,208,747,2022Q1
TAP,209,747,2022Q2
TAP,210,747,2022Q3
TAP,211,747,2022Q4
TAP,212,747,2023Q1
TAP,213,747,2023Q2
TAP,214,747,2023Q3
TAP,215,747,2023Q4
TAP,216,747,2024Q1
TAP,217,747,2024Q2
TAP,218,747,2024Q3
TAP,219,747,2024Q4
TAP,220,747,2025Q1
TAP,221,747,2025Q2
TAP,222,747,2025Q3
TAP,223,747,2025Q4
TAP,224,747,2026Q1
TAP,225,747,2026Q2
TDC,187,748,2016Q4
TDC,188,748,2017Q1
TDG,187,749,2016Q4
TDG,188,749,2017Q1
TDG,189,749,2017Q2
TDG,190,749,2017Q3
TDG,191,749,2017Q4
TDG,192,749,2018Q1
TDG,193,749,2018Q2
TDG,194,749,2018Q3
TDG,195,749,2018Q4
TDG,196,749,2019Q1
TDG,197,749,2019Q2
TDG,198,749,2019Q3
TDG,199,749,2019Q4
TDG,200,749,2020Q1
TDG,201,749,2020Q2
TDG,202,749,2020Q3
TDG,203,749,2020Q4
TDG,204,749,2021Q1
TDG,205,749,2021Q2
TDG,206,749,2021Q3
TDG,207,749,2021Q4
TDG,208,749,2022Q1
TDG,209,749,2022Q2
TDG,210,749,2022Q3
TDG,211,749,2022Q4
TDG,212,749,2023Q1
TDG,213,749,2023Q2
TDG,214,749,2023Q3
TDG,215,749,2023Q4
TDG,216,749,2024Q1
TDG,217,749,2024Q2
TDG,218,749,2024Q3
TDG,219,749,2024Q4
TDG,220,749,2025Q1
TDG,221,749,2025Q2
TDG,222,749,2025Q3
TDG,223,749,2025Q4
TDG,224,749,2026Q1
TDG,225,749,2026Q2
TDY,201,750,2020Q2
TDY,202,750,2020Q3
TDY,203,750,2020Q4
TDY,204,750,2021Q1
TDY,205,750,2021Q2
TDY,206,750,2021Q3
TDY,207,750,2021Q4
TDY,208,750,2022Q1
TDY,209,750,2022Q2
TDY,210,750,2022Q3
TDY,211,750,2022Q4
TDY,212,750,2023Q1
TDY,213,750,2023Q2
TDY,214,750,2023Q3
TDY,215,750,2023Q4
TDY,216,750,2024Q1
TDY,217,750,2024Q2
TDY,218,750,2024Q3
TDY,219,750,2024Q4
TDY,220,750,2025Q1
TDY,221,750,2025Q2
TDY,222,750,2025Q3
TDY,223,750,2025Q4
TDY,224,750,2026Q1
TDY,225,750,2026Q2
TECH,206,752,2021Q3
TECH,207,752,2021Q4
TECH,208,752,2022Q1
TECH,209,752,2022Q2
TECH,210,752,2022Q3
TECH,211,752,2022Q4
TECH,212,752,2023Q1
TECH,213,752,2023Q2
TECH,214,752,2023Q3
TECH,215,752,2023Q4
TECH,216,752,2024Q1
TECH,217,752,2024Q2
TECH,218,752,2024Q3
TECH,219,752,2024Q4
TECH,220,752,2025Q1
TECH,221,752,2025Q2
TECH,222,752,2025Q3
TECH,223,752,2025Q4
TECH,224,752,2026Q1
TECH,225,752,2026Q2
TEL,187,755,2016Q4
TEL,188,755,2017Q1
TEL,189,755,2017Q2
TEL,190,755,2017Q3
TEL,191,755,2017Q4
TEL,192,755,2018Q1
TEL,193,755,2018Q2
TEL,194,755,2018Q3
TEL,195,755,2018Q4
TEL,196,755,2019Q1
TEL,197,755,2019Q2
TEL,198,755,2019Q3
TEL,199,755,2019Q4
TEL,200,755,2020Q1
TEL,201,755,2020Q2
TEL,202,755,2020Q3
TEL,203,755,2020Q4
TEL,204,755,2021Q1
TEL,205,755,2021Q2
TEL,206,755,2021Q3
TEL,207,755,2021Q4
TEL,208,755,2022Q1
TEL,209,755,2022Q2
TEL,210,755,2022Q3
TEL,211,755,2022Q4
TEL,212,755,2023Q1
TEL,213,755,2023Q2
TEL,214,755,2023Q3
TEL,215,755,2023Q4
TEL,216,755,2024Q1
TEL,217,755,2024Q2
TEL,218,755,2024Q3
TEL,219,755,2024Q4
TEL,220,755,2025Q1
TEL,221,755,2025Q2
TEL,222,755,2025Q3
TEL,223,755,2025Q4
TEL,224,755,2026Q1
TEL,225,755,2026Q2
TER,202,757,2020Q3
TER,203,757,2020Q4
TER,204,757,2021Q1
TER,205,757,2021Q2
TER,206,757,2021Q3
TER,207,757,2021Q4
TER,208,757,2022Q1
TER,209,757,2022Q2
TER,210,757,2022Q3
TER,211,757,2022Q4
TER,212,757,2023Q1
TER,213,757,2023Q2
TER,214,757,2023Q3
TER,215,757,2023Q4
TER,216,757,2024Q1
TER,217,757,2024Q2
TER,218,757,2024Q3
TER,219,757,2024Q4
TER,220,757,2025Q1
TER,221,757,2025Q2
TER,222,757,2025Q3
TER,223,757,2025Q4
TER,224,757,2026Q1
TER,225,757,2026Q2
TFC,187,758,2016Q4
TFC,188,758,2017Q1
TFC,189,758,2017Q2
TFC,190,758,2017Q3
TFC,191,758,2017Q4
TFC,192,758,2018Q1
TFC,193,758,2018Q2
TFC,194,758,2018Q3
TFC,195,758,2018Q4
TFC,196,758,2019Q1
TFC,197,758,2019Q2
TFC,198,758,2019Q3
TFC,199,758,2019Q4
TFC,200,758,2020Q1
TFC,201,758,2020Q2
TFC,202,758,2020Q3
TFC,203,758,2020Q4
TFC,204,758,2021Q1
TFC,205,758,2021Q2
TFC,206,758,2021Q3
TFC,207,758,2021Q4
TFC,208,758,2022Q1
TFC,209,758,2022Q2
TFC,210,758,2022Q3
TFC,211,758,2022Q4
TFC,212,758,2023Q1
TFC,213,758,2023Q2
TFC,214,758,2023Q3
TFC,215,758,2023Q4
TFC,216,758,2024Q1
TFC,217,758,2024Q2
TFC,218,758,2024Q3
TFC,219,758,2024Q4
TFC,220,758,2025Q1
TFC,221,758,2025Q2
TFC,222,758,2025Q3
TFC,223,758,2025Q4
TFC,224,758,2026Q1
TFC,225,758,2026Q2
TFX,196,759,2019Q1
TFX,197,759,2019Q2
TFX,198,759,2019Q3
TFX,199,759,2019Q4
TFX,200,759,2020Q1
TFX,201,759,2020Q2
TFX,202,759,2020Q3
TFX,203,759,2020Q4
TFX,204,759,2021Q1
TFX,205,759,2021Q2
TFX,206,759,2021Q3
TFX,207,759,2021Q4
TFX,208,759,2022Q1
TFX,209,759,2022Q2
TFX,210,759,2022Q3
TFX,211,759,2022Q4
TFX,212,759,2023Q1
TFX,213,759,2023Q2
TFX,214,759,2023Q3
TFX,215,759,2023Q4
TFX,216,759,2024Q1
TFX,217,759,2024Q2
TFX,218,759,2024Q3
TFX,219,759,2024Q4
TGNA,187,760,2016Q4
TGNA,188,760,2017Q1
TGT,187,761,2016Q4
TGT,188,761,2017Q1
TGT,189,761,2017Q2
TGT,190,761,2017Q3
TGT,191,761,2017Q4
TGT,192,761,2018Q1
TGT,193,761,2018Q2
TGT,194,761,2018Q3
TGT,195,761,2018Q4
TGT,196,761,2019Q1
TGT,197,761,2019Q2
TGT,198,761,2019Q3
TGT,199,761,2019Q4
TGT,200,761,2020Q1
TGT,201,761,2020Q2
TGT,202,761,2020Q3
TGT,203,761,2020Q4
TGT,204,761,2021Q1
TGT,205,761,2021Q2
TGT,206,761,2021Q3
TGT,207,761,2021Q4
TGT,208,761,2022Q1
TGT,209,761,2022Q2
TGT,210,761,2022Q3
TGT,211,761,2022Q4
TGT,212,761,2023Q1
TGT,213,761,2023Q2
TGT,214,761,2023Q3
TGT,215,761,2023Q4
TGT,216,761,2024Q1
TGT,217,761,2024Q2
TGT,218,761,2024Q3
TGT,219,761,2024Q4
TGT,220,761,2025Q1
TGT,221,761,2025Q2
TGT,222,761,2025Q3
TGT,223,761,2025Q4
TGT,224,761,2026Q1
TGT,225,761,2026Q2
TIF,187,764,2016Q4
TIF,188,764,2017Q1
TIF,189,764,2017Q2
TIF,190,764,2017Q3
TIF,191,764,2017Q4
TIF,192,764,2018Q1
TIF,193,764,2018Q2
TIF,194,764,2018Q3
TIF,195,764,2018Q4
TIF,196,764,2019Q1
TIF,197,764,2019Q2
TIF,198,764,2019Q3
TIF,199,764,2019Q4
TIF,200,764,2020Q1
TIF,201,764,2020Q2
TIF,202,764,2020Q3
TIF,203,764,2020Q4
TJX,187,765,2016Q4
TJX,188,765,2017Q1
TJX,189,765,2017Q2
TJX,190,765,2017Q3
TJX,191,765,2017Q4
TJX,192,765,2018Q1
TJX,193,765,2018Q2
TJX,194,765,2018Q3
TJX,195,765,2018Q4
TJX,196,765,2019Q1
TJX,197,765,2019Q2
TJX,198,765,2019Q3
TJX,199,765,2019Q4
TJX,200,765,2020Q1
TJX,201,765,2020Q2
TJX,202,765,2020Q3
TJX,203,765,2020Q4
TJX,204,765,2021Q1
TJX,205,765,2021Q2
TJX,206,765,2021Q3
TJX,207,765,2021Q4
TJX,208,765,2022Q1
TJX,209,765,2022Q2
TJX,210,765,2022Q3
TJX,211,765,2022Q4
TJX,212,765,2023Q1
TJX,213,765,2023Q2
TJX,214,765,2023Q3
TJX,215,765,2023Q4
TJX,216,765,2024Q1
TJX,217,765,2024Q2
TJX,218,765,2024Q3
TJX,219,765,2024Q4
TJX,220,765,2025Q1
TJX,221,765,2025Q2
TJX,222,765,2025Q3
TJX,223,765,2025Q4
TJX,224,765,2026Q1
TJX,225,765,2026Q2
TKO,220,766,2025Q1
TKO,221,766,2025Q2
TKO,222,766,2025Q3
TKO,223,766,2025Q4
TKO,224,766,2026Q1
TKO,225,766,2026Q2
TMO,187,769,2016Q4
TMO,188,769,2017Q1
TMO,189,769,2017Q2
TMO,190,769,2017Q3
TMO,191,769,2017Q4
TMO,192,769,2018Q1
TMO,193,769,2018Q2
TMO,194,769,2018Q3
TMO,195,769,2018Q4
TMO,196,769,2019Q1
TMO,197,769,2019Q2
TMO,198,769,2019Q3
TMO,199,769,2019Q4
TMO,200,769,2020Q1
TMO,201,769,2020Q2
TMO,202,769,2020Q3
TMO,203,769,2020Q4
TMO,204,769,2021Q1
TMO,205,769,2021Q2
TMO,206,769,2021Q3
TMO,207,769,2021Q4
TMO,208,769,2022Q1
TMO,209,769,2022Q2
TMO,210,769,2022Q3
TMO,211,769,2022Q4
TMO,212,769,2023Q1
TMO,213,769,2023Q2
TMO,214,769,2023Q3
TMO,215,769,2023Q4
TMO,216,769,2024Q1
TMO,217,769,2024Q2
TMO,218,769,2024Q3
TMO,219,769,2024Q4
TMO,220,769,2025Q1
TMO,221,769,2025Q2
TMO,222,769,2025Q3
TMO,223,769,2025Q4
TMO,224,769,2026Q1
TMO,225,769,2026Q2
TMUS,198,770,2019Q3
TMUS,199,770,2019Q4
TMUS,200,770,2020Q1
TMUS,201,770,2020Q2
TMUS,202,770,2020Q3
TMUS,203,770,2020Q4
TMUS,204,770,2021Q1
TMUS,205,770,2021Q2
TMUS,206,770,2021Q3
TMUS,207,770,2021Q4
TMUS,208,770,2022Q1
TMUS,209,770,2022Q2
TMUS,210,770,2022Q3
TMUS,211,770,2022Q4
TMUS,212,770,2023Q1
TMUS,213,770,2023Q2
TMUS,214,770,2023Q3
TMUS,215,770,2023Q4
TMUS,216,770,2024Q1
TMUS,217,770,2024Q2
TMUS,218,770,2024Q3
TMUS,219,770,2024Q4
TMUS,220,770,2025Q1
TMUS,221,770,2025Q2
TMUS,222,770,2025Q3
TMUS,223,770,2025Q4
TMUS,224,770,2026Q1
TMUS,225,770,2026Q2
TPL,219,771,2024Q4
TPL,220,771,2025Q1
TPL,221,771,2025Q2
TPL,222,771,2025Q3
TPL,223,771,2025Q4
TPL,224,771,2026Q1
TPL,225,771,2026Q2
TPR,187,772,2016Q4
TPR,188,772,2017Q1
TPR,189,772,2017Q2
TPR,190,772,2017Q3
TPR,191,772,2017Q4
TPR,192,772,2018Q1
TPR,193,772,2018Q2
TPR,194,772,2018Q3
TPR,195,772,2018Q4
TPR,196,772,2019Q1
TPR,197,772,2019Q2
TPR,198,772,2019Q3
TPR,199,772,2019Q4
TPR,200,772,2020Q1
TPR,201,772,2020Q2
TPR,202,772,2020Q3
TPR,203,772,2020Q4
TPR,204,772,2021Q1
TPR,205,772,2021Q2
TPR,206,772,2021Q3
TPR,207,772,2021Q4
TPR,208,772,2022Q1
TPR,209,772,2022Q2
TPR,210,772,2022Q3
TPR,211,772,2022Q4
TPR,212,772,2023Q1
TPR,213,772,2023Q2
TPR,214,772,2023Q3
TPR,215,772,2023Q4
TPR,216,772,2024Q1
TPR,217,772,2024Q2
TPR,218,772,2024Q3
TPR,219,772,2024Q4
TPR,220,772,2025Q1
TPR,221,772,2025Q2
TPR,222,772,2025Q3
TPR,223,772,2025Q4
TPR,224,772,2026Q1
TPR,225,772,2026Q2
TRGP,211,774,2022Q4
TRGP,212,774,2023Q1
TRGP,213,774,2023Q2
TRGP,214,774,2023Q3
TRGP,215,774,2023Q4
TRGP,216,774,2024Q1
TRGP,217,774,2024Q2
TRGP,218,774,2024Q3
TRGP,219,774,2024Q4
TRGP,220,774,2025Q1
TRGP,221,774,2025Q2
TRGP,222,774,2025Q3
TRGP,223,774,2025Q4
TRGP,224,774,2026Q1
TRGP,225,774,2026Q2
TRIP,187,775,2016Q4
TRIP,188,775,2017Q1
TRIP,189,775,2017Q2
TRIP,190,775,2017Q3
TRIP,191,775,2017Q4
TRIP,192,775,2018Q1
TRIP,193,775,2018Q2
TRIP,194,775,2018Q3
TRIP,195,775,2018Q4
TRIP,196,775,2019Q1
TRIP,197,775,2019Q2
TRIP,198,775,2019Q3
TRMB,204,776,2021Q1
TRMB,205,776,2021Q2
TRMB,206,776,2021Q3
TRMB,207,776,2021Q4
TRMB,208,776,2022Q1
TRMB,209,776,2022Q2
TRMB,210,776,2022Q3
TRMB,211,776,2022Q4
TRMB,212,776,2023Q1
TRMB,213,776,2023Q2
TRMB,214,776,2023Q3
TRMB,215,776,2023Q4
TRMB,216,776,2024Q1
TRMB,217,776,2024Q2
TRMB,218,776,2024Q3
TRMB,219,776,2024Q4
TRMB,220,776,2025Q1
TRMB,221,776,2025Q2
TRMB,222,776,2025Q3
TRMB,223,776,2025Q4
TRMB,224,776,2026Q1
TRMB,225,776,2026Q2
TROW,198,777,2019Q3
TROW,199,777,2019Q4
TROW,200,777,2020Q1
TROW,201,777,2020Q2
TROW,202,777,2020Q3
TROW,203,777,2020Q4
TROW,204,777,2021Q1
TROW,205,777,2021Q2
TROW,206,777,2021Q3
TROW,207,777,2021Q4
TROW,208,777,2022Q1
TROW,209,777,2022Q2
TROW,210,777,2022Q3
TROW,211,777,2022Q4
TROW,212,777,2023Q1
TROW,213,777,2023Q2
TROW,214,777,2023Q3
TROW,215,777,2023Q4
TROW,216,777,2024Q1
TROW,217,777,2024Q2
TROW,218,777,2024Q3
TROW,219,777,2024Q4
TROW,220,777,2025Q1
TROW,221,777,2025Q2
TROW,222,777,2025Q3
TROW,223,777,2025Q4
TROW,224,777,2026Q1
TROW,225,777,2026Q2
TRV,187,778,2016Q4
TRV,188,778,2017Q1
TRV,189,778,2017Q2
TRV,190,778,2017Q3
TRV,191,778,2017Q4
TRV,192,778,2018Q1
TRV,193,778,2018Q2
TRV,194,778,2018Q3
TRV,195,778,2018Q4
TRV,196,778,2019Q1
TRV,197,778,2019Q2
TRV,198,778,2019Q3
TRV,199,778,2019Q4
TRV,200,778,2020Q1
TRV,201,778,2020Q2
TRV,202,778,2020Q3
TRV,203,778,2020Q4
TRV,204,778,2021Q1
TRV,205,778,2021Q2
TRV,206,778,2021Q3
TRV,207,778,2021Q4
TRV,208,778,2022Q1
TRV,209,778,2022Q2
TRV,210,778,2022Q3
TRV,211,778,2022Q4
TRV,212,778,2023Q1
TRV,213,778,2023Q2
TRV,214,778,2023Q3
TRV,215,778,2023Q4
TRV,216,778,2024Q1
TRV,217,778,2024Q2
TRV,218,778,2024Q3
TRV,219,778,2024Q4
TRV,220,778,2025Q1
TRV,221,778,2025Q2
TRV,222,778,2025Q3
TRV,223,778,2025Q4
TRV,224,778,2026Q1
TRV,225,778,2026Q2
TSCO,187,779,2016Q4
TSCO,188,779,2017Q1
TSCO,189,779,2017Q2
TSCO,190,779,2017Q3
TSCO,191,779,2017Q4
TSCO,192,779,2018Q1
TSCO,193,779,2018Q2
TSCO,194,779,2018Q3
TSCO,195,779,2018Q4
TSCO,196,779,2019Q1
TSCO,197,779,2019Q2
TSCO,198,779,2019Q3
TSCO,199,779,2019Q4
TSCO,200,779,2020Q1
TSCO,201,779,2020Q2
TSCO,202,779,2020Q3
TSCO,203,779,2020Q4
TSCO,204,779,2021Q1
TSCO,205,779,2021Q2
TSCO,206,779,2021Q3
TSCO,207,779,2021Q4
TSCO,208,779,2022Q1
TSCO,209,779,2022Q2
TSCO,210,779,2022Q3
TSCO,211,779,2022Q4
TSCO,212,779,2023Q1
TSCO,213,779,2023Q2
TSCO,214,779,2023Q3
TSCO,215,779,2023Q4
TSCO,216,779,2024Q1
TSCO,217,779,2024Q2
TSCO,218,779,2024Q3
TSCO,219,779,2024Q4
TSCO,220,779,2025Q1
TSCO,221,779,2025Q2
TSCO,222,779,2025Q3
TSCO,223,779,2025Q4
TSCO,224,779,2026Q1
TSCO,225,779,2026Q2
TSLA,203,781,2020Q4
TSLA,204,781,2021Q1
TSLA,205,781,2021Q2
TSLA,206,781,2021Q3
TSLA,207,781,2021Q4
TSLA,208,781,2022Q1
TSLA,209,781,2022Q2
TSLA,210,781,2022Q3
TSLA,211,781,2022Q4
TSLA,212,781,2023Q1
TSLA,213,781,2023Q2
TSLA,214,781,2023Q3
TSLA,215,781,2023Q4
TSLA,216,781,2024Q1
TSLA,217,781,2024Q2
TSLA,218,781,2024Q3
TSLA,219,781,2024Q4
TSLA,220,781,2025Q1
TSLA,221,781,2025Q2
TSLA,222,781,2025Q3
TSLA,223,781,2025Q4
TSLA,224,781,2026Q1
TSLA,225,781,2026Q2
TSN,187,782,2016Q4
TSN,188,782,2017Q1
TSN,189,782,2017Q2
TSN,190,782,2017Q3
TSN,191,782,2017Q4
TSN,192,782,2018Q1
TSN,193,782,2018Q2
TSN,194,782,2018Q3
TSN,195,782,2018Q4
TSN,196,782,2019Q1
TSN,197,782,2019Q2
TSN,198,782,2019Q3
TSN,199,782,2019Q4
TSN,200,782,2020Q1
TSN,201,782,2020Q2
TSN,202,782,2020Q3
TSN,203,782,2020Q4
TSN,204,782,2021Q1
TSN,205,782,2021Q2
TSN,206,782,2021Q3
TSN,207,782,2021Q4
TSN,208,782,2022Q1
TSN,209,782,2022Q2
TSN,210,782,2022Q3
TSN,211,782,2022Q4
TSN,212,782,2023Q1
TSN,213,782,2023Q2
TSN,214,782,2023Q3
TSN,215,782,2023Q4
TSN,216,782,2024Q1
TSN,217,782,2024Q2
TSN,218,782,2024Q3
TSN,219,782,2024Q4
TSN,220,782,2025Q1
TSN,221,782,2025Q2
TSN,222,782,2025Q3
TSN,223,782,2025Q4
TSN,224,782,2026Q1
TSN,225,782,2026Q2
TSS,187,783,2016Q4
TSS,188,783,2017Q1
TSS,189,783,2017Q2
TSS,190,783,2017Q3
TSS,191,783,2017Q4
TSS,192,783,2018Q1
TSS,193,783,2018Q2
TSS,194,783,2018Q3
TSS,195,783,2018Q4
TSS,196,783,2019Q1
TSS,197,783,2019Q2
TT,187,784,2016Q4
TT,188,784,2017Q1
TT,189,784,2017Q2
TT,190,784,2017Q3
TT,191,784,2017Q4
TT,192,784,2018Q1
TT,193,784,2018Q2
TT,194,784,2018Q3
TT,195,784,2018Q4
TT,196,784,2019Q1
TT,197,784,2019Q2
TT,198,784,2019Q3
TT,199,784,2019Q4
TT,200,784,2020Q1
TT,201,784,2020Q2
TT,202,784,2020Q3
TT,203,784,2020Q4
TT,204,784,2021Q1
TT,205,784,2021Q2
TT,206,784,2021Q3
TT,207,784,2021Q4
TT,208,784,2022Q1
TT,209,784,2022Q2
TT,210,784,2022Q3
TT,211,784,2022Q4
TT,212,784,2023Q1
TT,213,784,2023Q2
TT,214,784,2023Q3
TT,215,784,2023Q4
TT,216,784,2024Q1
TT,217,784,2024Q2
TT,218,784,2024Q3
TT,219,784,2024Q4
TT,220,784,2025Q1
TT,221,784,2025Q2
TT,222,784,2025Q3
TT,223,784,2025Q4
TT,224,784,2026Q1
TT,225,784,2026Q2
TTD,222,785,2025Q3
TTD,223,785,2025Q4
TTD,224,785,2026Q1
TTD,225,785,2026Q2
TTWO,192,786,2018Q1
TTWO,193,786,2018Q2
TTWO,194,786,2018Q3
TTWO,195,786,2018Q4
TTWO,196,786,2019Q1
TTWO,197,786,2019Q2
TTWO,198,786,2019Q3
TTWO,199,786,2019Q4
TTWO,200,786,2020Q1
TTWO,201,786,2020Q2
TTWO,202,786,2020Q3
TTWO,203,786,2020Q4
TTWO,204,786,2021Q1
TTWO,205,786,2021Q2
TTWO,206,786,2021Q3
TTWO,207,786,2021Q4
TTWO,208,786,2022Q1
TTWO,209,786,2022Q2
TTWO,210,786,2022Q3
TTWO,211,786,2022Q4
TTWO,212,786,2023Q1
TTWO,213,786,2023Q2
TTWO,214,786,2023Q3
TTWO,215,786,2023Q4
TTWO,216,786,2024Q1
TTWO,217,786,2024Q2
TTWO,218,786,2024Q3
TTWO,219,786,2024Q4
TTWO,220,786,2025Q1
TTWO,221,786,2025Q2
TTWO,222,786,2025Q3
TTWO,223,786,2025Q4
TTWO,224,786,2026Q1
TTWO,225,786,2026Q2
TWTR,193,788,2018Q2
TWTR,194,788,2018Q3
TWTR,195,788,2018Q4
TWTR,196,788,2019Q1
TWTR,197,788,2019Q2
TWTR,198,788,2019Q3
TWTR,199,788,2019Q4
TWTR,200,788,2020Q1
TWTR,201,788,2020Q2
TWTR,202,788,2020Q3
TWTR,203,788,2020Q4
TWTR,204,788,2021Q1
TWTR,205,788,2021Q2
TWTR,206,788,2021Q3
TWTR,207,788,2021Q4
TWTR,208,788,2022Q1
TWTR,209,788,2022Q2
TWTR,210,788,2022Q3
TWX,187,789,2016Q4
TWX,188,789,2017Q1
TWX,189,789,2017Q2
TWX,190,789,2017Q3
TWX,191,789,2017Q4
TWX,192,789,2018Q1
TXN,187,790,2016Q4
TXN,188,790,2017Q1
TXN,189,790,2017Q2
TXN,190,790,2017Q3
TXN,191,790,2017Q4
TXN,192,790,2018Q1
TXN,193,790,2018Q2
TXN,194,790,2018Q3
TXN,195,790,2018Q4
TXN,196,790,2019Q1
TXN,197,790,2019Q2
TXN,198,790,2019Q3
TXN,199,790,2019Q4
TXN,200,790,2020Q1
TXN,201,790,2020Q2
TXN,202,790,2020Q3
TXN,203,790,2020Q4
TXN,204,790,2021Q1
TXN,205,790,2021Q2
TXN,206,790,2021Q3
TXN,207,790,2021Q4
TXN,208,790,2022Q1
TXN,209,790,2022Q2
TXN,210,790,2022Q3
TXN,211,790,2022Q4
TXN,212,790,2023Q1
TXN,213,790,2023Q2
TXN,214,790,2023Q3
TXN,215,790,2023Q4
TXN,216,790,2024Q1
TXN,217,790,2024Q2
TXN,218,790,2024Q3
TXN,219,790,2024Q4
TXN,220,790,2025Q1
TXN,221,790,2025Q2
TXN,222,790,2025Q3
TXN,223,790,2025Q4
TXN,224,790,2026Q1
TXN,225,790,2026Q2
TXT,187,791,2016Q4
TXT,188,791,2017Q1
TXT,189,791,2017Q2
TXT,190,791,2017Q3
TXT,191,791,2017Q4
TXT,192,791,2018Q1
TXT,193,791,2018Q2
TXT,194,791,2018Q3
TXT,195,791,2018Q4
TXT,196,791,2019Q1
TXT,197,791,2019Q2
TXT,198,791,2019Q3
TXT,199,791,2019Q4
TXT,200,791,2020Q1
TXT,201,791,2020Q2
TXT,202,791,2020Q3
TXT,203,791,2020Q4
TXT,204,791,2021Q1
TXT,205,791,2021Q2
TXT,206,791,2021Q3
TXT,207,791,2021Q4
TXT,208,791,2022Q1
TXT,209,791,2022Q2
TXT,210,791,2022Q3
TXT,211,791,2022Q4
TXT,212,791,2023Q1
TXT,213,791,2023Q2
TXT,214,791,2023Q3
TXT,215,791,2023Q4
TXT,216,791,2024Q1
TXT,217,791,2024Q2
TXT,218,791,2024Q3
TXT,219,791,2024Q4
TXT,220,791,2025Q1
TXT,221,791,2025Q2
TXT,222,791,2025Q3
TXT,223,791,2025Q4
TXT,224,791,2026Q1
TXT,225,791,2026Q2
TYL,201,793,2020Q2
TYL,202,793,2020Q3
TYL,203,793,2020Q4
TYL,204,793,2021Q1
TYL,205,793,2021Q2
TYL,206,793,2021Q3
TYL,207,793,2021Q4
TYL,208,793,2022Q1
TYL,209,793,2022Q2
TYL,210,793,2022Q3
TYL,211,793,2022Q4
TYL,212,793,2023Q1
TYL,213,793,2023Q2
TYL,214,793,2023Q3
TYL,215,793,2023Q4
TYL,216,793,2024Q1
TYL,217,793,2024Q2
TYL,218,793,2024Q3
TYL,219,793,2024Q4
TYL,220,793,2025Q1
TYL,221,793,2025Q2
TYL,222,793,2025Q3
TYL,223,793,2025Q4
TYL,224,793,2026Q1
TYL,225,793,2026Q2
UA,187,794,2016Q4
UA,188,794,2017Q1
UA,189,794,2017Q2
UA,190,794,2017Q3
UA,191,794,2017Q4
UA,192,794,2018Q1
UA,193,794,2018Q2
UA,194,794,2018Q3
UA,195,794,2018Q4
UA,196,794,2019Q1
UA,197,794,2019Q2
UA,198,794,2019Q3
UA,199,794,2019Q4
UA,200,794,2020Q1
UA,201,794,2020Q2
UA,202,794,2020Q3
UA,203,794,2020Q4
UA,204,794,2021Q1
UA,205,794,2021Q2
UA,206,794,2021Q3
UA,207,794,2021Q4
UA,208,794,2022Q1
UAA,187,795,2016Q4
UAA,188,795,2017Q1
UAA,189,795,2017Q2
UAA,190,795,2017Q3
UAA,191,795,2017Q4
UAA,192,795,2018Q1
UAA,193,795,2018Q2
UAA,194,795,2018Q3
UAA,195,795,2018Q4
UAA,196,795,2019Q1
UAA,197,795,2019Q2
UAA,198,795,2019Q3
UAA,199,795,2019Q4
UAA,200,795,2020Q1
UAA,201,795,2020Q2
UAA,202,795,2020Q3
UAA,203,795,2020Q4
UAA,204,795,2021Q1
UAA,205,795,2021Q2
UAA,206,795,2021Q3
UAA,207,795,2021Q4
UAA,208,795,2022Q1
UAL,187,796,2016Q4
UAL,188,796,2017Q1
UAL,189,796,2017Q2
UAL,190,796,2017Q3
UAL,191,796,2017Q4
UAL,192,796,2018Q1
UAL,193,796,2018Q2
UAL,194,796,2018Q3
UAL,195,796,2018Q4
UAL,196,796,2019Q1
UAL,197,796,2019Q2
UAL,198,796,2019Q3
UAL,199,796,2019Q4
UAL,200,796,2020Q1
UAL,201,796,2020Q2
UAL,202,796,2020Q3
UAL,203,796,2020Q4
UAL,204,796,2021Q1
UAL,205,796,2021Q2
UAL,206,796,2021Q3
UAL,207,796,2021Q4
UAL,208,796,2022Q1
UAL,209,796,2022Q2
UAL,210,796,2022Q3
UAL,211,796,2022Q4
UAL,212,796,2023Q1
UAL,213,796,2023Q2
UAL,214,796,2023Q3
UAL,215,796,2023Q4
UAL,216,796,2024Q1
UAL,217,796,2024Q2
UAL,218,796,2024Q3
UAL,219,796,2024Q4
UAL,220,796,2025Q1
UAL,221,796,2025Q2
UAL,222,796,2025Q3
UAL,223,796,2025Q4
UAL,224,796,2026Q1
UAL,225,796,2026Q2
UBER,215,797,2023Q4
UBER,216,797,2024Q1
UBER,217,797,2024Q2
UBER,218,797,2024Q3
UBER,219,797,2024Q4
UBER,220,797,2025Q1
UBER,221,797,2025Q2
UBER,222,797,2025Q3
UBER,223,797,2025Q4
UBER,224,797,2026Q1
UBER,225,797,2026Q2
UDR,187,798,2016Q4
UDR,188,798,2017Q1
UDR,189,798,2017Q2
UDR,190,798,2017Q3
UDR,191,798,2017Q4
UDR,192,798,2018Q1
UDR,193,798,2018Q2
UDR,194,798,2018Q3
UDR,195,798,2018Q4
UDR,196,798,2019Q1
UDR,197,798,2019Q2
UDR,198,798,2019Q3
UDR,199,798,2019Q4
UDR,200,798,2020Q1
UDR,201,798,2020Q2
UDR,202,798,2020Q3
UDR,203,798,2020Q4
UDR,204,798,2021Q1
UDR,205,798,2021Q2
UDR,206,798,2021Q3
UDR,207,798,2021Q4
UDR,208,798,2022Q1
UDR,209,798,2022Q2
UDR,210,798,2022Q3
UDR,211,798,2022Q4
UDR,212,798,2023Q1
UDR,213,798,2023Q2
UDR,214,798,2023Q3
UDR,215,798,2023Q4
UDR,216,798,2024Q1
UDR,217,798,2024Q2
UDR,218,798,2024Q3
UDR,219,798,2024Q4
UDR,220,798,2025Q1
UDR,221,798,2025Q2
UDR,222,798,2025Q3
UDR,223,798,2025Q4
UDR,224,798,2026Q1
UDR,225,798,2026Q2
UHS,187,799,2016Q4
UHS,188,799,2017Q1
UHS,189,799,2017Q2
UHS,190,799,2017Q3
UHS,191,799,2017Q4
UHS,192,799,2018Q1
UHS,193,799,2018Q2
UHS,194,799,2018Q3
UHS,195,799,2018Q4
UHS,196,799,2019Q1
UHS,197,799,2019Q2
UHS,198,799,2019Q3
UHS,199,799,2019Q4
UHS,200,799,2020Q1
UHS,201,799,2020Q2
UHS,202,799,2020Q3
UHS,203,799,2020Q4
UHS,204,799,2021Q1
UHS,205,799,2021Q2
UHS,206,799,2021Q3
UHS,207,799,2021Q4
UHS,208,799,2022Q1
UHS,209,799,2022Q2
UHS,210,799,2022Q3
UHS,211,799,2022Q4
UHS,212,799,2023Q1
UHS,213,799,2023Q2
UHS,214,799,2023Q3
UHS,215,799,2023Q4
UHS,216,799,2024Q1
UHS,217,799,2024Q2
UHS,218,799,2024Q3
UHS,219,799,2024Q4
UHS,220,799,2025Q1
UHS,221,799,2025Q2
UHS,222,799,2025Q3
UHS,223,799,2025Q4
UHS,224,799,2026Q1
UHS,225,799,2026Q2
ULTA,187,800,2016Q4
ULTA,188,800,2017Q1
ULTA,189,800,2017Q2
ULTA,190,800,2017Q3
ULTA,191,800,2017Q4
ULTA,192,800,2018Q1
ULTA,193,800,2018Q2
ULTA,194,800,2018Q3
ULTA,195,800,2018Q4
ULTA,196,800,2019Q1
ULTA,197,800,2019Q2
ULTA,198,800,2019Q3
ULTA,199,800,2019Q4
ULTA,200,800,2020Q1
ULTA,201,800,2020Q2
ULTA,202,800,2020Q3
ULTA,203,800,2020Q4
ULTA,204,800,2021Q1
ULTA,205,800,2021Q2
ULTA,206,800,2021Q3
ULTA,207,800,2021Q4
ULTA,208,800,2022Q1
ULTA,209,800,2022Q2
ULTA,210,800,2022Q3
ULTA,211,800,2022Q4
ULTA,212,800,2023Q1
ULTA,213,800,2023Q2
ULTA,214,800,2023Q3
ULTA,215,800,2023Q4
ULTA,216,800,2024Q1
ULTA,217,800,2024Q2
ULTA,218,800,2024Q3
ULTA,219,800,2024Q4
ULTA,220,800,2025Q1
ULTA,221,800,2025Q2
ULTA,222,800,2025Q3
ULTA,223,800,2025Q4
ULTA,224,800,2026Q1
ULTA,225,800,2026Q2
UNH,187,801,2016Q4
UNH,188,801,2017Q1
UNH,189,801,2017Q2
UNH,190,801,2017Q3
UNH,191,801,2017Q4
UNH,192,801,2018Q1
UNH,193,801,2018Q2
UNH,194,801,2018Q3
UNH,195,801,2018Q4
UNH,196,801,2019Q1
UNH,197,801,2019Q2
UNH,198,801,2019Q3
UNH,199,801,2019Q4
UNH,200,801,2020Q1
UNH,201,801,2020Q2
UNH,202,801,2020Q3
UNH,203,801,2020Q4
UNH,204,801,2021Q1
UNH,205,801,2021Q2
UNH,206,801,2021Q3
UNH,207,801,2021Q4
UNH,208,801,2022Q1
UNH,209,801,2022Q2
UNH,210,801,2022Q3
UNH,211,801,2022Q4
UNH,212,801,2023Q1
UNH,213,801,2023Q2
UNH,214,801,2023Q3
UNH,215,801,2023Q4
UNH,216,801,2024Q1
UNH,217,801,2024Q2
UNH,218,801,2024Q3
UNH,219,801,2024Q4
UNH,220,801,2025Q1
UNH,221,801,2025Q2
UNH,222,801,2025Q3
UNH,223,801,2025Q4
UNH,224,801,2026Q1
UNH,225,801,2026Q2
UNM,187,802,2016Q4
UNM,188,802,2017Q1
UNM,189,802,2017Q2
UNM,190,802,2017Q3
UNM,191,802,2017Q4
UNM,192,802,2018Q1
UNM,193,802,2018Q2
UNM,194,802,2018Q3
UNM,195,802,2018Q4
UNM,196,802,2019Q1
UNM,197,802,2019Q2
UNM,198,802,2019Q3
UNM,199,802,2019Q4
UNM,200,802,2020Q1
UNM,201,802,2020Q2
UNM,202,802,2020Q3
UNM,203,802,2020Q4
UNM,204,802,2021Q1
UNM,205,802,2021Q2
UNP,187,803,2016Q4
UNP,188,803,2017Q1
UNP,189,803,2017Q2
UNP,190,803,2017Q3
UNP,191,803,2017Q4
UNP,192,803,2018Q1
UNP,193,803,2018Q2
UNP,194,803,2018Q3
UNP,195,803,2018Q4
UNP,196,803,2019Q1
UNP,197,803,2019Q2
UNP,198,803,2019Q3
UNP,199,803,2019Q4
UNP,200,803,2020Q1
UNP,201,803,2020Q2
UNP,202,803,2020Q3
UNP,203,803,2020Q4
UNP,204,803,2021Q1
UNP,205,803,2021Q2
UNP,206,803,2021Q3
UNP,207,803,2021Q4
UNP,208,803,2022Q1
UNP,209,803,2022Q2
UNP,210,803,2022Q3
UNP,211,803,2022Q4
UNP,212,803,2023Q1
UNP,213,803,2023Q2
UNP,214,803,2023Q3
UNP,215,803,2023Q4
UNP,216,803,2024Q1
UNP,217,803,2024Q2
UNP,218,803,2024Q3
UNP,219,803,2024Q4
UNP,220,803,2025Q1
UNP,221,803,2025Q2
UNP,222,803,2025Q3
UNP,223,803,2025Q4
UNP,224,803,2026Q1
UNP,225,803,2026Q2
UPS,187,804,2016Q4
UPS,188,804,2017Q1
UPS,189,804,2017Q2
UPS,190,804,2017Q3
UPS,191,804,2017Q4
UPS,192,804,2018Q1
UPS,193,804,2018Q2
UPS,194,804,2018Q3
UPS,195,804,2018Q4
UPS,196,804,2019Q1
UPS,197,804,2019Q2
UPS,198,804,2019Q3
UPS,199,804,2019Q4
UPS,200,804,2020Q1
UPS,201,804,2020Q2
UPS,202,804,2020Q3
UPS,203,804,2020Q4
UPS,204,804,2021Q1
UPS,205,804,2021Q2
UPS,206,804,2021Q3
UPS,207,804,2021Q4
UPS,208,804,2022Q1
UPS,209,804,2022Q2
UPS,210,804,2022Q3
UPS,211,804,2022Q4
UPS,212,804,2023Q1
UPS,213,804,2023Q2
UPS,214,804,2023Q3
UPS,215,804,2023Q4
UPS,216,804,2024Q1
UPS,217,804,2024Q2
UPS,218,804,2024Q3
UPS,219,804,2024Q4
UPS,220,804,2025Q1
UPS,221,804,2025Q2
UPS,222,804,2025Q3
UPS,223,804,2025Q4
UPS,224,804,2026Q1
UPS,225,804,2026Q2
URBN,187,805,2016Q4
URI,187,806,2016Q4
URI,188,806,2017Q1
URI,189,806,2017Q2
URI,190,806,2017Q3
URI,191,806,2017Q4
URI,192,806,2018Q1
URI,193,806,2018Q2
URI,194,806,2018Q3
URI,195,806,2018Q4
URI,196,806,2019Q1
URI,197,806,2019Q2
URI,198,806,2019Q3
URI,199,806,2019Q4
URI,200,806,2020Q1
URI,201,806,2020Q2
URI,202,806,2020Q3
URI,203,806,2020Q4
URI,204,806,2021Q1
URI,205,806,2021Q2
URI,206,806,2021Q3
URI,207,806,2021Q4
URI,208,806,2022Q1
URI,209,806,2022Q2
URI,210,806,2022Q3
URI,211,806,2022Q4
URI,212,806,2023Q1
URI,213,806,2023Q2
URI,214,806,2023Q3
URI,215,806,2023Q4
URI,216,806,2024Q1
URI,217,806,2024Q2
URI,218,806,2024Q3
URI,219,806,2024Q4
URI,220,806,2025Q1
URI,221,806,2025Q2
URI,222,806,2025Q3
URI,223,806,2025Q4
URI,224,806,2026Q1
URI,225,806,2026Q2
USB,187,807,2016Q4
USB,188,807,2017Q1
USB,189,807,2017Q2
USB,190,807,2017Q3
USB,191,807,2017Q4
USB,192,807,2018Q1
USB,193,807,2018Q2
USB,194,807,2018Q3
USB,195,807,2018Q4
USB,196,807,2019Q1
USB,197,807,2019Q2
USB,198,807,2019Q3
USB,199,807,2019Q4
USB,200,807,2020Q1
USB,201,807,2020Q2
USB,202,807,2020Q3
USB,203,807,2020Q4
USB,204,807,2021Q1
USB,205,807,2021Q2
USB,206,807,2021Q3
USB,207,807,2021Q4
USB,208,807,2022Q1
USB,209,807,2022Q2
USB,210,807,2022Q3
USB,211,807,2022Q4
USB,212,807,2023Q1
USB,213,807,2023Q2
USB,214,807,2023Q3
USB,215,807,2023Q4
USB,216,807,2024Q1
USB,217,807,2024Q2
USB,218,807,2024Q3
USB,219,807,2024Q4
USB,220,807,2025Q1
USB,221,807,2025Q2
USB,222,807,2025Q3
USB,223,807,2025Q4
USB,224,807,2026Q1
USB,225,807,2026Q2
V,187,808,2016Q4
V,188,808,2017Q1
V,189,808,2017Q2
V,190,808,2017Q3
V,191,808,2017Q4
V,192,808,2018Q1
V,193,808,2018Q2
V,194,808,2018Q3
V,195,808,2018Q4
V,196,808,2019Q1
V,197,808,2019Q2
V,198,808,2019Q3
V,199,808,2019Q4
V,200,808,2020Q1
V,201,808,2020Q2
V,202,808,2020Q3
V,203,808,2020Q4
V,204,808,2021Q1
V,205,808,2021Q2
V,206,808,2021Q3
V,207,808,2021Q4
V,208,808,2022Q1
V,209,808,2022Q2
V,210,808,2022Q3
V,211,808,2022Q4
V,212,808,2023Q1
V,213,808,2023Q2
V,214,808,2023Q3
V,215,808,2023Q4
V,216,808,2024Q1
V,217,808,2024Q2
V,218,808,2024Q3
V,219,808,2024Q4
V,220,808,2025Q1
V,221,808,2025Q2
V,222,808,2025Q3
V,223,808,2025Q4
V,224,808,2026Q1
V,225,808,2026Q2
VAR,187,809,2016Q4
VAR,188,809,2017Q1
VAR,189,809,2017Q2
VAR,190,809,2017Q3
VAR,191,809,2017Q4
VAR,192,809,2018Q1
VAR,193,809,2018Q2
VAR,194,809,2018Q3
VAR,195,809,2018Q4
VAR,196,809,2019Q1
VAR,197,809,2019Q2
VAR,198,809,2019Q3
VAR,199,809,2019Q4
VAR,200,809,2020Q1
VAR,201,809,2020Q2
VAR,202,809,2020Q3
VAR,203,809,2020Q4
VAR,204,809,2021Q1
VEEV,225,810,2026Q2
VFC,187,811,2016Q4
VFC,188,811,2017Q1
VFC,189,811,2017Q2
VFC,190,811,2017Q3
VFC,191,811,2017Q4
VFC,192,811,2018Q1
VFC,193,811,2018Q2
VFC,194,811,2018Q3
VFC,195,811,2018Q4
VFC,196,811,2019Q1
VFC,197,811,2019Q2
VFC,198,811,2019Q3
VFC,199,811,2019Q4
VFC,200,811,2020Q1
VFC,201,811,2020Q2
VFC,202,811,2020Q3
VFC,203,811,2020Q4
VFC,204,811,2021Q1
VFC,205,811,2021Q2
VFC,206,811,2021Q3
VFC,207,811,2021Q4
VFC,208,811,2022Q1
VFC,209,811,2022Q2
VFC,210,811,2022Q3
VFC,211,811,2022Q4
VFC,212,811,2023Q1
VFC,213,811,2023Q2
VFC,214,811,2023Q3
VFC,215,811,2023Q4
VFC,216,811,2024Q1
VIAB,187,812,2016Q4
VIAB,188,812,2017Q1
VIAB,189,812,2017Q2
VIAB,190,812,2017Q3
VIAB,191,812,2017Q4
VIAB,192,812,2018Q1
VIAB,193,812,2018Q2
VIAB,194,812,2018Q3
VIAB,195,812,2018Q4
VIAB,196,812,2019Q1
VIAB,197,812,2019Q2
VIAB,198,812,2019Q3
VICI,209,813,2022Q2
VICI,210,813,2022Q3
VICI,211,813,2022Q4
VICI,212,813,2023Q1
VICI,213,813,2023Q2
VICI,214,813,2023Q3
VICI,215,813,2023Q4
VICI,216,813,2024Q1
VICI,217,813,2024Q2
VICI,218,813,2024Q3
VICI,219,813,2024Q4
VICI,220,813,2025Q1
VICI,221,813,2025Q2
VICI,222,813,2025Q3
VICI,223,813,2025Q4
VICI,224,813,2026Q1
VICI,225,813,2026Q2
VLO,187,814,2016Q4
VLO,188,814,2017Q1
VLO,189,814,2017Q2
VLO,190,814,2017Q3
VLO,191,814,2017Q4
VLO,192,814,2018Q1
VLO,193,814,2018Q2
VLO,194,814,2018Q3
VLO,195,814,2018Q4
VLO,196,814,2019Q1
VLO,197,814,2019Q2
VLO,198,814,2019Q3
VLO,199,814,2019Q4
VLO,200,814,2020Q1
VLO,201,814,2020Q2
VLO,202,814,2020Q3
VLO,203,814,2020Q4
VLO,204,814,2021Q1
VLO,205,814,2021Q2
VLO,206,814,2021Q3
VLO,207,814,2021Q4
VLO,208,814,2022Q1
VLO,209,814,2022Q2
VLO,210,814,2022Q3
VLO,211,814,2022Q4
VLO,212,814,2023Q1
VLO,213,814,2023Q2
VLO,214,814,2023Q3
VLO,215,814,2023Q4
VLO,216,814,2024Q1
VLO,217,814,2024Q2
VLO,218,814,2024Q3
VLO,219,814,2024Q4
VLO,220,814,2025Q1
VLO,221,814,2025Q2
VLO,222,814,2025Q3
VLO,223,814,2025Q4
VLO,224,814,2026Q1
VLO,225,814,2026Q2
VLTO,215,815,2023Q4
VLTO,216,815,2024Q1
VLTO,217,815,2024Q2
VLTO,218,815,2024Q3
VLTO,219,815,2024Q4
VLTO,220,815,2025Q1
VLTO,221,815,2025Q2
VLTO,222,815,2025Q3
VLTO,223,815,2025Q4
VLTO,224,815,2026Q1
VLTO,225,815,2026Q2
VMC,187,816,2016Q4
VMC,188,816,2017Q1
VMC,189,816,2017Q2
VMC,190,816,2017Q3
VMC,191,816,2017Q4
VMC,192,816,2018Q1
VMC,193,816,2018Q2
VMC,194,816,2018Q3
VMC,195,816,2018Q4
VMC,196,816,2019Q1
VMC,197,816,2019Q2
VMC,198,816,2019Q3
VMC,199,816,2019Q4
VMC,200,816,2020Q1
VMC,201,816,2020Q2
VMC,202,816,2020Q3
VMC,203,816,2020Q4
VMC,204,816,2021Q1
VMC,205,816,2021Q2
VMC,206,816,2021Q3
VMC,207,816,2021Q4
VMC,208,816,2022Q1
VMC,209,816,2022Q2
VMC,210,816,2022Q3
VMC,211,816,2022Q4
VMC,212,816,2023Q1
VMC,213,816,2023Q2
VMC,214,816,2023Q3
VMC,215,816,2023Q4
VMC,216,816,2024Q1
VMC,217,816,2024Q2
VMC,218,816,2024Q3
VMC,219,816,2024Q4
VMC,220,816,2025Q1
VMC,221,816,2025Q2
VMC,222,816,2025Q3
VMC,223,816,2025Q4
VMC,224,816,2026Q1
VMC,225,816,2026Q2
VNO,187,817,2016Q4
VNO,188,817,2017Q1
VNO,189,817,2017Q2
VNO,190,817,2017Q3
VNO,191,817,2017Q4
VNO,192,817,2018Q1
VNO,193,817,2018Q2
VNO,194,817,2018Q3
VNO,195,817,2018Q4
VNO,196,817,2019Q1
VNO,197,817,2019Q2
VNO,198,817,2019Q3
VNO,199,817,2019Q4
VNO,200,817,2020Q1
VNO,201,817,2020Q2
VNO,202,817,2020Q3
VNO,203,817,2020Q4
VNO,204,817,2021Q1
VNO,205,817,2021Q2
VNO,206,817,2021Q3
VNO,207,817,2021Q4
VNO,208,817,2022Q1
VNO,209,817,2022Q2
VNO,210,817,2022Q3
VNO,211,817,2022Q4
VNT,203,818,2020Q4
VRSK,187,819,2016Q4
VRSK,188,819,2017Q1
VRSK,189,819,2017Q2
VRSK,190,819,2017Q3
VRSK,191,819,2017Q4
VRSK,192,819,2018Q1
VRSK,193,819,2018Q2
VRSK,194,819,2018Q3
VRSK,195,819,2018Q4
VRSK,196,819,2019Q1
VRSK,197,819,2019Q2
VRSK,198,819,2019Q3
VRSK,199,819,2019Q4
VRSK,200,819,2020Q1
VRSK,201,819,2020Q2
VRSK,202,819,2020Q3
VRSK,203,819,2020Q4
VRSK,204,819,2021Q1
VRSK,205,819,2021Q2
VRSK,206,819,2021Q3
VRSK,207,819,2021Q4
VRSK,208,819,2022Q1
VRSK,209,819,2022Q2
VRSK,210,819,2022Q3
VRSK,211,819,2022Q4
VRSK,212,819,2023Q1
VRSK,213,819,2023Q2
VRSK,214,819,2023Q3
VRSK,215,819,2023Q4
VRSK,216,819,2024Q1
VRSK,217,819,2024Q2
VRSK,218,819,2024Q3
VRSK,219,819,2024Q4
VRSK,220,819,2025Q1
VRSK,221,819,2025Q2
VRSK,222,819,2025Q3
VRSK,223,819,2025Q4
VRSK,224,819,2026Q1
VRSK,225,819,2026Q2
VRSN,187,820,2016Q4
VRSN,188,820,2017Q1
VRSN,189,820,2017Q2
VRSN,190,820,2017Q3
VRSN,191,820,2017Q4
VRSN,192,820,2018Q1
VRSN,193,820,2018Q2
VRSN,194,820,2018Q3
VRSN,195,820,2018Q4
VRSN,196,820,2019Q1
VRSN,197,820,2019Q2
VRSN,198,820,2019Q3
VRSN,199,820,2019Q4
VRSN,200,820,2020Q1
VRSN,201,820,2020Q2
VRSN,202,820,2020Q3
VRSN,203,820,2020Q4
VRSN,204,820,2021Q1
VRSN,205,820,2021Q2
VRSN,206,820,2021Q3
VRSN,207,820,2021Q4
VRSN,208,820,2022Q1
VRSN,209,820,2022Q2
VRSN,210,820,2022Q3
VRSN,211,820,2022Q4
VRSN,212,820,2023Q1
VRSN,213,820,2023Q2
VRSN,214,820,2023Q3
VRSN,215,820,2023Q4
VRSN,216,820,2024Q1
VRSN,217,820,2024Q2
VRSN,218,820,2024Q3
VRSN,219,820,2024Q4
VRSN,220,820,2025Q1
VRSN,221,820,2025Q2
VRSN,222,820,2025Q3
VRSN,223,820,2025Q4
VRSN,224,820,2026Q1
VRSN,225,820,2026Q2
VRT,224,821,2026Q1
VRT,225,821,2026Q2
VRTX,187,822,2016Q4
VRTX,188,822,2017Q1
VRTX,189,822,2017Q2
VRTX,190,822,2017Q3
VRTX,191,822,2017Q4
VRTX,192,822,2018Q1
VRTX,193,822,2018Q2
VRTX,194,822,2018Q3
VRTX,195,822,2018Q4
VRTX,196,822,2019Q1
VRTX,197,822,2019Q2
VRTX,198,822,2019Q3
VRTX,199,822,2019Q4
VRTX,200,822,2020Q1
VRTX,201,822,2020Q2
VRTX,202,822,2020Q3
VRTX,203,822,2020Q4
VRTX,204,822,2021Q1
VRTX,205,822,2021Q2
VRTX,206,822,2021Q3
VRTX,207,822,2021Q4
VRTX,208,822,2022Q1
VRTX,209,822,2022Q2
VRTX,210,822,2022Q3
VRTX,211,822,2022Q4
VRTX,212,822,2023Q1
VRTX,213,822,2023Q2
VRTX,214,822,2023Q3
VRTX,215,822,2023Q4
VRTX,216,822,2024Q1
VRTX,217,822,2024Q2
VRTX,218,822,2024Q3
VRTX,219,822,2024Q4
VRTX,220,822,2025Q1
VRTX,221,822,2025Q2
VRTX,222,822,2025Q3
VRTX,223,822,2025Q4
VRTX,224,822,2026Q1
VRTX,225,822,2026Q2
VST,217,823,2024Q2
VST,218,823,2024Q3
VST,219,823,2024Q4
VST,220,823,2025Q1
VST,221,823,2025Q2
VST,222,823,2025Q3
VST,223,823,2025Q4
VST,224,823,2026Q1
VST,225,823,2026Q2
VTR,187,824,2016Q4
VTR,188,824,2017Q1
VTR,189,824,2017Q2
VTR,190,824,2017Q3
VTR,191,824,2017Q4
VTR,192,824,2018Q1
VTR,193,824,2018Q2
VTR,194,824,2018Q3
VTR,195,824,2018Q4
VTR,196,824,2019Q1
VTR,197,824,2019Q2
VTR,198,824,2019Q3
VTR,199,824,2019Q4
VTR,200,824,2020Q1
VTR,201,824,2020Q2
VTR,202,824,2020Q3
VTR,203,824,2020Q4
VTR,204,824,2021Q1
VTR,205,824,2021Q2
VTR,206,824,2021Q3
VTR,207,824,2021Q4
VTR,208,824,2022Q1
VTR,209,824,2022Q2
VTR,210,824,2022Q3
VTR,211,824,2022Q4
VTR,212,824,2023Q1
VTR,213,824,2023Q2
VTR,214,824,2023Q3
VTR,215,824,2023Q4
VTR,216,824,2024Q1
VTR,217,824,2024Q2
VTR,218,824,2024Q3
VTR,219,824,2024Q4
VTR,220,824,2025Q1
VTR,221,824,2025Q2
VTR,222,824,2025Q3
VTR,223,824,2025Q4
VTR,224,824,2026Q1
VTR,225,824,2026Q2
VTRS,187,825,2016Q4
VTRS,188,825,2017Q1
VTRS,189,825,2017Q2
VTRS,190,825,2017Q3
VTRS,191,825,2017Q4
VTRS,192,825,2018Q1
VTRS,193,825,2018Q2
VTRS,194,825,2018Q3
VTRS,195,825,2018Q4
VTRS,196,825,2019Q1
VTRS,197,825,2019Q2
VTRS,198,825,2019Q3
VTRS,199,825,2019Q4
VTRS,200,825,2020Q1
VTRS,201,825,2020Q2
VTRS,202,825,2020Q3
VTRS,203,825,2020Q4
VTRS,204,825,2021Q1
VTRS,205,825,2021Q2
VTRS,206,825,2021Q3
VTRS,207,825,2021Q4
VTRS,208,825,2022Q1
VTRS,209,825,2022Q2
VTRS,210,825,2022Q3
VTRS,211,825,2022Q4
VTRS,212,825,2023Q1
VTRS,213,825,2023Q2
VTRS,214,825,2023Q3
VTRS,215,825,2023Q4
VTRS,216,825,2024Q1
VTRS,217,825,2024Q2
VTRS,218,825,2024Q3
VTRS,219,825,2024Q4
VTRS,220,825,2025Q1
VTRS,221,825,2025Q2
VTRS,222,825,2025Q3
VTRS,223,825,2025Q4
VTRS,224,825,2026Q1
VTRS,225,825,2026Q2
VZ,187,826,2016Q4
VZ,188,826,2017Q1
VZ,189,826,2017Q2
VZ,190,826,2017Q3
VZ,191,826,2017Q4
VZ,192,826,2018Q1
VZ,193,826,2018Q2
VZ,194,826,2018Q3
VZ,195,826,2018Q4
VZ,196,826,2019Q1
VZ,197,826,2019Q2
VZ,198,826,2019Q3
VZ,199,826,2019Q4
VZ,200,826,2020Q1
VZ,201,826,2020Q2
VZ,202,826,2020Q3
VZ,203,826,2020Q4
VZ,204,826,2021Q1
VZ,205,826,2021Q2
VZ,206,826,2021Q3
VZ,207,826,2021Q4
VZ,208,826,2022Q1
VZ,209,826,2022Q2
VZ,210,826,2022Q3
VZ,211,826,2022Q4
VZ,212,826,2023Q1
VZ,213,826,2023Q2
VZ,214,826,2023Q3
VZ,215,826,2023Q4
VZ,216,826,2024Q1
VZ,217,826,2024Q2
VZ,218,826,2024Q3
VZ,219,826,2024Q4
VZ,220,826,2025Q1
VZ,221,826,2025Q2
VZ,222,826,2025Q3
VZ,223,826,2025Q4
VZ,224,826,2026Q1
VZ,225,826,2026Q2
WAB,196,827,2019Q1
WAB,197,827,2019Q2
WAB,198,827,2019Q3
WAB,199,827,2019Q4
WAB,200,827,2020Q1
WAB,201,827,2020Q2
WAB,202,827,2020Q3
WAB,203,827,2020Q4
WAB,204,827,2021Q1
WAB,205,827,2021Q2
WAB,206,827,2021Q3
WAB,207,827,2021Q4
WAB,208,827,2022Q1
WAB,209,827,2022Q2
WAB,210,827,2022Q3
WAB,211,827,2022Q4
WAB,212,827,2023Q1
WAB,213,827,2023Q2
WAB,214,827,2023Q3
WAB,215,827,2023Q4
WAB,216,827,2024Q1
WAB,217,827,2024Q2
WAB,218,827,2024Q3
WAB,219,827,2024Q4
WAB,220,827,2025Q1
WAB,221,827,2025Q2
WAB,222,827,2025Q3
WAB,223,827,2025Q4
WAB,224,827,2026Q1
WAB,225,827,2026Q2
WAT,187,828,2016Q4
WAT,188,828,2017Q1
WAT,189,828,2017Q2
WAT,190,828,2017Q3
WAT,191,828,2017Q4
WAT,192,828,2018Q1
WAT,193,828,2018Q2
WAT,194,828,2018Q3
WAT,195,828,2018Q4
WAT,196,828,2019Q1
WAT,197,828,2019Q2
WAT,198,828,2019Q3
WAT,199,828,2019Q4
WAT,200,828,2020Q1
WAT,201,828,2020Q2
WAT,202,828,2020Q3
WAT,203,828,2020Q4
WAT,204,828,2021Q1
WAT,205,828,2021Q2
WAT,206,828,2021Q3
WAT,207,828,2021Q4
WAT,208,828,2022Q1
WAT,209,828,2022Q2
WAT,210,828,2022Q3
WAT,211,828,2022Q4
WAT,212,828,2023Q1
WAT,213,828,2023Q2
WAT,214,828,2023Q3
WAT,215,828,2023Q4
WAT,216,828,2024Q1
WAT,217,828,2024Q2
WAT,218,828,2024Q3
WAT,219,828,2024Q4
WAT,220,828,2025Q1
WAT,221,828,2025Q2
WAT,222,828,2025Q3
WAT,223,828,2025Q4
WAT,224,828,2026Q1
WAT,225,828,2026Q2
WBA,187,830,2016Q4
WBA,188,830,2017Q1
WBA,189,830,2017Q2
WBA,190,830,2017Q3
WBA,191,830,2017Q4
WBA,192,830,2018Q1
WBA,193,830,2018Q2
WBA,194,830,2018Q3
WBA,195,830,2018Q4
WBA,196,830,2019Q1
WBA,197,830,2019Q2
WBA,198,830,2019Q3
WBA,199,830,2019Q4
WBA,200,830,2020Q1
WBA,201,830,2020Q2
WBA,202,830,2020Q3
WBA,203,830,2020Q4
WBA,204,830,2021Q1
WBA,205,830,2021Q2
WBA,206,830,2021Q3
WBA,207,830,2021Q4
WBA,208,830,2022Q1
WBA,209,830,2022Q2
WBA,210,830,2022Q3
WBA,211,830,2022Q4
WBA,212,830,2023Q1
WBA,213,830,2023Q2
WBA,214,830,2023Q3
WBA,215,830,2023Q4
WBA,216,830,2024Q1
WBA,217,830,2024Q2
WBA,218,830,2024Q3
WBA,219,830,2024Q4
WBA,220,830,2025Q1
WBA,221,830,2025Q2
WBD,209,831,2022Q2
WBD,210,831,2022Q3
WBD,211,831,2022Q4
WBD,212,831,2023Q1
WBD,213,831,2023Q2
WBD,214,831,2023Q3
WBD,215,831,2023Q4
WBD,216,831,2024Q1
WBD,217,831,2024Q2
WBD,218,831,2024Q3
WBD,219,831,2024Q4
WBD,220,831,2025Q1
WBD,221,831,2025Q2
WBD,222,831,2025Q3
WBD,223,831,2025Q4
WBD,224,831,2026Q1
WBD,225,831,2026Q2
WCG,194,832,2018Q3
WCG,195,832,2018Q4
WCG,196,832,2019Q1
WCG,197,832,2019Q2
WCG,198,832,2019Q3
WCG,199,832,2019Q4
WDAY,219,833,2024Q4
WDAY,220,833,2025Q1
WDAY,221,833,2025Q2
WDAY,222,833,2025Q3
WDAY,223,833,2025Q4
WDAY,224,833,2026Q1
WDAY,225,833,2026Q2
WDC,187,834,2016Q4
WDC,188,834,2017Q1
WDC,189,834,2017Q2
WDC,190,834,2017Q3
WDC,191,834,2017Q4
WDC,192,834,2018Q1
WDC,193,834,2018Q2
WDC,194,834,2018Q3
WDC,195,834,2018Q4
WDC,196,834,2019Q1
WDC,197,834,2019Q2
WDC,198,834,2019Q3
WDC,199,834,2019Q4
WDC,200,834,2020Q1
WDC,201,834,2020Q2
WDC,202,834,2020Q3
WDC,203,834,2020Q4
WDC,204,834,2021Q1
WDC,205,834,2021Q2
WDC,206,834,2021Q3
WDC,207,834,2021Q4
WDC,208,834,2022Q1
WDC,209,834,2022Q2
WDC,210,834,2022Q3
WDC,211,834,2022Q4
WDC,212,834,2023Q1
WDC,213,834,2023Q2
WDC,214,834,2023Q3
WDC,215,834,2023Q4
WDC,216,834,2024Q1
WDC,217,834,2024Q2
WDC,218,834,2024Q3
WDC,219,834,2024Q4
WDC,220,834,2025Q1
WDC,221,834,2025Q2
WDC,222,834,2025Q3
WDC,223,834,2025Q4
WDC,224,834,2026Q1
WDC,225,834,2026Q2
WEC,187,835,2016Q4
WEC,188,835,2017Q1
WEC,189,835,2017Q2
WEC,190,835,2017Q3
WEC,191,835,2017Q4
WEC,192,835,2018Q1
WEC,193,835,2018Q2
WEC,194,835,2018Q3
WEC,195,835,2018Q4
WEC,196,835,2019Q1
WEC,197,835,2019Q2
WEC,198,835,2019Q3
WEC,199,835,2019Q4
WEC,200,835,2020Q1
WEC,201,835,2020Q2
WEC,202,835,2020Q3
WEC,203,835,2020Q4
WEC,204,835,2021Q1
WEC,205,835,2021Q2
WEC,206,835,2021Q3
WEC,207,835,2021Q4
WEC,208,835,2022Q1
WEC,209,835,2022Q2
WEC,210,835,2022Q3
WEC,211,835,2022Q4
WEC,212,835,2023Q1
WEC,213,835,2023Q2
WEC,214,835,2023Q3
WEC,215,835,2023Q4
WEC,216,835,2024Q1
WEC,217,835,2024Q2
WEC,218,835,2024Q3
WEC,219,835,2024Q4
WEC,220,835,2025Q1
WEC,221,835,2025Q2
WEC,222,835,2025Q3
WEC,223,835,2025Q4
WEC,224,835,2026Q1
WEC,225,835,2026Q2
WELL,187,836,2016Q4
WELL,188,836,2017Q1
WELL,189,836,2017Q2
WELL,190,836,2017Q3
WELL,191,836,2017Q4
WELL,192,836,2018Q1
WELL,193,836,2018Q2
WELL,194,836,2018Q3
WELL,195,836,2018Q4
WELL,196,836,2019Q1
WELL,197,836,2019Q2
WELL,198,836,2019Q3
WELL,199,836,2019Q4
WELL,200,836,2020Q1
WELL,201,836,2020Q2
WELL,202,836,2020Q3
WELL,203,836,2020Q4
WELL,204,836,2021Q1
WELL,205,836,2021Q2
WELL,206,836,2021Q3
WELL,207,836,2021Q4
WELL,208,836,2022Q1
WELL,209,836,2022Q2
WELL,210,836,2022Q3
WELL,211,836,2022Q4
WELL,212,836,2023Q1
WELL,213,836,2023Q2
WELL,214,836,2023Q3
WELL,215,836,2023Q4
WELL,216,836,2024Q1
WELL,217,836,2024Q2
WELL,218,836,2024Q3
WELL,219,836,2024Q4
WELL,220,836,2025Q1
WELL,221,836,2025Q2
WELL,222,836,2025Q3
WELL,223,836,2025Q4
WELL,224,836,2026Q1
WELL,225,836,2026Q2
WFC,187,837,2016Q4
WFC,188,837,2017Q1
WFC,189,837,2017Q2
WFC,190,837,2017Q3
WFC,191,837,2017Q4
WFC,192,837,2018Q1
WFC,193,837,2018Q2
WFC,194,837,2018Q3
WFC,195,837,2018Q4
WFC,196,837,2019Q1
WFC,197,837,2019Q2
WFC,198,837,2019Q3
WFC,199,837,2019Q4
WFC,200,837,2020Q1
WFC,201,837,2020Q2
WFC,202,837,2020Q3
WFC,203,837,2020Q4
WFC,204,837,2021Q1
WFC,205,837,2021Q2
WFC,206,837,2021Q3
WFC,207,837,2021Q4
WFC,208,837,2022Q1
WFC,209,837,2022Q2
WFC,210,837,2022Q3
WFC,211,837,2022Q4
WFC,212,837,2023Q1
WFC,213,837,2023Q2
WFC,214,837,2023Q3
WFC,215,837,2023Q4
WFC,216,837,2024Q1
WFC,217,837,2024Q2
WFC,218,837,2024Q3
WFC,219,837,2024Q4
WFC,220,837,2025Q1
WFC,221,837,2025Q2
WFC,222,837,2025Q3
WFC,223,837,2025Q4
WFC,224,837,2026Q1
WFC,225,837,2026Q2
WFM,187,838,2016Q4
WFM,188,838,2017Q1
WFM,189,838,2017Q2
WHR,187,840,2016Q4
WHR,188,840,2017Q1
WHR,189,840,2017Q2
WHR,190,840,2017Q3
WHR,191,840,2017Q4
WHR,192,840,2018Q1
WHR,193,840,2018Q2
WHR,194,840,2018Q3
WHR,195,840,2018Q4
WHR,196,840,2019Q1
WHR,197,840,2019Q2
WHR,198,840,2019Q3
WHR,199,840,2019Q4
WHR,200,840,2020Q1
WHR,201,840,2020Q2
WHR,202,840,2020Q3
WHR,203,840,2020Q4
WHR,204,840,2021Q1
WHR,205,840,2021Q2
WHR,206,840,2021Q3
WHR,207,840,2021Q4
WHR,208,840,2022Q1
WHR,209,840,2022Q2
WHR,210,840,2022Q3
WHR,211,840,2022Q4
WHR,212,840,2023Q1
WHR,213,840,2023Q2
WHR,214,840,2023Q3
WHR,215,840,2023Q4
WLTW,187,842,2016Q4
WLTW,188,842,2017Q1
WLTW,189,842,2017Q2
WLTW,190,842,2017Q3
WLTW,191,842,2017Q4
WLTW,192,842,2018Q1
WLTW,193,842,2018Q2
WLTW,194,842,2018Q3
WLTW,195,842,2018Q4
WLTW,196,842,2019Q1
WLTW,197,842,2019Q2
WLTW,198,842,2019Q3
WLTW,199,842,2019Q4
WLTW,200,842,2020Q1
WLTW,201,842,2020Q2
WLTW,202,842,2020Q3
WLTW,203,842,2020Q4
WLTW,204,842,2021Q1
WLTW,205,842,2021Q2
WLTW,206,842,2021Q3
WLTW,207,842,2021Q4
WM,187,843,2016Q4
WM,188,843,2017Q1
WM,189,843,2017Q2
WM,190,843,2017Q3
WM,191,843,2017Q4
WM,192,843,2018Q1
WM,193,843,2018Q2
WM,194,843,2018Q3
WM,195,843,2018Q4
WM,196,843,2019Q1
WM,197,843,2019Q2
WM,198,843,2019Q3
WM,199,843,2019Q4
WM,200,843,2020Q1
WM,201,843,2020Q2
WM,202,843,2020Q3
WM,203,843,2020Q4
WM,204,843,2021Q1
WM,205,843,2021Q2
WM,206,843,2021Q3
WM,207,843,2021Q4
WM,208,843,2022Q1
WM,209,843,2022Q2
WM,210,843,2022Q3
WM,211,843,2022Q4
WM,212,843,2023Q1
WM,213,843,2023Q2
WM,214,843,2023Q3
WM,215,843,2023Q4
WM,216,843,2024Q1
WM,217,843,2024Q2
WM,218,843,2024Q3
WM,219,843,2024Q4
WM,220,843,2025Q1
WM,221,843,2025Q2
WM,222,843,2025Q3
WM,223,843,2025Q4
WM,224,843,2026Q1
WM,225,843,2026Q2
WMB,187,844,2016Q4
WMB,188,844,2017Q1
WMB,189,844,2017Q2
WMB,190,844,2017Q3
WMB,191,844,2017Q4
WMB,192,844,2018Q1
WMB,193,844,2018Q2
WMB,194,844,2018Q3
WMB,195,844,2018Q4
WMB,196,844,2019Q1
WMB,197,844,2019Q2
WMB,198,844,2019Q3
WMB,199,844,2019Q4
WMB,200,844,2020Q1
WMB,201,844,2020Q2
WMB,202,844,2020Q3
WMB,203,844,2020Q4
WMB,204,844,2021Q1
WMB,205,844,2021Q2
WMB,206,844,2021Q3
WMB,207,844,2021Q4
WMB,208,844,2022Q1
WMB,209,844,2022Q2
WMB,210,844,2022Q3
WMB,211,844,2022Q4
WMB,212,844,2023Q1
WMB,213,844,2023Q2
WMB,214,844,2023Q3
WMB,215,844,2023Q4
WMB,216,844,2024Q1
WMB,217,844,2024Q2
WMB,218,844,2024Q3
WMB,219,844,2024Q4
WMB,220,844,2025Q1
WMB,221,844,2025Q2
WMB,222,844,2025Q3
WMB,223,844,2025Q4
WMB,224,844,2026Q1
WMB,225,844,2026Q2
WMT,187,845,2016Q4
WMT,188,845,2017Q1
WMT,189,845,2017Q2
WMT,190,845,2017Q3
WMT,191,845,2017Q4
WMT,192,845,2018Q1
WMT,193,845,2018Q2
WMT,194,845,2018Q3
WMT,195,845,2018Q4
WMT,196,845,2019Q1
WMT,197,845,2019Q2
WMT,198,845,2019Q3
WMT,199,845,2019Q4
WMT,200,845,2020Q1
WMT,201,845,2020Q2
WMT,202,845,2020Q3
WMT,203,845,2020Q4
WMT,204,845,2021Q1
WMT,205,845,2021Q2
WMT,206,845,2021Q3
WMT,207,845,2021Q4
WMT,208,845,2022Q1
WMT,209,845,2022Q2
WMT,210,845,2022Q3
WMT,211,845,2022Q4
WMT,212,845,2023Q1
WMT,213,845,2023Q2
WMT,214,845,2023Q3
WMT,215,845,2023Q4
WMT,216,845,2024Q1
WMT,217,845,2024Q2
WMT,218,845,2024Q3
WMT,219,845,2024Q4
WMT,220,845,2025Q1
WMT,221,845,2025Q2
WMT,222,845,2025Q3
WMT,223,845,2025Q4
WMT,224,845,2026Q1
WMT,225,845,2026Q2
WRB,199,847,2019Q4
WRB,200,847,2020Q1
WRB,201,847,2020Q2
WRB,202,847,2020Q3
WRB,203,847,2020Q4
WRB,204,847,2021Q1
WRB,205,847,2021Q2
WRB,206,847,2021Q3
WRB,207,847,2021Q4
WRB,208,847,2022Q1
WRB,209,847,2022Q2
WRB,210,847,2022Q3
WRB,211,847,2022Q4
WRB,212,847,2023Q1
WRB,213,847,2023Q2
WRB,214,847,2023Q3
WRB,215,847,2023Q4
WRB,216,847,2024Q1
WRB,217,847,2024Q2
WRB,218,847,2024Q3
WRB,219,847,2024Q4
WRB,220,847,2025Q1
WRB,221,847,2025Q2
WRB,222,847,2025Q3
WRB,223,847,2025Q4
WRB,224,847,2026Q1
WRB,225,847,2026Q2
WSM,220,848,2025Q1
WSM,221,848,2025Q2
WSM,222,848,2025Q3
WSM,223,848,2025Q4
WSM,224,848,2026Q1
WSM,225,848,2026Q2
WST,201,849,2020Q2
WST,202,849,2020Q3
WST,203,849,2020Q4
WST,204,849,2021Q1
WST,205,849,2021Q2
WST,206,849,2021Q3
WST,207,849,2021Q4
WST,208,849,2022Q1
WST,209,849,2022Q2
WST,210,849,2022Q3
WST,211,849,2022Q4
WST,212,849,2023Q1
WST,213,849,2023Q2
WST,214,849,2023Q3
WST,215,849,2023Q4
WST,216,849,2024Q1
WST,217,849,2024Q2
WST,218,849,2024Q3
WST,219,849,2024Q4
WST,220,849,2025Q1
WST,221,849,2025Q2
WST,222,849,2025Q3
WST,223,849,2025Q4
WST,224,849,2026Q1
WST,225,849,2026Q2
WTW,187,850,2016Q4
WTW,188,850,2017Q1
WTW,189,850,2017Q2
WTW,190,850,2017Q3
WTW,191,850,2017Q4
WTW,192,850,2018Q1
WTW,193,850,2018Q2
WTW,194,850,2018Q3
WTW,195,850,2018Q4
WTW,196,850,2019Q1
WTW,197,850,2019Q2
WTW,198,850,2019Q3
WTW,199,850,2019Q4
WTW,200,850,2020Q1
WTW,201,850,2020Q2
WTW,202,850,2020Q3
WTW,203,850,2020Q4
WTW,204,850,2021Q1
WTW,205,850,2021Q2
WTW,206,850,2021Q3
WTW,207,850,2021Q4
WTW,208,850,2022Q1
WTW,209,850,2022Q2
WTW,210,850,2022Q3
WTW,211,850,2022Q4
WTW,212,850,2023Q1
WTW,213,850,2023Q2
WTW,214,850,2023Q3
WTW,215,850,2023Q4
WTW,216,850,2024Q1
WTW,217,850,2024Q2
WTW,218,850,2024Q3
WTW,219,850,2024Q4
WTW,220,850,2025Q1
WTW,221,850,2025Q2
WTW,222,850,2025Q3
WTW,223,850,2025Q4
WTW,224,850,2026Q1
WTW,225,850,2026Q2
WU,187,851,2016Q4
WU,188,851,2017Q1
WU,189,851,2017Q2
WU,190,851,2017Q3
WU,191,851,2017Q4
WU,192,851,2018Q1
WU,193,851,2018Q2
WU,194,851,2018Q3
WU,195,851,2018Q4
WU,196,851,2019Q1
WU,197,851,2019Q2
WU,198,851,2019Q3
WU,199,851,2019Q4
WU,200,851,2020Q1
WU,201,851,2020Q2
WU,202,851,2020Q3
WU,203,851,2020Q4
WU,204,851,2021Q1
WU,205,851,2021Q2
WU,206,851,2021Q3
WY,187,852,2016Q4
WY,188,852,2017Q1
WY,189,852,2017Q2
WY,190,852,2017Q3
WY,191,852,2017Q4
WY,192,852,2018Q1
WY,193,852,2018Q2
WY,194,852,2018Q3
WY,195,852,2018Q4
WY,196,852,2019Q1
WY,197,852,2019Q2
WY,198,852,2019Q3
WY,199,852,2019Q4
WY,200,852,2020Q1
WY,201,852,2020Q2
WY,202,852,2020Q3
WY,203,852,2020Q4
WY,204,852,2021Q1
WY,205,852,2021Q2
WY,206,852,2021Q3
WY,207,852,2021Q4
WY,208,852,2022Q1
WY,209,852,2022Q2
WY,210,852,2022Q3
WY,211,852,2022Q4
WY,212,852,2023Q1
WY,213,852,2023Q2
WY,214,852,2023Q3
WY,215,852,2023Q4
WY,216,852,2024Q1
WY,217,852,2024Q2
WY,218,852,2024Q3
WY,219,852,2024Q4
WY,220,852,2025Q1
WY,221,852,2025Q2
WY,222,852,2025Q3
WY,223,852,2025Q4
WY,224,852,2026Q1
WY,225,852,2026Q2
WYN,187,853,2016Q4
WYN,188,853,2017Q1
WYN,189,853,2017Q2
WYN,190,853,2017Q3
WYN,191,853,2017Q4
WYN,192,853,2018Q1
WYNN,187,854,2016Q4
WYNN,188,854,2017Q1
WYNN,189,854,2017Q2
WYNN,190,854,2017Q3
WYNN,191,854,2017Q4
WYNN,192,854,2018Q1
WYNN,193,854,2018Q2
WYNN,194,854,2018Q3
WYNN,195,854,2018Q4
WYNN,196,854,2019Q1
WYNN,197,854,2019Q2
WYNN,198,854,2019Q3
WYNN,199,854,2019Q4
WYNN,200,854,2020Q1
WYNN,201,854,2020Q2
WYNN,202,854,2020Q3
WYNN,203,854,2020Q4
WYNN,204,854,2021Q1
WYNN,205,854,2021Q2
WYNN,206,854,2021Q3
WYNN,207,854,2021Q4
WYNN,208,854,2022Q1
WYNN,209,854,2022Q2
WYNN,210,854,2022Q3
WYNN,211,854,2022Q4
WYNN,212,854,2023Q1
WYNN,213,854,2023Q2
WYNN,214,854,2023Q3
WYNN,215,854,2023Q4
WYNN,216,854,2024Q1
WYNN,217,854,2024Q2
WYNN,218,854,2024Q3
WYNN,219,854,2024Q4
WYNN,220,854,2025Q1
WYNN,221,854,2025Q2
WYNN,222,854,2025Q3
WYNN,223,854,2025Q4
WYNN,224,854,2026Q1
WYNN,225,854,2026Q2
XEC,187,856,2016Q4
XEC,188,856,2017Q1
XEC,189,856,2017Q2
XEC,190,856,2017Q3
XEC,191,856,2017Q4
XEC,192,856,2018Q1
XEC,193,856,2018Q2
XEC,194,856,2018Q3
XEC,195,856,2018Q4
XEC,196,856,2019Q1
XEC,197,856,2019Q2
XEC,198,856,2019Q3
XEC,199,856,2019Q4
XEL,187,857,2016Q4
XEL,188,857,2017Q1
XEL,189,857,2017Q2
XEL,190,857,2017Q3
XEL,191,857,2017Q4
XEL,192,857,2018Q1
XEL,193,857,2018Q2
XEL,194,857,2018Q3
XEL,195,857,2018Q4
XEL,196,857,2019Q1
XEL,197,857,2019Q2
XEL,198,857,2019Q3
XEL,199,857,2019Q4
XEL,200,857,2020Q1
XEL,201,857,2020Q2
XEL,202,857,2020Q3
XEL,203,857,2020Q4
XEL,204,857,2021Q1
XEL,205,857,2021Q2
XEL,206,857,2021Q3
XEL,207,857,2021Q4
XEL,208,857,2022Q1
XEL,209,857,2022Q2
XEL,210,857,2022Q3
XEL,211,857,2022Q4
XEL,212,857,2023Q1
XEL,213,857,2023Q2
XEL,214,857,2023Q3
XEL,215,857,2023Q4
XEL,216,857,2024Q1
XEL,217,857,2024Q2
XEL,218,857,2024Q3
XEL,219,857,2024Q4
XEL,220,857,2025Q1
XEL,221,857,2025Q2
XEL,222,857,2025Q3
XEL,223,857,2025Q4
XEL,224,857,2026Q1
XEL,225,857,2026Q2
XL,187,858,2016Q4
XL,188,858,2017Q1
XL,189,858,2017Q2
XL,190,858,2017Q3
XL,191,858,2017Q4
XL,192,858,2018Q1
XL,193,858,2018Q2
XLNX,187,859,2016Q4
XLNX,188,859,2017Q1
XLNX,189,859,2017Q2
XLNX,190,859,2017Q3
XLNX,191,859,2017Q4
XLNX,192,859,2018Q1
XLNX,193,859,2018Q2
XLNX,194,859,2018Q3
XLNX,195,859,2018Q4
XLNX,196,859,2019Q1
XLNX,197,859,2019Q2
XLNX,198,859,2019Q3
XLNX,199,859,2019Q4
XLNX,200,859,2020Q1
XLNX,201,859,2020Q2
XLNX,202,859,2020Q3
XLNX,203,859,2020Q4
XLNX,204,859,2021Q1
XLNX,205,859,2021Q2
XLNX,206,859,2021Q3
XLNX,207,859,2021Q4
XOM,187,860,2016Q4
XOM,188,860,2017Q1
XOM,189,860,2017Q2
XOM,190,860,2017Q3
XOM,191,860,2017Q4
XOM,192,860,2018Q1
XOM,193,860,2018Q2
XOM,194,860,2018Q3
XOM,195,860,2018Q4
XOM,196,860,2019Q1
XOM,197,860,2019Q2
XOM,198,860,2019Q3
XOM,199,860,2019Q4
XOM,200,860,2020Q1
XOM,201,860,2020Q2
XOM,202,860,2020Q3
XOM,203,860,2020Q4
XOM,204,860,2021Q1
XOM,205,860,2021Q2
XOM,206,860,2021Q3
XOM,207,860,2021Q4
XOM,208,860,2022Q1
XOM,209,860,2022Q2
XOM,210,860,2022Q3
XOM,211,860,2022Q4
XOM,212,860,2023Q1
XOM,213,860,2023Q2
XOM,214,860,2023Q3
XOM,215,860,2023Q4
XOM,216,860,2024Q1
XOM,217,860,2024Q2
XOM,218,860,2024Q3
XOM,219,860,2024Q4
XOM,220,860,2025Q1
XOM,221,860,2025Q2
XOM,222,860,2025Q3
XOM,223,860,2025Q4
XOM,224,860,2026Q1
XOM,225,860,2026Q2
XRAY,187,861,2016Q4
XRAY,188,861,2017Q1
XRAY,189,861,2017Q2
XRAY,190,861,2017Q3
XRAY,191,861,2017Q4
XRAY,192,861,2018Q1
XRAY,193,861,2018Q2
XRAY,194,861,2018Q3
XRAY,195,861,2018Q4
XRAY,196,861,2019Q1
XRAY,197,861,2019Q2
XRAY,198,861,2019Q3
XRAY,199,861,2019Q4
XRAY,200,861,2020Q1
XRAY,201,861,2020Q2
XRAY,202,861,2020Q3
XRAY,203,861,2020Q4
XRAY,204,861,2021Q1
XRAY,205,861,2021Q2
XRAY,206,861,2021Q3
XRAY,207,861,2021Q4
XRAY,208,861,2022Q1
XRAY,209,861,2022Q2
XRAY,210,861,2022Q3
XRAY,211,861,2022Q4
XRAY,212,861,2023Q1
XRAY,213,861,2023Q2
XRAY,214,861,2023Q3
XRAY,215,861,2023Q4
XRAY,216,861,2024Q1
XRX,187,862,2016Q4
XRX,188,862,2017Q1
XRX,189,862,2017Q2
XRX,190,862,2017Q3
XRX,191,862,2017Q4
XRX,192,862,2018Q1
XRX,193,862,2018Q2
XRX,194,862,2018Q3
XRX,195,862,2018Q4
XRX,196,862,2019Q1
XRX,197,862,2019Q2
XRX,198,862,2019Q3
XRX,199,862,2019Q4
XRX,200,862,2020Q1
XRX,201,862,2020Q2
XRX,202,862,2020Q3
XRX,203,862,2020Q4
XYL,187,864,2016Q4
XYL,188,864,2017Q1
XYL,189,864,2017Q2
XYL,190,864,2017Q3
XYL,191,864,2017Q4
XYL,192,864,2018Q1
XYL,193,864,2018Q2
XYL,194,864,2018Q3
XYL,195,864,2018Q4
XYL,196,864,2019Q1
XYL,197,864,2019Q2
XYL,198,864,2019Q3
XYL,199,864,2019Q4
XYL,200,864,2020Q1
XYL,201,864,2020Q2
XYL,202,864,2020Q3
XYL,203,864,2020Q4
XYL,204,864,2021Q1
XYL,205,864,2021Q2
XYL,206,864,2021Q3
XYL,207,864,2021Q4
XYL,208,864,2022Q1
XYL,209,864,2022Q2
XYL,210,864,2022Q3
XYL,211,864,2022Q4
XYL,212,864,2023Q1
XYL,213,864,2023Q2
XYL,214,864,2023Q3
XYL,215,864,2023Q4
XYL,216,864,2024Q1
XYL,217,864,2024Q2
XYL,218,864,2024Q3
XYL,219,864,2024Q4
XYL,220,864,2025Q1
XYL,221,864,2025Q2
XYL,222,864,2025Q3
XYL,223,864,2025Q4
XYL,224,864,2026Q1
XYL,225,864,2026Q2
XYZ,222,865,2025Q3
XYZ,223,865,2025Q4
XYZ,224,865,2026Q1
XYZ,225,865,2026Q2
YHOO,187,866,2016Q4
YHOO,188,866,2017Q1
YUM,187,867,2016Q4
YUM,188,867,2017Q1
YUM,189,867,2017Q2
YUM,190,867,2017Q3
YUM,191,867,2017Q4
YUM,192,867,2018Q1
YUM,193,867,2018Q2
YUM,194,867,2018Q3
YUM,195,867,2018Q4
YUM,196,867,2019Q1
YUM,197,867,2019Q2
YUM,198,867,2019Q3
YUM,199,867,2019Q4
YUM,200,867,2020Q1
YUM,201,867,2020Q2
YUM,202,867,2020Q3
YUM,203,867,2020Q4
YUM,204,867,2021Q1
YUM,205,867,2021Q2
YUM,206,867,2021Q3
YUM,207,867,2021Q4
YUM,208,867,2022Q1
YUM,209,867,2022Q2
YUM,210,867,2022Q3
YUM,211,867,2022Q4
YUM,212,867,2023Q1
YUM,213,867,2023Q2
YUM,214,867,2023Q3
YUM,215,867,2023Q4
YUM,216,867,2024Q1
YUM,217,867,2024Q2
YUM,218,867,2024Q3
YUM,219,867,2024Q4
YUM,220,867,2025Q1
YUM,221,867,2025Q2
YUM,222,867,2025Q3
YUM,223,867,2025Q4
YUM,224,867,2026Q1
YUM,225,867,2026Q2
ZBH,187,868,2016Q4
ZBH,188,868,2017Q1
ZBH,189,868,2017Q2
ZBH,190,868,2017Q3
ZBH,191,868,2017Q4
ZBH,192,868,2018Q1
ZBH,193,868,2018Q2
ZBH,194,868,2018Q3
ZBH,195,868,2018Q4
ZBH,196,868,2019Q1
ZBH,197,868,2019Q2
ZBH,198,868,2019Q3
ZBH,199,868,2019Q4
ZBH,200,868,2020Q1
ZBH,201,868,2020Q2
ZBH,202,868,2020Q3
ZBH,203,868,2020Q4
ZBH,204,868,2021Q1
ZBH,205,868,2021Q2
ZBH,206,868,2021Q3
ZBH,207,868,2021Q4
ZBH,208,868,2022Q1
ZBH,209,868,2022Q2
ZBH,210,868,2022Q3
ZBH,211,868,2022Q4
ZBH,212,868,2023Q1
ZBH,213,868,2023Q2
ZBH,214,868,2023Q3
ZBH,215,868,2023Q4
ZBH,216,868,2024Q1
ZBH,217,868,2024Q2
ZBH,218,868,2024Q3
ZBH,219,868,2024Q4
ZBH,220,868,2025Q1
ZBH,221,868,2025Q2
ZBH,222,868,2025Q3
ZBH,223,868,2025Q4
ZBH,224,868,2026Q1
ZBH,225,868,2026Q2
ZBRA,199,869,2019Q4
ZBRA,200,869,2020Q1
ZBRA,201,869,2020Q2
ZBRA,202,869,2020Q3
ZBRA,203,869,2020Q4
ZBRA,204,869,2021Q1
ZBRA,205,869,2021Q2
ZBRA,206,869,2021Q3
ZBRA,207,869,2021Q4
ZBRA,208,869,2022Q1
ZBRA,209,869,2022Q2
ZBRA,210,869,2022Q3
ZBRA,211,869,2022Q4
ZBRA,212,869,2023Q1
ZBRA,213,869,2023Q2
ZBRA,214,869,2023Q3
ZBRA,215,869,2023Q4
ZBRA,216,869,2024Q1
ZBRA,217,869,2024Q2
ZBRA,218,869,2024Q3
ZBRA,219,869,2024Q4
ZBRA,220,869,2025Q1
ZBRA,221,869,2025Q2
ZBRA,222,869,2025Q3
ZBRA,223,869,2025Q4
ZBRA,224,869,2026Q1
ZBRA,225,869,2026Q2
ZION,187,870,2016Q4
ZION,188,870,2017Q1
ZION,189,870,2017Q2
ZION,190,870,2017Q3
ZION,191,870,2017Q4
ZION,192,870,2018Q1
ZION,193,870,2018Q2
ZION,194,870,2018Q3
ZION,195,870,2018Q4
ZION,196,870,2019Q1
ZION,197,870,2019Q2
ZION,198,870,2019Q3
ZION,199,870,2019Q4
ZION,200,870,2020Q1
ZION,201,870,2020Q2
ZION,202,870,2020Q3
ZION,203,870,2020Q4
ZION,204,870,2021Q1
ZION,205,870,2021Q2
ZION,206,870,2021Q3
ZION,207,870,2021Q4
ZION,208,870,2022Q1
ZION,209,870,2022Q2
ZION,210,870,2022Q3
ZION,211,870,2022Q4
ZION,212,870,2023Q1
ZION,213,870,2023Q2
ZION,214,870,2023Q3
ZION,215,870,2023Q4
ZTS,187,871,2016Q4
ZTS,188,871,2017Q1
ZTS,189,871,2017Q2
ZTS,190,871,2017Q3
ZTS,191,871,2017Q4
ZTS,192,871,2018Q1
ZTS,193,871,2018Q2
ZTS,194,871,2018Q3
ZTS,195,871,2018Q4
ZTS,196,871,2019Q1
ZTS,197,871,2019Q2
ZTS,198,871,2019Q3
ZTS,199,871,2019Q4
ZTS,200,871,2020Q1
ZTS,201,871,2020Q2
ZTS,202,871,2020Q3
ZTS,203,871,2020Q4
ZTS,204,871,2021Q1
ZTS,205,871,2021Q2
ZTS,206,871,2021Q3
ZTS,207,871,2021Q4
ZTS,208,871,2022Q1
ZTS,209,871,2022Q2
ZTS,210,871,2022Q3
ZTS,211,871,2022Q4
ZTS,212,871,2023Q1
ZTS,213,871,2023Q2
ZTS,214,871,2023Q3
ZTS,215,871,2023Q4
ZTS,216,871,2024Q1
ZTS,217,871,2024Q2
ZTS,218,871,2024Q3
ZTS,219,871,2024Q4
ZTS,220,871,2025Q1
ZTS,221,871,2025Q2
ZTS,222,871,2025Q3
ZTS,223,871,2025Q4
ZTS,224,871,2026Q1
ZTS,225,871,2026Q2
